geocode,Distance2Center,minDist_subcenter,Build_Density,Urb_Build_Density,Pop_Density,Urb_Pop_Density,SF_share,m2cap,Pop_2018,transit_access,Car_HH,Car_cap,Inc_HH,Inc_cap,HH_size,share_65+,tCO2cap_res,tCO2cap_mob,tCO2cap_energy,Region,Country,pkm_cap_Car,pkm_cap_Transit,Pop_2017,city_size,Country_France,Country_Germany,Population,Income_cap_stand,City_Pop,clean_intersection_density_km,street_density_km,bike_lane_share
10115,1.972959421,2.761333518,8762171.911,9010181.3,105.7135241,108.7056984,0.620220829,42.49919815,25109.16429,94.28305236,0.536876067,0.266870073,3347.603191,1664.024834,2.01175074,0.062208398,1.566629491,0.2475,1.814129491,Berlin,Germany,901.0191,1325.3056,0,3,0,1,25109.16429,1,3748148,39.38086734,8886.023374,0.0965
10117,0.475295148,3.47954095,15005781.68,16134572.87,51.85030068,55.75067481,0.826228608,48.8327716,17635.33402,105.260238,0.525050553,0.333901995,2412.541497,1534.237825,1.572469051,0.160850056,1.839368468,0.2658,2.105168468,Berlin,Germany,1021.5326,1306.9586,0,3,0,1,17635.33402,1,3748148,51.62362402,11421.68254,0.1669
10119,2.441003095,2.130129309,10410935.01,10410935.01,190.9988508,190.9988508,0.443493032,41.35795287,18640.39932,95.79619785,0.426802886,0.239521571,2863.114003,1606.778183,1.781897485,0.063402322,1.609698123,0.186,1.795698123,Berlin,Germany,649.0157,759.7936,0,3,0,1,18640.39932,1,3748148,52.64385374,11693.44705,0.0696
10178,2.001692669,3.082076327,9892035.629,10417996.79,81.8169319,86.16715166,0.374402136,39.76875839,15184.2835,149.8091655,0.426969255,0.26566815,2313.179321,1439.302866,1.607152584,0.187770823,1.520131333,0.231,1.751131333,Berlin,Germany,634.8054,1444.5721,0,3,0,1,15184.2835,1,3748148,55.50049697,12047.22762,0.1097
10179,2.290878991,2.157930533,8909344.9,9623802.806,122.0819128,131.8719017,0.18381623,35.34294254,26548.12335,92.84436447,0.610115228,0.400555651,2273.476063,1492.592943,1.523172191,0.210110585,1.296572178,0.318,1.614572178,Berlin,Germany,1409.3781,1273.8679,0,3,0,1,26548.12335,1,3748148,46.11438351,11114.03757,0.1808
10243,3.920692844,1.080441938,9079025.529,10798400.7,111.3437265,132.4298704,0.216611655,36.97738951,31801.3683,70.35207748,0.442576622,0.302787064,2286.750987,1564.471737,1.461676125,0.155365622,1.400566214,0.2966,1.697166214,Berlin,Germany,1097.439,1461.6847,0,3,0,1,31801.3683,1,3748148,35.70804033,9879.523487,0.1561
10245,5.401818192,0.817197552,5535276.279,8090550.852,103.658119,151.5102844,0.583168814,38.76452314,34980.71627,54.87377877,0.372814133,0.237494634,2255.590975,1436.884242,1.569779185,0.051467632,1.579827888,0.2752,1.855027888,Berlin,Germany,917.2083,1791.1037,0,3,0,1,34980.71627,1,3748148,40.40109706,9402.638527,0.0676
10247,5.698647696,0.828686154,8799846.296,9166440.093,222.3314399,231.5935706,0.741764643,37.15703799,40098.18708,57.43428116,0.412009609,0.232822013,2334.150496,1319.002289,1.769633393,0.046823489,1.436540513,0.2422,1.678740513,Berlin,Germany,771.9366,1736.0849,0,3,0,1,40098.18708,1,3748148,49.58316457,11700.88309,0.1107
10249,4.422989976,1.473895747,6322666.832,6523150.848,127.3102581,131.3471103,1.134567715,36.81713405,29372.33519,75.18284831,0.486157452,0.285879417,2440.728525,1435.242933,1.700568224,0.136519473,1.401216106,0.2606,1.661816106,Berlin,Germany,983.3703,1120.3251,0,3,0,1,29372.33519,1,3748148,44.48201595,10380.70216,0.1189
10315,9.013880557,3.469647795,3608824.376,3706370.57,77.58967063,79.68691237,1.510408485,34.82921577,27970.27337,49.81541234,0.57041411,0.37835143,1960.572822,1300.433347,1.50763038,0.207704598,1.28692716,0.3834,1.67032716,Berlin,Germany,1415.551,2066.4637,0,3,0,1,27970.27337,1,3748148,30.40284577,7413.827189,0.087
10317,7.599145904,2.788076509,3722346.271,5434855.147,62.70130336,91.54777026,2.214403015,36.91755377,26380.72971,35.14217324,0.714467722,0.321788946,2818.26325,1269.316912,2.220299142,0.06998726,1.470099587,0.3241,1.794199587,Berlin,Germany,1162.1121,1745.2699,0,3,0,1,26380.72971,1,3748148,26.32192687,6857.907482,0.0373
10318,10.16754688,2.31871003,1961839.696,2044676.298,41.13762566,42.8746183,17.17243899,39.86510812,27708.922,23.85408733,0.815917038,0.400767814,2943.691954,1445.903121,2.03588464,0.160486167,1.528035707,0.5286,2.056635707,Berlin,Germany,2199.5322,2209.4688,0,3,0,1,27708.922,1,3748148,44.6860619,9269.136571,0.0059
10319,9.121181822,3.577325346,2708484.799,2769878.291,70.94666584,72.55482092,0.454247464,34.7423388,25324.30472,35.92737216,0.541547511,0.335117089,1810.856179,1120.582846,1.615994914,0.318265609,1.199208622,0.3422,1.541408622,Berlin,Germany,1341.7377,1620.997,0,3,0,1,25324.30472,0,3748148,28.36238632,7163.162868,0.1229
10365,7.713141835,1.9926497,6362041.165,6564954.561,65.96681583,68.07078691,2.544663184,33.68814763,31688.38666,47.73824952,0.478405048,0.290473957,1967.464248,1194.588409,1.646980863,0.158132033,1.238768475,0.3472,1.585968475,Berlin,Germany,1126.4793,2306.3486,0,3,0,1,31688.38666,0,3748148,29.58666199,6770.454206,0.0579
10367,6.850865137,1.530771708,4991763.626,4991763.626,119.0584003,119.0584003,1.480086725,33.62115997,20242.01447,54.29408876,0.521411884,0.344507248,2021.160559,1335.421159,1.513500475,0.208617189,1.211054195,0.3522,1.563254195,Berlin,Germany,1272.0661,1922.5985,0,3,0,1,20242.01447,1,3748148,31.62712144,7851.507373,0.034
10369,6.114839243,1.590679399,4986590.659,5090803.917,135.7050661,138.5411254,0.073361337,33.5090154,21233.95551,65.92764307,0.52326763,0.321670818,2031.415774,1248.781953,1.626717754,0.296035713,1.234404816,0.3868,1.621204816,Berlin,Germany,1501.7769,1827.3964,0,3,0,1,21233.95551,0,3748148,38.97277545,10016.63053,0.1027
10405,3.737171956,1.704998035,8657843.515,8893653.218,172.3846644,177.0798262,0.153740067,41.00281706,32319.09915,74.412751,0.457671123,0.256479146,2620.119983,1468.316661,1.784437957,0.076532809,1.50950551,0.2565,1.76600551,Berlin,Germany,901.0835,1231.8788,0,3,0,1,32319.09915,1,3748148,50.19530241,12177.84498,0.0371
10407,4.636928296,2.496368848,5662565.07,5737735.233,93.35448236,94.59375672,1.757590229,37.11289971,25762.00945,61.90924042,0.505190408,0.292069194,2477.221609,1432.17311,1.72969426,0.110554313,1.434507888,0.2632,1.697707888,Berlin,Germany,952.0465,1639.4406,0,3,0,1,25762.00945,1,3748148,38.97277545,9402.871956,0.009
10409,5.186236509,1.734495287,6912046.833,6966330.483,129.6542415,130.6724791,0.002684124,36.35837546,22729.68588,52.01170849,0.453851799,0.301561613,1974.717414,1312.100049,1.505005213,0.252892419,1.442857214,0.3653,1.808157214,Berlin,Germany,1435.2921,1735.2735,0,3,0,1,22729.68588,1,3748148,51.62362402,12250.34107,0.0241
10435,3.36005714,1.223664239,10074332.2,10074332.2,196.7067904,196.7067904,0.312826494,41.96908615,17058.13736,66.10036026,0.358087379,0.180205812,2752.888835,1385.378528,1.987102282,0.051072865,1.567940731,0.2195,1.787440731,Berlin,Germany,854.6003,1098.2345,0,3,0,1,17058.13736,1,3748148,46.5224754,11047.94872,0.0369
10437,4.117160284,0.421288679,10972773.96,11054175.2,223.0557229,224.7104561,0.125119916,40.40101815,32822.91412,66.78877713,0.326505372,0.202274208,2791.721436,1729.506741,1.614172047,0.047278973,1.547759776,0.2495,1.797259776,Berlin,Germany,703.1024,1719.9406,0,3,0,1,32822.91412,2,3748148,50.39934835,11658.2179,0.0389
10439,4.793850692,0.321795392,9722977.4,10636635.42,179.296628,196.1449447,0.272234257,39.5898273,30276.06545,67.48496471,0.495218719,0.310798923,2312.768078,1451.491635,1.593373343,0.087081502,1.626085047,0.2459,1.871985047,Berlin,Germany,747.5231,1837.988,0,3,0,1,30276.06545,1,3748148,59.37736992,12864.25737,0.0312
10551,3.521214597,2.793691312,6912255.961,7829447.778,197.537689,223.7490957,0.121905778,35.23263562,19849.28578,48.90015661,0.420531059,0.24574533,2069.67344,1209.453077,1.711247405,0.117413704,1.464621952,0.2904,1.755021952,Berlin,Germany,1045.648,1647.3604,0,3,0,1,19849.28578,0,3748148,34.89185655,9278.49677,0.1239
10553,4.536433848,2.716297537,10948726.89,13262636.58,73.01576177,88.4469512,0.140789704,32.03075341,11674.61678,27.32203496,0.383672334,0.265893975,1549.809549,1074.054564,1.442952343,0.090527377,1.383962989,0.2069,1.590862989,Berlin,Germany,386.9868,2089.7381,0,3,0,1,11674.61678,0,3748148,25.70978904,6699.047307,0.1478
10555,3.301733078,1.964772475,7709778.148,8706473.746,180.674679,204.0317268,0.221440894,39.45746362,17516.66703,56.16782218,0.457820601,0.26479811,2550.547377,1475.206933,1.728942103,0.148751177,1.708334783,0.3603,2.068634783,Berlin,Germany,1300.9356,1418.5045,0,3,0,1,17516.66703,1,3748148,35.0959025,9643.050969,0.098
10557,1.735020499,3.21289094,5083230.851,5645075.501,48.64436256,54.02097748,0.459258529,39.35349805,18400.13511,69.40940484,0.555802034,0.345382921,2607.5763,1620.383272,1.609234275,0.171636634,1.594054535,0.3468,1.940854535,Berlin,Germany,1453.9905,998.4572,0,3,0,1,18400.13511,1,3748148,28.36238632,8180.518604,0.1215
10559,2.808711095,3.207783276,8279880.9,8965817.41,145.7565633,157.8315858,0.224400798,35.34013223,17972.71686,51.5147709,0.330003465,0.187776815,2130.994296,1212.567033,1.75742391,0.105022831,1.469835642,0.2733,1.743135642,Berlin,Germany,1098.8119,1543.5495,0,3,0,1,17972.71686,0,3748148,36.72827005,10009.09429,0.1605
10585,5.190580488,1.466957352,8619083.81,8619083.81,187.0829661,187.0829661,0.229717502,40.07631602,14470.608,60.78728271,0.512791492,0.303125946,2341.396675,1384.067582,1.691677997,0.187471776,1.657203515,0.2591,1.916303515,Berlin,Germany,893.7578,1456.3581,0,3,0,1,14470.608,1,3748148,46.31842946,12146.68777,0.0618
10587,4.177132639,1.333668774,7778735.003,8324077.052,85.25575029,91.23275626,0.253795729,39.66866043,12467.105,50.26508926,0.502696893,0.319058573,2179.256078,1383.160199,1.575563033,0.197884302,1.677457226,0.3613,2.038757226,Berlin,Germany,1270.0566,1341.9134,0,3,0,1,12467.105,1,3748148,38.36063761,9840.550711,0.1183
10589,5.373357072,2.515577117,6750358.49,7767883.529,84.37624029,97.09481478,0.13854408,37.76269773,15392.98946,37.77330482,0.497072938,0.329762298,2142.776683,1421.535774,1.507367399,0.162188348,1.696317519,0.4238,2.120117519,Berlin,Germany,1385.517,2149.8118,0,3,0,1,15392.98946,1,3748148,30.19879982,7466.254754,0.0788
10623,3.79559861,0.364058736,10879549.19,11458316.64,81.46680932,85.80065962,0.257701583,46.89206707,9520.411481,124.4551009,0.825431914,0.489653575,2640.450105,1566.338557,1.685746732,0.218075262,1.952036337,0.2872,2.239236337,Berlin,Germany,1001.067,1477.0961,0,3,0,1,9520.411481,1,3748148,39.17682139,10419.13625,0.2174
10625,4.547617208,0.585543827,10107325.13,10207278.32,170.85566,172.5452829,0.217271552,41.44910655,10765.54103,88.94501114,0.506432908,0.343912427,2238.610115,1520.212895,1.472563562,0.213703799,1.769653052,0.3146,2.084253052,Berlin,Germany,1066.1193,1096.8359,0,3,0,1,10765.54103,1,3748148,46.72652135,12516.91955,0.1667
10627,5.360386458,1.307476656,10566292.67,12135570.93,188.9509674,217.013473,0.187189547,39.61441699,13612.51217,91.03895687,0.612587037,0.388746225,2339.873439,1484.877921,1.575801893,0.159483671,1.700006289,0.3802,2.080206289,Berlin,Germany,1537.1439,1612.864,0,3,0,1,13612.51217,1,3748148,48.76698079,12860.10116,0.0872
10629,5.076230026,0.976098779,12021414.45,12068976.45,200.3341845,201.1267944,0.359374477,50.22841963,12807.46001,100.2319126,0.496303839,0.32950025,2637.764353,1751.233712,1.506232055,0.23782235,2.092984896,0.4239,2.516884896,Berlin,Germany,1755.1041,1714.8063,0,3,0,1,12807.46001,2,3748148,51.01148619,13145.6,0.1473
10707,4.943352627,1.135756338,11383156.3,11383156.3,161.8693035,161.8693035,0.202295292,48.23773107,13815.92721,82.24762827,0.750523694,0.427293129,2647.89431,1507.516758,1.756460945,0.254358584,2.058766828,0.4123,2.471066828,Berlin,Germany,1696.7032,1049.5513,0,3,0,1,13815.92721,1,3748148,54.07217536,13869.68948,0.1614
10709,5.807194926,1.913499093,8117134.121,8309531.547,105.4012567,107.8995436,0.838632678,41.2730709,10292.48629,65.8197421,0.64555215,0.399526408,2373.306731,1468.818147,1.615793443,0.249438623,1.732562121,0.3253,2.057862121,Berlin,Germany,1524.8779,823.8753,0,3,0,1,10292.48629,1,3748148,52.03171591,13762.57515,0.1487
10711,6.278136657,2.19440549,6126668.457,7322668.472,110.4043323,131.9565975,0.431809018,44.68749684,11572.54399,67.40139963,0.50490265,0.31060881,2692.791409,1656.56634,1.625525851,0.227559055,2.004773991,0.4925,2.497273991,Berlin,Germany,2044.8144,1829.8046,0,3,0,1,11572.54399,1,3748148,45.29819973,12122.42038,0.1348
10713,5.527486996,1.768214399,6033249.926,6194977.29,103.000847,105.7618888,1.121105687,37.90086463,13264.36244,48.37490755,0.485623021,0.299785165,2256.300139,1392.860882,1.619903444,0.181573896,1.731579833,0.287,2.018579833,Berlin,Germany,815.0377,1578.4043,0,3,0,1,13264.36244,1,3748148,51.21553213,13829.60873,0.069
10715,5.021949543,1.471681518,6921160.61,6997217.932,151.0226361,152.6822389,0.266705346,39.50439896,17834.26417,51.39400539,0.649537939,0.389147408,2381.718527,1426.921408,1.669130839,0.204988662,1.715353083,0.3545,2.069853083,Berlin,Germany,1387.2971,1352.9872,0,3,0,1,17834.26417,1,3748148,69.17157527,16472.46099,0.068
10717,4.521528795,1.770705295,8807316.753,8807316.753,207.7018415,207.7018415,0.205063717,43.26691057,17100.77347,53.1291381,0.484811486,0.330364809,2161.652972,1473.013928,1.467503417,0.242509633,2.025877039,0.3483,2.374177039,Berlin,Germany,1670.2325,1271.3547,0,3,0,1,17100.77347,1,3748148,58.96927803,14423.22185,0.095
10719,4.130453171,0.841490094,10717969.6,10719258.56,138.867303,138.8840034,0.220739996,47.27741981,12203.32385,104.8542934,0.702641887,0.42919838,2471.751916,1509.833013,1.637102842,0.259458421,1.967131162,0.3908,2.357931162,Berlin,Germany,1664.6656,1408.0324,0,3,0,1,12203.32385,1,3748148,52.03171591,13117.84261,0.1589
10777,3.235681617,1.70722025,9687052.055,9687052.055,186.5346103,186.5346103,0.22082449,41.65394555,12843.97471,89.77270925,0.461656343,0.291995791,2880.831026,1822.114103,1.581037665,0.217490321,1.793651924,0.2851,2.078751924,Berlin,Germany,1314.8521,916.2605,0,3,0,1,12843.97471,2,3748148,64.68256448,14444.75971,0.1601
10779,3.766622239,1.982432831,7949702.571,7949702.571,170.4255574,170.4255574,0.113544139,44.58324282,8813.741806,50.17398305,0.458124082,0.303290381,2242.945091,1484.889572,1.51051306,0.225932994,1.980464492,0.2661,2.246564492,Berlin,Germany,1109.6413,1317.4636,0,3,0,1,8813.741806,1,3748148,65.29470232,14934.99724,0.1139
10781,2.930651774,2.526807688,8727170.928,8727170.928,203.0695355,203.0695355,0.132210817,39.8723906,14431.26106,63.09417434,0.548432746,0.322820417,2567.619537,1511.361265,1.69887875,0.168589426,1.71048064,0.3277,2.03818064,Berlin,Germany,1373.32,1155.0189,0,3,0,1,14431.26106,1,3748148,62.84615098,12997.39266,0.188
10783,2.351062129,2.973268491,7141527.669,7217575.058,190.8351566,192.867287,0.179752412,36.25873251,12071.30004,90.70940643,0.483154032,0.288767818,2340.411099,1398.79906,1.673157472,0.144280156,1.651391571,0.1625,1.813891571,Berlin,Germany,575.7081,879.1647,0,3,0,1,12071.30004,1,3748148,50.80744024,10573.6276,0.2529
10785,1.425153362,2.954852885,5950563.401,6142429.594,41.29677257,42.62831952,1.585369455,41.34543958,12620.84989,71.5460951,0.458563154,0.26939374,2733.693833,1605.972915,1.702204195,0.134224599,1.81503625,0.2619,2.07693625,Berlin,Germany,893.1964,1187.0668,0,3,0,1,12620.84989,1,3748148,40.605143,9380.40915,0.1854
10787,2.741552764,1.466018664,5126043.48,5411339.475,44.65390102,47.13916655,0.421720835,41.85753285,6464.303165,108.0534103,0.536668245,0.398947931,1484.605272,1103.624458,1.345208745,0.196823673,1.723254072,0.405,2.128254072,Berlin,Germany,1986.5901,1291.1915,0,3,0,1,6464.303165,0,3748148,44.6860619,11074.92012,0.1413
10789,3.262870085,1.179750395,14577864.34,14577864.34,119.3080955,119.3080955,0.298313446,46.30374846,5358.225472,151.2434666,0.531294725,0.349026905,2568.658648,1687.445663,1.522217103,0.20944638,1.895657752,0.687,2.582657752,Berlin,Germany,2851.6663,1648.7839,0,3,0,1,5358.225472,1,3748148,53.05194563,12409.03821,0.1564
10823,3.593043907,2.851662917,10281999.74,10281999.74,207.6990605,207.6990605,0.097824356,39.96164326,10273.42381,69.07166855,0.486430706,0.258311382,2457.392051,1304.959429,1.883117587,0.144878633,1.771479299,0.3271,2.098579299,Berlin,Germany,1260.6742,1200.4947,0,3,0,1,10273.42381,1,3748148,61.82592126,13164.41528,0.1411
10825,4.238851113,2.167278659,7740384.833,7740384.833,167.8454503,167.8454503,0.074095681,41.11835212,11686.67298,63.31463802,0.603496689,0.368923757,2734.696793,1671.748384,1.635830379,0.208391478,1.796716693,0.3382,2.134916693,Berlin,Germany,1368.4601,1138.9316,0,3,0,1,11686.67298,1,3748148,64.2744726,14438.38369,0.0627
10827,3.723320738,2.870043143,8936136.284,9772994.152,176.3217443,192.8340528,0.119709757,38.87112127,15292.80014,74.90342456,0.359047353,0.205891141,2262.899888,1297.631182,1.743869845,0.122494022,1.764725376,0.1733,1.938025376,Berlin,Germany,521.754,1223.0448,0,3,0,1,15292.80014,1,3748148,56.92881858,12833.1069,0.1399
10829,4.119867473,3.021001631,5247294.67,6087253.137,64.00750777,74.2534824,0.325282364,38.37313031,16783.06029,54.6195166,0.388090227,0.222963005,2709.879928,1556.862116,1.74060368,0.102869045,1.644403191,0.2395,1.883903191,Berlin,Germany,817.7056,1566.3582,0,3,0,1,16783.06029,1,3748148,39.78895923,10514.06679,0.1104
10961,2.587211744,1.896650769,7276798.321,7434140.598,147.3704825,150.5569948,0.216812934,38.47180381,21136.56676,68.88320965,0.514294968,0.305815682,2337.440549,1389.914391,1.681715481,0.096938028,1.5972353,0.2678,1.8650353,Berlin,Germany,1032.2711,796.2946,0,3,0,1,21136.56676,1,3748148,37.74849978,9949.696316,0.1015
10963,1.468584966,2.956954827,6923462.604,7253112.797,96.25712728,100.8402647,0.310247995,35.52318742,14230.25678,99.78233197,0.48996795,0.317639539,2671.768007,1732.070756,1.542528212,0.103303583,1.523147099,0.2553,1.778447099,Berlin,Germany,1102.808,1130.2189,0,3,0,1,14230.25678,2,3748148,40.80918895,10277.05477,0.1562
10965,2.914820398,2.66900015,4052428.522,4235357.815,69.9048371,73.06038749,1.402472628,40.90057595,21501.91515,40.72688998,0.575480739,0.294047507,2945.072358,1504.813499,1.957101235,0.105003144,1.729738903,0.3271,2.056838903,Berlin,Germany,1346.9755,1128.2388,0,3,0,1,21501.91515,1,3748148,35.91208628,9299.03073,0.1675
10967,3.496763517,0.64756425,8050123.637,8237594.555,174.8715106,178.9439105,0.206932891,37.8879396,21773.61411,57.5775013,0.442583839,0.240968138,2575.598991,1402.304463,1.836690291,0.100533094,1.648376461,0.2265,1.874876461,Berlin,Germany,764.131,1141.7573,0,3,0,1,21773.61411,1,3748148,37.54445383,10363.76818,0.1025
10969,1.677931611,1.951585966,7387141.852,7480798.135,142.4198584,144.2254978,0.342950431,30.04018577,28099.28471,72.61421914,0.467086123,0.319819842,1940.045449,1328.373929,1.460466369,0.133293295,1.432430644,0.2386,1.671030644,Berlin,Germany,741.5601,1207.6227,0,3,0,1,28099.28471,1,3748148,45.50224568,11178.41672,0.122
10997,3.888338166,1.01035828,7598312.261,7791848.303,168.114309,172.396336,0.180536726,35.62383262,26387.75186,57.65461507,0.371148074,0.219675345,2310.807097,1367.72189,1.689529951,0.093284841,1.549790015,0.187,1.736790015,Berlin,Germany,655.7944,899.3118,0,3,0,1,26387.75186,1,3748148,39.58491328,10055.81204,0.0727
10999,3.478965798,0.303535367,8144407.783,8677926.135,193.0610044,205.707914,0.233349079,34.92530633,27346.60413,57.36699758,0.316640041,0.200309923,2268.595694,1435.138235,1.580750647,0.099463396,1.484620627,0.2529,1.737520627,Berlin,Germany,977.4462,1103.9307,0,3,0,1,27346.60413,1,3748148,44.07392407,11166.24538,0.0481
12043,5.241114211,1.488637188,11832597.33,11832597.33,281.6576596,281.6576596,0.341831246,32.7112846,20089.03957,65.68655057,0.32848436,0.212752909,1990.102062,1288.950261,1.543971185,0.093651711,1.373561718,0.2053,1.578861718,Berlin,Germany,621.2652,1235.5797,0,3,0,1,20089.03957,1,3748148,62.23401315,13027.76367,0.0617
12045,5.030193886,1.446371381,8775931.978,9168558.647,236.6165253,247.2025187,0.118955795,34.71477355,15906.89116,61.62560521,0.345865988,0.193175558,2133.232307,1191.468244,1.790423134,0.095324503,1.52393634,0.183,1.70693634,Berlin,Germany,592.0367,1201.8929,0,3,0,1,15906.89116,0,3748148,54.88835914,12564.62733,0.0662
12047,4.063374159,0.500213095,10464769.17,10734059.35,310.9575722,318.9594515,0.113532361,35.31433322,16175.17275,70.69545557,0.319428936,0.177224087,2286.27405,1268.460009,1.802401365,0.082476811,1.5421086,0.1811,1.7232086,Berlin,Germany,584.3596,1087.2931,0,3,0,1,16175.17275,1,3748148,44.6860619,11365.68539,0.0776
12049,4.904393625,1.501480512,6856557.458,6856557.458,170.4073705,170.4073705,0.091646958,33.31885515,19899.91656,36.36102453,0.362119754,0.216870345,2200.86062,1318.076121,1.669752289,0.088337706,1.451616199,0.253,1.704616199,Berlin,Germany,762.8453,1671.7714,0,3,0,1,19899.91656,1,3748148,38.56468356,8171.585269,0.0662
12051,6.176747301,0.360040182,5397851.908,5852040.1,160.7468194,174.2724419,0.184412303,30.67948923,24641.70458,51.81530547,0.358964859,0.214938432,2026.673371,1213.517101,1.67008225,0.103364564,1.357258893,0.3353,1.692558893,Berlin,Germany,1362.4303,1648.0879,0,3,0,1,24641.70458,0,3748148,47.74675107,10169.3428,0.0761
12053,5.187994128,1.308799746,9667238.924,9667238.924,220.4402622,220.4402622,0.138630868,31.73054286,17406.28353,58.58665816,0.262926812,0.159992787,2232.822415,1358.68791,1.643366661,0.116315956,1.471076441,0.2885,1.759576441,Berlin,Germany,920.6602,1578.1164,0,3,0,1,17406.28353,1,3748148,56.11263481,11654.0672,0.0852
12055,6.499152694,0.906779074,7643254.34,8297710.042,159.2931087,172.9326239,0.434783748,32.87153512,13729.1739,53.02114121,0.336639965,0.183492504,2257.057173,1230.255211,1.834625167,0.080965999,1.449055326,0.272,1.721055326,Berlin,Germany,804.8073,1816.2067,0,3,0,1,13729.1739,0,3748148,48.15484296,10949.89526,0.1424
12057,7.622223844,1.331042483,5138064.126,5357339.29,55.79195793,58.17296961,3.72299235,26.65848469,17775.42039,30.15550874,0.427207914,0.259762411,1654.034234,1005.730246,1.644610212,0.131944444,1.287438524,0.244,1.531438524,Berlin,Germany,1046.1371,803.3651,0,3,0,1,17775.42039,0,3748148,23.46528365,6927.72323,0.1314
12059,5.822701453,1.797769217,6092497.034,6757123.291,153.2214918,169.9363176,0.122538617,32.64160784,18655.33208,38.07073826,0.313390542,0.199577018,1902.060835,1211.29255,1.570273701,0.112158835,1.415861584,0.2946,1.710461584,Berlin,Germany,870.1138,1693.3227,0,3,0,1,18655.33208,0,3748148,46.31842946,10435.89169,0.0623
12099,6.155823288,2.691996726,3003595.391,3106806.472,25.26933863,26.13765658,0.817509688,33.03217095,15976.68563,25.73625876,0.664337287,0.401245325,2492.053904,1505.146554,1.655688543,0.155952015,1.678780104,0.3772,2.055980104,Berlin,Germany,1433.8669,1289.8382,0,3,0,1,15976.68563,1,3748148,19.38436475,5650.52845,0.0971
12101,3.704803215,3.285051789,5745933.589,5982050.694,73.23485232,76.24428518,10.87784972,36.0499495,17086.79712,45.71423693,0.709574048,0.398331673,2348.959605,1318.629131,1.781364866,0.201492537,1.362000458,0.4354,1.797400458,Berlin,Germany,1680.8877,1244.8563,0,3,0,1,17086.79712,1,3748148,34.68781061,8793.89112,0.1101
12103,5.303855621,3.464943438,19895086.12,21112154.99,100.1789653,106.307348,0.596722251,36.21196176,21762.30787,44.66108298,0.564186064,0.379817333,2111.022972,1421.167886,1.485414209,0.195538432,1.534830347,0.3394,1.874230347,Berlin,Germany,1219.3702,1391.5562,0,3,0,1,21762.30787,1,3748148,32.03521333,8383.297016,0.0984
12105,7.393325663,1.630175718,3484608.225,3803523.357,64.72386201,70.64746021,2.944413815,36.23093268,22103.9736,38.51457778,0.636084675,0.388182343,2195.060737,1339.576086,1.638623413,0.229744007,1.569670587,0.4672,2.036870587,Berlin,Germany,1824.1836,1937.1094,0,3,0,1,22103.9736,1,3748148,32.44330521,8250.320886,0.0652
12107,9.153849031,0.723808268,2689806.327,2693133.916,48.36438827,48.42422038,24.54822587,38.1107795,21232.89864,29.1984073,0.857848759,0.519100936,2308.984553,1397.211372,1.652566389,0.287585632,1.734976541,0.5379,2.272876541,Berlin,Germany,2261.2104,1764.7662,0,3,0,1,21232.89864,1,3748148,26.93406471,7051.217957,0.0593
12109,7.458844961,2.074465939,1845602.183,1861928.884,53.86695414,54.34347594,7.675786228,36.57546615,16093.57863,28.07293106,0.692358261,0.441813633,2086.765457,1331.624796,1.567082157,0.251449592,1.726029486,0.5025,2.228529486,Berlin,Germany,1868.7759,2360.9907,0,3,0,1,16093.57863,1,3748148,26.52597282,6883.059409,0.0098
12157,6.074639835,1.68172633,3287122.03,3371686.406,89.72182655,92.03000686,0.214718937,37.32444882,18639.41823,48.05249436,0.661458921,0.375795625,2358.784681,1340.099794,1.760155991,0.170031404,1.612343764,0.2856,1.897943764,Berlin,Germany,1056.8241,1498.628,0,3,0,1,18639.41823,1,3748148,44.07392407,11690.32596,0.0358
12159,5.467220965,1.157366355,6621280.632,7390054.483,151.6336215,169.2392736,0.55866048,43.85462342,15228.58988,59.73329787,0.657195467,0.341470335,2782.13177,1445.559981,1.924604863,0.213383674,1.942357901,0.386,2.328357901,Berlin,Germany,1660.074,1386.1395,0,3,0,1,15228.58988,1,3748148,66.31493204,16508.14638,0.0483
12161,6.134893307,0.501784543,8713721.478,8713721.478,192.5147651,192.5147651,0.493572447,43.94603264,18601.88413,62.856849,0.626625893,0.335523073,2691.182892,1440.977724,1.867608949,0.189056624,1.903967881,0.2686,2.172567881,Berlin,Germany,813.1915,1632.1808,0,3,0,1,18601.88413,1,3748148,71.00798877,16567.98489,0.0527
12163,6.977491,0.867488708,9110345.003,9117598.58,138.0915802,138.2015275,2.283674754,41.94215265,18597.2851,66.27168658,0.662731404,0.369411201,2676.031065,1491.638762,1.794020867,0.216922006,1.832978841,0.4399,2.272878841,Berlin,Germany,1916.4345,1613.497,0,3,0,1,18597.2851,1,3748148,69.57966716,15472.8297,0.059
12165,7.826816515,1.674430044,4122010.585,4276799.838,78.19786702,81.13434407,5.25790599,43.23857156,7354.985768,68.51448626,0.8836027,0.545795324,3000.328078,1853.282062,1.618926843,0.218978102,1.932076389,0.5212,2.453276389,Berlin,Germany,1858.3218,1779.8221,0,3,0,1,7354.985768,2,3748148,53.05194563,12085.80067,0.0303
12167,7.91009327,2.592264889,4075573.262,4103695.923,124.8408805,125.7023195,2.87083365,40.93035661,20567.54136,50.80936547,0.574880498,0.332993422,2249.433665,1302.960558,1.726401962,0.226777707,1.763506968,0.3693,2.132806968,Berlin,Germany,1092.7216,2299.5039,0,3,0,1,20567.54136,1,3748148,44.6860619,9972.543748,0.0382
12169,7.168643592,2.226342273,2980922.853,3032868.254,81.79080788,83.21609011,2.306175711,39.22520288,17424.49572,56.81507969,0.715927884,0.431866683,2239.049014,1350.653734,1.657752063,0.221789004,1.680150436,0.5676,2.247750436,Berlin,Germany,2243.2621,1547.7105,0,3,0,1,17424.49572,1,3748148,51.62362402,12345.57686,0.0277
12203,9.091499425,2.985030034,3389796.441,3474650.666,65.49660325,67.13613046,8.249664392,42.42685031,20821.12841,33.47123623,0.790845683,0.454389046,2639.838598,1516.748171,1.740459391,0.232195078,2.027034581,0.4985,2.525534581,Berlin,Germany,1975.7222,1600.9899,0,3,0,1,20821.12841,1,3748148,39.17682139,9260.058771,0.0129
12205,10.57423444,4.297583424,2512868.691,2560085.783,59.77069714,60.89379541,30.83996744,45.59173162,18309.75463,28.49101627,0.998665205,0.518067687,2711.824622,1406.78648,1.927673219,0.253279143,2.208771098,0.6729,2.881671098,Berlin,Germany,2967.5372,1240.0565,0,3,0,1,18309.75463,1,3748148,41.62537273,9995.628282,0.0833
12207,11.12039104,4.377559425,1698625.744,2232341.681,38.99321624,51.2450622,12.38011347,40.06121388,21440.16004,27.44540001,0.724744329,0.498946931,2028.608303,1396.586144,1.452547923,0.272811918,1.911907698,0.5852,2.497107698,Berlin,Germany,2414.3915,2130.9135,0,3,0,1,21440.16004,1,3748148,42.23751056,9167.85857,0.0632
12209,11.04390143,3.484560666,1605500.355,1611648.759,52.75123379,52.95324925,34.2716483,44.21361454,15842.74943,27.44320547,0.941029964,0.442434498,2536.877513,1192.737929,2.126936229,0.28883403,2.296236798,0.5167,2.812936798,Berlin,Germany,2226.5357,1523.1633,0,3,0,1,15842.74943,0,3748148,44.07392407,10072.88661,0.0358
12247,8.684028572,2.207559088,2536296.47,2668117.114,61.12291096,64.29969314,9.437986179,39.90161493,21008.05794,48.67074015,0.765752104,0.420069792,2516.318429,1380.380612,1.822916381,0.271958175,1.893727307,0.5175,2.411227307,Berlin,Germany,2097.9229,2039.3326,0,3,0,1,21008.05794,1,3748148,38.97277545,9304.607918,0.0392
12249,9.76367724,1.726060881,2382392.142,2392557.616,62.67729745,62.9447364,15.78080145,38.44579157,24486.91108,34.60549968,0.863010475,0.505938274,2288.56138,1341.664822,1.70576238,0.248024956,1.763962504,0.5359,2.299862504,Berlin,Germany,1953.139,1618.095,0,3,0,1,24486.91108,1,3748148,36.52422411,9166.253545,0.0184
12277,10.8689629,1.891338394,4723355.669,5100315.586,34.59030001,37.35087057,17.23867075,36.80093994,23041.9265,27.9472865,0.774177957,0.464531019,2493.264766,1496.036939,1.666579682,0.247295528,1.712471795,0.5552,2.267671795,Berlin,Germany,2533.117,1733.405,0,3,0,1,23041.9265,1,3748148,29.38261604,7658.929423,0.061
12279,11.52429445,2.823933627,2980108.193,3087233.394,59.98736612,62.14371692,10.14754078,34.72110638,10314.96058,42.52563877,0.785184071,0.456479127,1874.303527,1089.655876,1.720087569,0.285714286,1.544798136,0.5425,2.087298136,Berlin,Germany,2229.7322,1896.8955,0,3,0,1,10314.96058,0,3748148,26.52597282,6960.231218,0.024
12305,12.59919548,3.969475386,1601618.495,1619072.923,53.00715446,53.58482609,34.02775505,42.71772119,21326.70123,27.97791188,1.037532137,0.546729217,2442.066031,1286.850597,1.897707502,0.293588778,2.107386794,0.8178,2.925186794,Berlin,Germany,3871.8545,1243.9515,0,3,0,1,21326.70123,1,3748148,38.7687295,10261.01023,0.0606
12307,13.72807155,4.831961382,1262587.442,1627971.323,32.64165283,42.08791644,37.78641799,43.85517879,13589.17914,14.13458085,1.104169445,0.500157044,2739.121877,1240.743535,2.207645496,0.271160257,2.266554359,0.5926,2.859154359,Berlin,Germany,2683.9335,2061.6093,0,3,0,1,13589.17914,0,3748148,27.3421566,6938.254449,0.0528
12309,13.84345707,5.396884769,1569213.049,1715458.007,59.86107673,65.43991172,32.09064749,39.8371031,17625.78087,16.84239631,0.988461931,0.515760183,2395.063116,1249.697283,1.916514621,0.242525101,1.847386979,0.7549,2.602286979,Berlin,Germany,3605.4396,1836.9767,0,3,0,1,17625.78087,0,3748148,28.15834038,7668.526928,0.0518
12347,7.454763784,1.49887312,2892945.511,3002423.754,44.9339165,46.63435856,10.56322479,33.16750443,17932.37188,26.07908569,0.750298453,0.383481394,2042.751745,1044.060913,1.956544605,0.183639804,1.481635156,0.6321,2.113735156,Berlin,Germany,3216.0432,1384.3887,0,3,0,1,17932.37188,0,3748148,27.13811065,7133.102003,0.0887
12349,10.56907538,2.895217496,1166259.065,1230341.532,35.31994377,37.26066962,25.43380053,38.11947215,22956.68408,24.99871327,0.850968398,0.438283301,2065.129975,1063.625845,1.941594392,0.272248116,1.726686386,0.6661,2.392786386,Berlin,Germany,3096.0397,1626.9071,0,3,0,1,22956.68408,0,3748148,21.4248242,5899.036618,0
12351,10.51908146,0.488375505,9488022.011,9603915.806,62.42412952,63.18662451,15.4688879,37.24267193,20819.62994,47.65042503,0.869891743,0.499986784,2006.373236,1153.201086,1.739829472,0.292103221,1.687786655,0.5554,2.243186655,Berlin,Germany,2398.3934,1494.7622,0,3,0,1,20819.62994,0,3748148,24.28146742,8106.972488,0.0414
12353,11.13401415,0.603661218,5829565.504,5934221.296,121.1554224,123.3304758,6.188694295,35.25403981,33198.06324,43.30661761,0.748943615,0.421875116,1862.165777,1048.945991,1.775273268,0.254928381,1.495015421,0.5582,2.053215421,Berlin,Germany,2447.9652,2002.193,0,3,0,1,33198.06324,0,3748148,23.05719176,7734.326032,0.0231
12355,13.65331453,3.177958722,1553791.344,1672192.347,34.58147177,37.21662671,48.24313973,40.56597073,27774.8088,16.53832399,1.09426629,0.575573943,2669.189336,1403.968891,1.901174131,0.252224891,1.884315905,0.8535,2.737815905,Berlin,Germany,4223.4715,1621.966,0,3,0,1,27774.8088,1,3748148,28.36238632,8016.10736,0.0541
12357,12.38466894,2.386400517,3114629.772,3294117.734,42.12916743,44.55696108,51.79204958,42.47760348,15954.81769,32.80716175,1.166588225,0.618428132,2582.076029,1368.802138,1.886376386,0.266978297,2.054281519,0.8714,2.925681519,Berlin,Germany,3966.0638,1663.2443,0,3,0,1,15954.81769,1,3748148,34.48376466,9781.655094,0.0399
12359,8.539949308,2.167030812,2296305.76,2381002.242,50.9494544,52.82866387,14.20672516,34.51036803,24372.15515,35.09567624,0.648855969,0.394347749,2099.318824,1275.878921,1.645390319,0.23669401,1.636360687,0.4955,2.131860687,Berlin,Germany,2101.6365,1679.168,0,3,0,1,24372.15515,1,3748148,26.32192687,6904.054309,0.0514
12435,5.796174305,2.28369918,3082530.755,3254718.248,48.65378914,51.37154759,0.509242524,35.76425514,19132.67317,34.02427777,0.432315189,0.269675209,2307.221255,1439.228579,1.603095775,0.138641189,1.308798306,0.377,1.685798306,Berlin,Germany,1391.3073,1642.334,0,3,0,1,19132.67317,1,3748148,29.38261604,6888.173821,0.0375
12437,8.689880527,0.264660784,1687879.371,1855490.521,35.43691519,38.95590016,7.41884118,36.80930488,22869.60679,21.8079059,0.590331658,0.362409239,1917.773858,1177.336426,1.628908963,0.241435077,1.425004529,0.4056,1.830604529,Berlin,Germany,1667.2024,1759.8347,0,3,0,1,22869.60679,0,3748148,18.97627286,6103.102559,0.0944
12439,11.63459089,1.487676667,3233389.563,4223527.663,36.22178562,47.31372777,7.674062031,34.27826095,12520.42945,33.72200282,0.772804082,0.432816704,2331.590087,1305.830496,1.785522772,0.190125455,1.310111247,0.5763,1.886411247,Berlin,Germany,2589.8745,2178.1268,0,3,0,1,12520.42945,1,3748148,27.3421566,7211.391983,0.0595
12459,10.93370661,0.654269811,2621194.589,3116843.676,28.80374822,34.25033031,2.05857442,34.27645784,23307.78456,27.18336011,0.708745022,0.364198161,2173.92448,1117.100328,1.946042288,0.125378297,1.329753295,0.4589,1.788653295,Berlin,Germany,1691.3013,2104.0663,0,3,0,1,23307.78456,0,3748148,24.07742148,6725.186001,0.0348
12487,11.48765035,2.294144141,1771331.07,2026174.995,31.96929235,36.56875998,16.73490068,38.49070252,20344.4293,26.86055032,0.703176442,0.377022713,2291.596441,1228.687221,1.865077135,0.241409997,1.514821948,0.7082,2.223021948,Berlin,Germany,3147.2541,1758.0353,0,3,0,1,20344.4293,0,3748148,24.28146742,5991.310275,0.0615
12489,14.0785662,0.849129491,3246544.767,3663375.654,31.85768776,35.94796502,10.43926799,37.26387031,19543.77529,21.25506505,0.641878533,0.353014825,2482.279878,1365.182901,1.81827642,0.17978332,1.41312028,0.5524,1.96552028,Berlin,Germany,2503.3626,1795.0241,0,3,0,1,19543.77529,1,3748148,39.17682139,9619.700767,0.1091
12524,15.68423449,3.019565368,1077400.425,1218411.697,34.95922232,39.53472115,39.53937487,37.88674976,28168.45291,14.61058753,1.027706044,0.559600319,2523.222453,1373.929927,1.836500104,0.175344536,1.630459699,0.7792,2.409659699,Berlin,Germany,3577.4391,1897.4066,0,3,0,1,28168.45291,1,3748148,45.29819973,10195.05952,0.0536
12526,17.76644987,4.178604199,831542.6378,1095341.828,18.89741853,24.89244931,65.45055238,40.16209231,12035.41074,5.892669889,1.029440959,0.551274631,2366.525079,1267.294863,1.867383154,0.220866333,1.863709748,0.8995,2.763209748,Berlin,Germany,4314.6891,1289.1898,0,3,0,1,12035.41074,1,3748148,34.89185655,8446.179691,0.0626
12527,19.77013926,5.420114554,194664.9089,1098738.376,4.159217856,23.47568598,41.59289713,45.62446094,10898.13636,2.78996976,0.993805125,0.561602377,2538.347343,1434.428005,1.769588529,0.264332084,2.022066571,1.0329,3.054966571,Berlin,Germany,4653.1134,3082.0504,0,3,0,1,10898.13636,1,3748148,1.020229724,130.7461119,0
12555,14.77317334,0.472560425,2228276.591,3212328.237,30.12732508,43.43215625,13.56768597,41.39197598,30445.02291,24.75277596,0.711945097,0.415290999,2337.02886,1363.233001,1.714328261,0.241211718,1.688280172,0.5601,2.248380172,Berlin,Germany,2181.5588,2813.3237,0,3,0,1,30445.02291,1,3748148,25.30169715,6116.21496,0.1084
12557,16.00396505,1.711564434,1396098.906,2498892.483,29.60687489,52.99366457,14.47478935,39.14965604,23967.91359,12.96265353,0.898900085,0.499353108,2298.2543,1276.71634,1.80012915,0.246635079,1.509750308,0.7023,2.212050308,Berlin,Germany,3018.0598,1770.89,0,3,0,1,23967.91359,1,3748148,22.24100798,5811.059148,0.0502
12559,18.28445143,3.183202934,191887.2948,1348573.855,4.770987484,33.5302501,37.03377605,41.404991,17949.63242,3.515145248,0.858554909,0.524841388,2053.287696,1255.190966,1.635836898,0.3224884,1.812164808,0.8192,2.631364808,Berlin,Germany,3280.7396,2716.4005,0,3,0,1,17949.63242,0,3748148,1.020229724,350.3856559,0
12587,17.93235634,2.875697805,619399.4032,2079332.308,12.49397684,41.94245192,12.79759401,39.30852384,19111.92454,7.891318152,0.765509646,0.415613797,2434.673945,1321.843673,1.841877368,0.300109643,1.575324582,0.5958,2.171124582,Berlin,Germany,2418.3018,1761.1521,0,3,0,1,19111.92454,1,3748148,21.01673231,4950.816953,0.0227
12589,23.75344696,8.641864944,179078.8348,687795.8139,4.419446171,16.97395775,74.9255782,47.75772924,9477,3.7077931,1.04299154,0.491011904,2666.280995,1255.212202,2.124167523,0.276564314,2.210142271,0.8046,3.014742271,Berlin,Germany,3578.4045,4043.5945,0,3,0,1,9477,0,3748148,30.40284577,8062.383756,0.0329
12619,14.1437012,1.559011825,3435830.767,3477204.359,101.0765479,102.2936916,3.523720779,33.58408253,27167.51799,24.1467004,0.750703456,0.469065101,1883.076325,1176.610257,1.600424877,0.187167505,1.363393456,0.4755,1.838893456,Berlin,Germany,1808.7845,2886.1026,0,3,0,1,27167.51799,0,3748148,35.29994844,8804.921028,0.0144
12621,14.00738649,3.423537043,727646.0857,874516.7033,21.11471725,25.37658524,73.01839681,45.17361736,17249.68641,16.26710918,1.10983119,0.500472156,2610.331927,1177.114556,2.2175683,0.228519729,2.12719024,0.6706,2.79779024,Berlin,Germany,3122.3455,1905.019,0,3,0,1,17249.68641,0,3748148,35.29994844,8478.232452,0.0157
12623,15.97329049,3.591007348,892886.1755,958040.2669,22.32432997,23.95334101,80.95308056,46.2876828,30013.45716,7.973977107,1.378009305,0.604913822,3098.552094,1360.191824,2.278025819,0.217830668,2.088694171,0.9407,3.029394171,Berlin,Germany,3965.0912,2524.2575,0,3,0,1,30013.45716,1,3748148,28.77047821,7169.890058,0.0717
12627,15.68718034,0.423992829,3728752.25,3795224.511,99.17655613,100.9445711,0.502347996,31.92487134,39519.51922,22.38721809,0.742569772,0.375759256,2141.092167,1083.447282,1.976184908,0.122157522,1.117020613,0.5404,1.657420613,Berlin,Germany,2074.1875,2640.9947,0,3,0,1,39519.51922,0,3748148,36.52422411,9042.376027,0.0609
12629,14.49002789,1.308846946,2369771.135,2369771.135,96.77748652,96.77748652,0.406829767,31.8836178,16116.36243,28.52595975,0.62813365,0.45343123,1539.215316,1111.114321,1.385289782,0.122169563,1.143912668,0.5099,1.653812668,Berlin,Germany,1804.7226,2852.9371,0,3,0,1,16116.36243,0,3748148,29.58666199,8000.163006,0.0427
12679,12.35763536,0.817547016,6707142.057,6707142.057,121.0997076,121.0997076,0.664988374,35.00222451,27677.32541,47.42108439,0.683955783,0.440845209,1757.920185,1133.071332,1.551464709,0.235585822,1.323524547,0.5369,1.860424547,Berlin,Germany,2307.1567,2027.6154,0,3,0,1,27677.32541,0,3748148,35.29994844,10193.34431,0.0003
12681,10.88908969,2.474378952,4301191.586,5040374.501,22.45991548,26.31977279,5.672547524,35.58308089,20069.07047,30.30263325,0.593664335,0.360162856,1997.669035,1211.941062,1.648321934,0.266323852,1.367421125,0.3889,1.756321125,Berlin,Germany,1434.2918,2451.0622,0,3,0,1,20069.07047,0,3748148,24.07742148,7149.276725,0.0342
12683,12.18863547,3.772869328,1128064.048,1259056.793,21.80309492,24.33490795,55.12320387,41.6439569,27561.47996,18.24681228,1.123356039,0.494133433,2766.036431,1216.703368,2.273386022,0.240217786,1.909208289,0.631,2.540208289,Berlin,Germany,2707.2291,1913.1713,0,3,0,1,27561.47996,0,3748148,27.3421566,8577.064146,0.0394
12685,12.44030283,1.593361834,2068309.967,2092502.432,56.14776894,56.80451427,8.612220191,36.97719055,19484.63211,29.72937644,0.858051035,0.521014958,2014.089127,1222.96987,1.646883686,0.270817271,1.465842019,0.6004,2.066242019,Berlin,Germany,2700.7696,1614.1582,0,3,0,1,19484.63211,0,3748148,43.46178623,11213.93499,0.0115
12687,13.25081191,0.341697291,5060187.731,5198728.271,119.9517857,123.2358901,0.989388148,33.55898214,19618.9847,38.33102528,0.741236954,0.446019142,1697.228015,1021.260717,1.661894938,0.220905923,1.237680438,0.7021,1.939780438,Berlin,Germany,3083.5522,1977.9894,0,3,0,1,19618.9847,0,3748148,31.21902955,9140.033641,0.0208
12689,13.9124659,1.555966383,2468348.942,2549041.791,80.05233516,82.66932779,1.028500154,31.98139209,24264.97594,23.14196665,0.546683416,0.355115664,1683.021575,1093.26039,1.539451708,0.137071013,1.113586712,0.5177,1.631286712,Berlin,Germany,2090.7163,2581.5411,0,3,0,1,24264.97594,0,3748148,29.38261604,8258.264802,0.058
13051,9.986865911,3.428411779,1212712.99,2604782.326,33.19723895,71.30424266,4.572545685,33.11768,23931.98189,20.09626109,0.797017134,0.450482092,2058.28485,1163.363277,1.769253758,0.185335873,1.150891013,0.4985,1.649391013,Berlin,Germany,1962.1025,2307.7609,0,3,0,1,23931.98189,0,3748148,27.75024849,8068.302925,0.0176
13053,9.150893651,1.642992705,3090308.618,3277075.283,36.13045776,38.31404714,18.54892784,36.72568318,23238.46872,43.66816343,0.925373931,0.475002947,2443.676324,1254.361525,1.948143558,0.205509059,1.412947411,0.577,1.989947411,Berlin,Germany,2527.2002,1684.4505,0,3,0,1,23238.46872,0,3748148,37.13636194,9156.722559,0.0178
13055,8.150528099,0.535763116,5466525.248,5615894.094,92.49406633,95.02139974,3.806288733,35.21339597,29754.01897,45.56131912,0.703626984,0.410513256,2093.101473,1221.166785,1.714017691,0.21391978,1.26766098,0.51,1.77766098,Berlin,Germany,2041.1839,1858.4385,0,3,0,1,29754.01897,0,3748148,33.25948899,8280.992052,0.0091
13057,11.68346662,2.56132986,1323766.523,2086240.229,36.5011669,57.52540303,4.695046614,33.89623246,17173,18.95604548,0.753151598,0.452963459,1894.920912,1139.650945,1.662720432,0.135911023,1.180235881,0.5753,1.755535881,Berlin,Germany,2421.2468,1444.0529,0,3,0,1,17173,0,3748148,10.61038913,3455.325455,0.2398
13059,11.24162544,3.958097424,780425.4945,1922181.289,24.88044787,61.28032936,12.09162726,33.57121011,15858.99679,15.22179728,0.92073717,0.461989016,2250.922368,1129.422645,1.99298498,0.172049768,1.167514564,0.6749,1.842414564,Berlin,Germany,3214.8264,1757.9783,0,3,0,1,15858.99679,0,3748148,20.20054853,6034.793486,0.0338
13086,6.367308906,2.296284426,4358452.783,4441897.262,84.82652923,86.45057012,3.674687312,37.31140613,28098.68762,42.12372099,0.584451843,0.348421118,2322.76718,1384.718259,1.677429444,0.13836478,1.587952449,0.3224,1.910352449,Berlin,Germany,1222.8551,1184.7997,0,3,0,1,28098.68762,1,3748148,47.33865918,10383.6898,0.0505
13088,7.528273854,2.366105346,2371076.226,2702697.1,38.95067274,44.39834921,7.248255748,36.9518734,27005.28388,32.73620617,0.891198088,0.463695838,2567.202981,1335.731478,1.921945409,0.197112841,1.456096901,0.4397,1.895796901,Berlin,Germany,1847.4272,1527.177,0,3,0,1,27005.28388,1,3748148,26.93406471,7343.097723,0.08
13089,7.267081277,2.814138892,1205508.238,1313983.931,19.99909733,21.7986835,51.53726369,42.26764292,7771.498559,17.24170188,0.937281992,0.495090043,2755.827172,1455.679938,1.893154601,0.198668581,1.906439167,0.4628,2.369239167,Berlin,Germany,2323.5181,1055.9551,0,3,0,1,7771.498559,1,3748148,36.932316,8080.103514,0.0127
13125,14.70550764,9.390106241,690582.4735,1513383.062,14.7227937,32.26439632,27.40083558,37.02604963,35397.42952,4.228712146,0.975843085,0.530626827,1944.118001,1057.138367,1.839038352,0.208949449,1.493861363,0.615,2.108861363,Berlin,Germany,2709.4945,2455.768,0,3,0,1,35397.42952,0,3748148,26.93406471,5933.122697,0.022
13127,11.54264846,5.810005833,806421.4965,1623909.085,14.3870902,28.97160676,39.60654348,39.41796863,21619.22399,7.564613139,1.085196151,0.58292403,2406.403591,1292.623899,1.861642504,0.175340502,1.595768598,0.5866,2.182368598,Berlin,Germany,2679.0577,1494.1617,0,3,0,1,21619.22399,1,3748148,22.64909987,6661.801169,0.0014
13129,10.1626982,5.690805865,413562.0654,685240.1915,9.194974641,15.23535815,76.36444476,45.96668645,6997.779516,10.66460555,1.434203081,0.671992693,2576.237402,1207.090358,2.134253981,0.234811402,2.155539886,0.6023,2.757839886,Berlin,Germany,2878.0273,1593.4652,0,3,0,1,6997.779516,0,3748148,21.4248242,6252.094664,0.0596
13156,8.064014608,3.33922439,2545725.084,2545725.084,51.22393316,51.22393316,20.60435366,40.13410964,29626.90697,25.43030019,0.934502607,0.444177297,2826.508591,1343.46436,2.103895476,0.195262234,1.666589501,0.3986,2.065189501,Berlin,Germany,1619.5073,1433.8201,0,3,0,1,29626.90697,1,3748148,33.05544305,8275.053294,0.1228
13158,8.498323948,0.797742339,1752249.221,1765058.731,27.43178659,27.63232185,29.85024163,40.79774742,18964.34798,22.80366999,0.976095957,0.485038924,2643.911402,1313.805197,2.012407477,0.205639281,1.77412118,0.5937,2.36782118,Berlin,Germany,2498.926,1866.5912,0,3,0,1,18964.34798,1,3748148,31.83116738,7181.153803,0.3643
13159,11.92907946,4.582084814,83593.15669,399614.3958,2.055610897,9.826781749,78.65055388,41.61925602,2248.180959,2.579356687,1.311628301,0.736704511,2168.886861,1218.202392,1.780399444,0.238451386,2.013812433,0.6643,2.678112433,Berlin,Germany,2689.5102,538.9476,0,3,0,1,2248.180959,0,3748148,4.897102674,1577.681,0
13187,6.484856798,2.3414339,5055060.077,5303823.473,106.6634344,111.9124241,2.557911577,39.06353694,35403.18875,53.67677193,0.558500432,0.322677843,2668.394717,1541.685203,1.730829816,0.157445834,1.590505504,0.3343,1.924805504,Berlin,Germany,1194.6347,1970.8807,0,3,0,1,35403.18875,1,3748148,43.05369434,9592.883212,0.0347
13189,6.085175483,1.640968533,6414897.41,7457351.014,114.0971309,132.6384976,0.445275415,37.6540854,28448.41505,56.2156881,0.509123901,0.314112786,2269.490601,1400.201433,1.620831509,0.169117906,1.544654493,0.3504,1.895054493,Berlin,Germany,1233.3488,1792.6057,0,3,0,1,28448.41505,1,3748148,52.4398078,11506.71828,0.0198
13347,4.086533767,3.313353726,6748954.869,6784533.799,176.602819,177.5338282,0.086257065,30.10824689,29001.46052,67.35748974,0.238061701,0.154791915,1987.128007,1292.065662,1.537946612,0.123112954,1.279787197,0.1902,1.469987197,Berlin,Germany,413.0815,2009.9713,0,3,0,1,29001.46052,1,3748148,36.32017817,10892.77259,0.0535
13349,5.352001802,3.393099061,4376573.371,4376573.371,99.25529878,99.25529878,0.668765075,33.31625825,14730.6103,39.09130046,0.472001179,0.305272866,1997.957306,1292.204723,1.546161588,0.201416526,1.561522598,0.3131,1.874622598,Berlin,Germany,1024.6344,1723.1369,0,3,0,1,14730.6103,1,3748148,32.8513971,9330.960248,0.1531
13351,5.15245348,3.914376291,1929739.387,1984346.354,43.15682188,44.37805579,1.172227232,33.0447605,11278.60239,26.1374482,0.528527893,0.349481639,1949.413331,1289.02216,1.512319487,0.160422323,1.474148937,0.2684,1.742548937,Berlin,Germany,794.1229,1896.809,0,3,0,1,11278.60239,1,3748148,28.56643226,8196.820243,0.1201
13353,3.775006972,4.307497362,8250779.943,9369120.261,119.8502725,136.0952085,0.216500399,31.01547647,36213.68338,50.13506829,0.296444874,0.178439376,2159.163686,1299.667677,1.661319832,0.07704466,1.299619698,0.211,1.510619698,Berlin,Germany,514.5731,1898.4708,0,3,0,1,36213.68338,1,3748148,34.48376466,9586.324564,0.1575
13355,3.154161935,1.879411977,9587479.739,9625269.275,140.8985832,141.4539421,0.238672418,29.41882162,24085.97276,54.82805827,0.433787388,0.248709509,2172.386284,1245.525209,1.744152802,0.14258478,1.326615187,0.318,1.644615187,Berlin,Germany,1182.7202,1738.8953,0,3,0,1,24085.97276,0,3748148,31.0149836,7819.144666,0.1013
13357,4.094590166,2.283017917,6332708.13,6857868.931,152.2947248,164.9242693,0.93589424,28.769899,30083.49727,67.30225954,0.323087669,0.189638374,1961.554744,1151.347101,1.703704072,0.090397298,1.247823124,0.2623,1.510123124,Berlin,Germany,813.949,1785.9058,0,3,0,1,30083.49727,0,3748148,34.89185655,9288.548074,0.0775
13359,5.098071788,2.343549808,4911539.341,4968274.931,157.2241044,159.0402768,0.579362687,28.20288447,26880.96921,58.09200416,0.283966021,0.169531757,2010.545136,1200.324072,1.675001929,0.103139343,1.263216614,0.2616,1.524816614,Berlin,Germany,539.7831,2799.7377,0,3,0,1,26880.96921,0,3748148,35.91208628,8667.05004,0.0594
13403,7.846022164,2.777851713,5003571.158,5034441.431,86.4672884,87.00076114,4.719111685,33.32059745,30461.12346,27.27259895,0.60312031,0.377297051,1821.513034,1139.493207,1.598529085,0.210229117,1.547469432,0.5193,2.066769432,Berlin,Germany,2326.5993,1400.352,0,3,0,1,30461.12346,0,3748148,27.95429443,7658.488888,0.0712
13405,7.27010889,3.463645035,1732659.708,1822254.634,13.45276696,14.1484025,10.5792117,34.27817107,10670.47201,8.807201596,0.897818382,0.517526494,2137.089164,1231.875269,1.734825933,0.105031754,1.677423337,0.2792,1.956623337,Berlin,Germany,972.4004,2152.7407,0,3,0,1,10670.47201,0,3748148,13.6710783,4368.373925,0.0167
13407,6.989390462,1.389242829,3952842.796,4082424.951,58.48020134,60.39730022,3.459462373,33.51677447,25774.17248,34.76207012,0.509635916,0.332872639,1861.631549,1215.93904,1.53102375,0.216244528,1.551621894,0.4961,2.047721894,Berlin,Germany,2126.2349,1655.9843,0,3,0,1,25774.17248,0,3748148,24.28146742,7638.759277,0.1404
13409,6.014689561,2.294935113,4134709.179,4285890.67,123.1012399,127.6023132,1.035161289,31.71710107,32205.89631,42.41580827,0.664239367,0.404617361,1895.775237,1154.799929,1.641648211,0.151777561,1.394251511,0.3639,1.758151511,Berlin,Germany,1588.6688,1307.9561,0,3,0,1,32205.89631,0,3748148,36.11613222,8876.621957,0.02
13435,10.0492355,1.85127901,4692635.965,4891047.879,80.43723152,83.83824222,10.09349405,34.08867322,16597.42479,45.17513174,0.791198981,0.425636836,1951.759316,1049.976907,1.858859278,0.253704466,1.309604784,0.4017,1.711304784,Berlin,Germany,1829.3502,1000.5409,0,3,0,1,16597.42479,0,3748148,27.75024849,6800.546086,0.0381
13437,9.312745546,1.997661099,2303682.661,2327364.732,37.23458564,37.61736063,20.24109525,37.33379322,16007.21499,38.57483865,0.9115154,0.46603103,2669.048262,1364.605919,1.955911392,0.27943095,1.879336682,0.5152,2.394536682,Berlin,Germany,2332.0236,1635.7163,0,3,0,1,16007.21499,1,3748148,34.27971872,8933.603827,0.039
13439,9.68638719,1.546768284,5449072.66,5901739.136,119.8178778,129.771413,4.904054385,30.77690252,26148.23899,44.14185185,0.786659586,0.426460541,1902.807034,1031.541636,1.844624557,0.188517827,1.277894578,0.486,1.763894578,Berlin,Germany,1852.7534,2086.5004,0,3,0,1,26148.23899,0,3748148,17.75199719,4561.967004,0.1342
13465,14.96251998,5.2084046,748870.4817,1034632.327,21.75003554,30.04964199,58.48968233,53.32833153,17385.19293,8.04916157,1.359090509,0.602008543,3183.713821,1410.224637,2.257593392,0.311915088,2.768521312,0.7238,3.492321312,Berlin,Germany,3529.484,1898.4809,0,3,0,1,17385.19293,1,3748148,44.89010784,10057.73334,0.0027
13467,12.64513173,3.609555676,1018580.914,1279425.305,27.97604169,35.14031648,54.14337789,50.8321817,16085.80707,12.27083643,1.104263973,0.564759648,2497.667481,1277.395478,1.955281292,0.303944316,2.663262717,0.5757,3.238962717,Berlin,Germany,2245.319,2680.7841,0,3,0,1,16085.80707,1,3748148,40.80918895,9441.816165,0.0602
13469,11.05293503,3.069429499,1021049.69,1503145.067,23.72296278,34.92391684,37.5487135,41.2064663,18117.71157,16.92594236,1.046969783,0.489257546,2725.71789,1273.750273,2.139915451,0.22939208,1.951103149,0.5373,2.488403149,Berlin,Germany,2169.0979,2396.6264,0,3,0,1,18117.71157,1,3748148,34.27971872,7925.78581,0.0553
13503,15.12202425,4.540945387,390374.6033,981021.1104,10.5780823,26.58298455,75.4641768,46.77448701,17753.10428,10.15146518,1.203551843,0.549721813,2851.063732,1302.222197,2.189383454,0.280959097,2.323688896,0.9581,3.281788896,Berlin,Germany,4417.0093,1676.1814,0,3,0,1,17753.10428,1,3748148,36.11613222,9189.976743,0.1428
13505,12.71522771,3.718050649,202210.0409,883151.1909,6.295699605,27.49643183,64.92155833,49.56726869,6577.000178,12.37857688,1.232880817,0.620096404,3093.388803,1555.867563,1.988208301,0.297037263,2.75546487,0.794,3.54946487,Berlin,Germany,3731.7473,2625.4918,0,3,0,1,6577.000178,1,3748148,13.05894046,4173.91161,0
13507,10.17897417,0.624198141,2437086.649,5534126.578,24.41198932,55.43464735,7.616934462,38.57679407,21563.52602,16.85463402,0.950025761,0.507950801,2401.731538,1284.135135,1.870310587,0.261764953,1.709928044,0.5231,2.233028044,Berlin,Germany,2179.207,1579.5142,0,3,0,1,21563.52602,1,3748148,34.68781061,8904.89844,0.0465
13509,9.522779378,1.453815115,4235850.036,4275826.012,41.791117,42.18552207,21.58602617,40.13987663,19001.9348,28.91476923,0.624418414,0.394625432,2292.096666,1448.579376,1.582306571,0.253749779,1.837966281,0.486,2.323966281,Berlin,Germany,2046.6386,1316.1482,0,3,0,1,19001.9348,1,3748148,32.03521333,8391.835318,0.1376
13581,14.05156766,1.107877477,3800263.897,4067814.696,45.88443725,49.11484918,15.28992372,37.781147,18089.84774,35.00111548,0.962219633,0.571478001,2078.493767,1234.451494,1.68373871,0.235499873,1.696776804,0.5658,2.262576804,Berlin,Germany,2342.6758,1662.3223,0,3,0,1,18089.84774,0,3748148,25.50574309,6646.186553,0.2126
13583,13.83714156,1.60621629,2372072.614,2373470.292,91.5500209,91.60396422,9.547854068,35.36175107,21547.97104,30.37163368,0.701563362,0.399695584,1996.983198,1137.723843,1.755244219,0.203932993,1.581075428,0.7009,2.281975428,Berlin,Germany,3059.5122,1926.5978,0,3,0,1,21547.97104,0,3748148,32.8513971,8475.125036,0.1484
13585,12.66820278,0.33904409,3459855.451,4050654.917,94.77301849,110.9563098,2.036957755,32.67901558,25412.6917,43.57857999,0.703201419,0.483920755,1855.098729,1276.619689,1.453133415,0.151939224,1.50179537,0.4449,1.94669537,Berlin,Germany,1666.8288,1953.1125,0,3,0,1,25412.6917,1,3748148,34.68781061,8253.907401,0.1623
13587,12.85702461,1.956809998,626740.184,2397268.815,12.86028758,49.19034576,11.75809678,37.11245616,22478.50628,6.932593319,0.791160379,0.473914311,1880.705031,1126.564289,1.669416516,0.268074951,1.705576511,0.4872,2.192776511,Berlin,Germany,2033.7035,1508.8178,0,3,0,1,22478.50628,0,3748148,32.64735116,7721.374419,0.0702
13589,15.32328244,2.960106792,960873.7901,1125368.62,34.12228903,39.96378475,14.10473041,34.43441546,23554.18785,14.57461214,1.023852143,0.564615019,2270.439969,1252.060189,1.813363279,0.238504403,1.644732617,0.7154,2.360132617,Berlin,Germany,3150.0793,1987.4744,0,3,0,1,23554.18785,0,3748148,23.05719176,5981.624826,0.0235
13591,16.47468462,3.444108689,1044148.772,1246165.975,30.42019601,36.30575857,34.60729742,37.47252162,27339.49659,12.63432302,1.189199189,0.53050124,2597.995472,1158.964647,2.241652045,0.221748699,1.652054056,0.9047,2.556754056,Berlin,Germany,4061.6842,2263.9758,0,3,0,1,27339.49659,0,3748148,26.93406471,7529.197011,0.0719
13593,14.43873748,1.775944204,1469895.874,1948615.173,50.01811144,66.30813285,15.18108917,34.64114475,22819.78068,25.23036209,1.0823805,0.546437932,2487.829072,1255.976224,1.980793127,0.221450319,1.867606448,0.6193,2.486906448,Berlin,Germany,2833.126,995.5882,0,3,0,1,22819.78068,0,3748148,25.30169715,6892.312281,0.2896
13595,12.71535731,1.129185197,1490792.748,2309516.081,40.81317808,63.22722672,8.330817738,41.12756798,21607.80658,26.44246961,0.762217142,0.471185218,2099.303532,1297.741467,1.617659284,0.237973319,1.896626817,0.7057,2.602326817,Berlin,Germany,3086.0187,1662.9657,0,3,0,1,21607.80658,1,3748148,23.87337554,6349.052195,0.0356
13597,11.38758833,1.738759075,2522643.58,3913147.942,21.28547513,33.01822495,3.685872384,32.98165583,12327.57168,33.04032336,0.723839498,0.473299877,1949.928943,1275.00797,1.529346473,0.171632556,1.484266521,0.6779,2.162166521,Berlin,Germany,2619.8729,1722.743,0,3,0,1,12327.57168,1,3748148,14.89535397,4692.194431,0.0104
13599,10.38991885,1.991896211,3334182.093,4556870.633,25.67413336,35.08917662,8.470558301,32.75132147,18864.92436,25.09560212,0.646755751,0.383517062,1779.395333,1055.156399,1.686380649,0.202467166,1.375462697,0.5739,1.949362697,Berlin,Germany,2614.3209,1330.7249,0,3,0,1,18864.92436,0,3748148,17.3439053,4343.184045,0.2447
13627,6.393345736,2.199517478,2204981.252,2332899.04,39.34624998,41.62884774,2.434443504,31.93638372,19095.02019,18.2960548,0.588242695,0.389599811,1767.624583,1170.717817,1.509863912,0.225851393,1.354633516,0.3897,1.744333516,Berlin,Germany,1643.6339,1281.5342,0,3,0,1,19095.02019,0,3748148,22.03696203,6822.445317,0.0899
13629,8.654807572,0.500396618,3441130.644,3755331.93,16.8266081,18.36300484,5.058558756,34.758349,10112.0222,16.70691271,0.826672481,0.430845561,2418.866516,1260.666013,1.918721129,0.195635528,1.602744633,0.4355,2.038244633,Berlin,Germany,2015.463,1512.4724,0,3,0,1,10112.0222,0,3748148,16.32367558,4414.493818,0.1303
14050,7.404879334,2.238873248,2772120.191,2864380.978,44.39773506,45.87536578,5.897463654,44.23459632,11670.22775,26.09005619,0.617422299,0.443665397,2142.786017,1539.75652,1.391639515,0.285333563,1.980983156,0.5055,2.486483156,Berlin,Germany,2157.5322,1364.522,0,3,0,1,11670.22775,1,3748148,48.35888891,12155.09814,0.0691
14052,8.201100801,2.437263621,3681348.04,4027449.624,55.94709182,61.2069523,6.171494639,46.90387902,13020.68129,34.26142267,0.809421865,0.459425579,2560.241356,1453.185809,1.761812798,0.288531666,2.116205453,0.5249,2.641105453,Berlin,Germany,2217.9935,1692.5449,0,3,0,1,13020.68129,1,3748148,42.23751056,10747.39863,0.0724
14053,9.712900653,2.862844379,4086526.091,4612820.004,1.648471037,1.860773676,7.27131887,42.83284704,242.2709378,16.09293035,1.5095223,0.377380575,5541.42993,1385.357482,4,0.172774869,1.977495679,0.6331,2.610595679,Berlin,Germany,2832.5071,2332.2858,0,3,0,1,242.2709378,1,3748148,20.60864042,6233.065339,0.0141
14055,7.917762751,3.490793216,2926930.612,5334475.548,14.69761355,26.78712635,28.08504888,49.64400467,11589.50153,18.92855254,0.905653142,0.498363861,2677.437049,1473.343162,1.817252842,0.299595838,2.388868319,0.5965,2.985368319,Berlin,Germany,2996.1226,1159.8643,0,3,0,1,11589.50153,1,3748148,37.74849978,9835.242048,0.1204
14057,6.443631325,2.363787049,8895295.392,9456891.363,151.5193403,161.085369,0.319952215,42.63659437,16372.75473,66.27838897,0.592111773,0.333163711,2952.057877,1661.0353,1.777239699,0.229348113,1.808224152,0.3178,2.126024152,Berlin,Germany,1267.6478,1120.0261,0,3,0,1,16372.75473,1,3748148,46.31842946,12273.65842,0.0763
14059,6.341540903,2.530193325,4578578.383,5120171.66,81.86278904,91.54621749,0.452654309,36.40140924,22920.69182,34.46469537,0.504820431,0.297346,2490.083961,1466.692829,1.697754234,0.188171809,1.575172796,0.3511,1.926272796,Berlin,Germany,1408.348,1426.0871,0,3,0,1,22920.69182,1,3748148,44.27797001,11427.65557,0.0496
14089,17.15694835,7.896520982,399133.6013,814035.2063,7.986812669,16.28914899,78.175819,48.50329527,19877,7.880892946,1.381502019,0.568653813,3246.026766,1336.129424,2.429425404,0.268149117,2.289638271,0.97,3.259638271,Berlin,Germany,4355.43,1909.3548,0,3,0,1,19877,1,3748148,18.16008908,4248.860746,0
14109,18.67097261,12.43736413,241862.6748,964268.2306,4.527922291,18.05211002,43.46467476,52.77178476,11424.5583,4.168099842,1.037846776,0.569771758,2603.870486,1429.509537,1.821513196,0.298854626,2.588348712,0.7884,3.376748712,Berlin,Germany,3558.6385,2377.3424,0,3,0,1,11424.5583,1,3748148,17.54795125,4254.333667,0.0397
14129,14.84820075,8.646099839,322133.5069,1129656.655,7.815672619,27.40797339,32.95481024,50.52718836,16019.10728,5.048259039,0.954313643,0.533252368,2895.07604,1617.713593,1.789609763,0.278815196,2.749580772,0.7176,3.467180772,Berlin,Germany,2994.3525,2523.7016,0,3,0,1,16019.10728,1,3748148,32.23925927,9037.028799,0.0935
14163,12.85642591,6.547205013,1441731.533,1587827.866,31.72589211,34.94080168,30.30253981,48.51661832,19116.20178,23.74656828,1.07134993,0.563511565,2705.576962,1423.086766,1.901203094,0.289312145,2.548408797,0.5933,3.141708797,Berlin,Germany,2627.0757,1783.9612,0,3,0,1,19116.20178,1,3748148,37.54445383,9635.251108,0.0717
14165,13.69417032,7.29794252,1714466.866,1805146.201,42.74354271,45.00427815,25.62563589,42.66611467,14479.19301,18.29583529,0.935756441,0.546539676,2162.9217,1263.280138,1.712147318,0.302149837,2.161068641,0.5843,2.745368641,Berlin,Germany,2419.4962,1868.4718,0,3,0,1,14479.19301,0,3748148,34.48376466,8260.246088,0.1067
14167,12.7568973,6.447941414,2503245.92,2545706.583,31.8616498,32.4020948,31.28912291,43.22980114,18522.15279,19.20010424,1.081990033,0.484619759,3372.798097,1510.665116,2.232657696,0.25823767,1.905766729,0.6452,2.550966729,Berlin,Germany,3121.2667,1602.3137,0,3,0,1,18522.15279,1,3748148,27.3421566,6886.816303,0.1693
14169,11.1911047,4.81805456,1946014.949,3003767.726,35.63957014,55.01139168,22.60977281,45.44275674,18147.41653,27.36610828,0.927572947,0.481121466,3016.966233,1564.865836,1.927939229,0.28405844,2.108695017,0.5372,2.645895017,Berlin,Germany,2474.2815,1286.1264,0,3,0,1,18147.41653,1,3748148,35.0959025,9724.674448,0.0779
14193,7.639196526,3.265771409,421625.0769,1855876.284,8.59786041,37.84538943,13.81909349,55.74193099,17808.55991,7.306712048,1.093951523,0.692493579,2527.330168,1599.851435,1.579728038,0.292389102,2.501036817,0.6503,3.151336817,Berlin,Germany,3279.2239,1096.4023,0,3,0,1,17808.55991,1,3748148,41.82941867,10892.96379,0.0983
14195,9.062565551,2.698715244,2124658.97,2633275.553,21.73424775,26.93715278,28.23235256,56.53734582,17554.71507,33.94289273,0.946480802,0.47711183,3283.752874,1655.308105,1.983771399,0.26312367,2.75809711,0.3705,3.12859711,Berlin,Germany,1647.1893,1120.9683,0,3,0,1,17554.71507,1,3748148,39.38086734,10576.20837,0.0757
14197,6.513653641,0.609438273,6098534.941,6135390.968,124.9053929,125.6602491,1.886482819,41.86382452,19802.37623,41.87744865,0.746166608,0.439551521,2377.962445,1400.809147,1.697563476,0.278691004,1.883819329,0.4138,2.297619329,Berlin,Germany,1742.5493,1350.2644,0,3,0,1,19802.37623,1,3748148,62.84615098,14006.04787,0.0524
14199,7.207825657,1.863346696,2969396.769,2971322.451,63.63929272,63.68056341,6.015542006,44.80334303,15353.57245,30.55058537,0.741835489,0.455979459,2640.322837,1622.911005,1.626905498,0.295534179,2.05863202,0.4169,2.47553202,Berlin,Germany,1757.9485,1226.9714,0,3,0,1,15353.57245,1,3748148,46.72652135,11915.1246,0.0712
1067,1.101689307,1.625957578,5210242.034,7312415.586,24.74321043,34.72634023,0.757779779,36.84903073,16958.86303,59.81980848,0.735700276,0.429321515,2103.427215,1227.465298,1.713634771,0.231086739,1.373279393,0.3482,1.721479393,Dresden,Germany,1584.7708,914.6903,0,2,0,1,16958.86303,0,555974.3255,43.46178623,9044.506267,0.2517
1069,0.790463941,2.540820477,6072600.907,6554184.757,56.17250444,60.62723009,2.088615922,30.31562237,30005.22891,78.4111497,0.617326438,0.348775896,1821.399208,1029.050599,1.769980221,0.215364106,1.144634715,0.3858,1.530434715,Dresden,Germany,1712.2117,744.9157,0,2,0,1,30005.22891,0,555974.3255,51.01148619,11278.46289,0.0512
1097,2.368240579,0.37598007,4573330.207,5799904.904,58.65569982,74.38725516,2.324399403,33.98864029,19306.31078,67.83410239,0.484781314,0.302534176,1950.226896,1217.064831,1.602401816,0.101522843,1.246796171,0.2253,1.472096171,Dresden,Germany,953.6093,344.01,0,2,0,1,19306.31078,0,555974.3255,51.62362402,9602.800049,0.6443
1099,4.329216365,2.104872549,479132.2153,3227699.165,5.430525401,36.58301767,4.17803279,35.79124094,31708.61174,6.116445131,0.82145322,0.410849954,2117.195559,1058.915683,1.999399568,0.09394809,1.333683729,0.3052,1.638883729,Dresden,Germany,1536.2486,686.7368,0,2,0,1,31708.61174,0,555974.3255,20.81268636,5401.794199,0.4203
1109,8.874080411,0.755029722,1356828.183,2600921.048,8.538578699,16.36770914,37.16111028,39.42535008,21080.7151,12.51212187,1.17444164,0.555264564,2781.444876,1315.040036,2.11510281,0.251411223,1.786282171,0.5947,2.380982171,Dresden,Germany,2844.5725,1000.1768,0,2,0,1,21080.7151,1,555974.3255,17.54795125,6064.303631,0.0354
1127,3.847837422,0.770246185,2348908.034,2750221.901,52.58905783,61.57396396,2.763107683,33.67591879,16883.17514,41.35958044,1.060071364,0.591325627,2365.459515,1319.493083,1.792703233,0.089557543,1.304581983,0.4669,1.771481983,Dresden,Germany,1978.5933,1027.0143,0,2,0,1,16883.17514,1,555974.3255,41.82941867,8126.090573,0.5354
1129,5.706812254,1.764308194,2621067.569,4048242.996,26.9161062,41.5719685,9.469840589,35.51895237,19913.7564,14.90129198,0.705903907,0.409739619,2365.337059,1372.952176,1.722810962,0.195942553,1.435079876,0.453,1.888079876,Dresden,Germany,2190.0179,1027.2058,0,2,0,1,19913.7564,1,555974.3255,23.05719176,6334.235399,0.1082
1139,4.75369889,1.779091566,3150331.538,4712865.041,22.60159675,33.81176676,9.045471942,36.26485523,19034.14012,31.59900835,0.778750571,0.428652213,2054.050766,1130.623128,1.816742215,0.184984764,1.451386627,0.4325,1.883886627,Dresden,Germany,1840.0659,1205.7161,0,2,0,1,19034.14012,0,555974.3255,32.23925927,8218.813947,0.2025
1156,7.248255661,4.915320787,296482.3978,1125009.081,3.841380233,14.57620309,51.73250783,42.05047459,12175.73246,4.037833208,1.636997836,0.642608005,2763.560071,1084.84311,2.547428329,0.223965177,2.092623263,0.9121,3.004723263,Dresden,Germany,4154.4354,700.1103,0,2,0,1,12175.73246,0,555974.3255,6.733516177,2203.29158,0
1157,4.383516448,4.026570893,1078444.833,1522319.839,28.34379676,40.00976482,17.92104359,37.61769137,22813.69484,26.32615799,0.829455677,0.504075883,1730.877931,1051.887213,1.645497644,0.179144385,1.500054739,0.4298,1.929854739,Dresden,Germany,1737.126,955.7656,0,2,0,1,22813.69484,0,555974.3255,34.07567277,7032.449199,0.0798
1159,2.17742882,3.929008895,2586551.314,2910229.816,53.51644548,60.21344112,5.667039318,34.75601101,31626.55966,52.78222142,0.759579372,0.408901505,2285.116896,1230.138379,1.857609628,0.133335441,1.356835829,0.3997,1.756535829,Dresden,Germany,1712.0857,913.3077,0,2,0,1,31626.55966,0,555974.3255,47.95079702,10231.15035,0.1053
1169,4.600174127,5.648598347,1567123.267,2401611.082,44.81421235,68.67762817,5.967653755,33.18399325,21719.61592,23.46129064,0.946505616,0.660376125,1755.634618,1224.90471,1.433282609,0.212200737,1.337766634,0.5696,1.907366634,Dresden,Germany,2390.0483,1427.784,0,2,0,1,21719.61592,0,555974.3255,31.21902955,8581.474395,0.0156
1187,2.272195432,4.500127459,2031267.117,2784215.075,39.52038611,54.16976128,8.322844074,35.50109721,20061.76805,25.13276516,0.694830664,0.379575753,1996.863787,1090.857261,1.830545443,0.18258399,1.393813262,0.3239,1.717713262,Dresden,Germany,1548.5367,951.4118,0,2,0,1,20061.76805,0,555974.3255,45.29819973,9615.155031,0.0789
1189,3.89739833,4.995619959,1280312.869,2051313.815,17.76772657,28.46740346,26.43597219,38.99898559,9412.432524,13.41230487,0.747967009,0.408451599,2083.093916,1137.540868,1.831225563,0.24840629,1.66927016,0.3715,2.04077016,Dresden,Germany,1575.3156,856.4689,0,2,0,1,9412.432524,0,555974.3255,24.68955931,5606.071327,0.0627
1217,2.854456832,4.609863786,926728.8952,1439131.515,28.38422303,44.07829527,12.25811585,35.35940745,16649.42094,25.10386406,0.981887643,0.567248875,1868.197413,1079.281207,1.730964461,0.281578473,1.361669959,0.5525,1.914169959,Dresden,Germany,2906.3836,759.7118,0,2,0,1,16649.42094,0,555974.3255,40.80918895,9599.637337,0.0019
1219,3.40511114,4.573968466,1646984.841,1856349.888,34.40389341,38.77732333,13.94506917,35.18761651,23860.44358,54.33747381,0.82154895,0.387329452,2239.314732,1055.752732,2.121059849,0.232439229,1.353216886,0.484,1.837216886,Dresden,Germany,2252.4903,836.0387,0,2,0,1,23860.44358,0,555974.3255,37.54445383,8150.469982,0.0939
1237,5.8026623,2.270396401,2106409.45,2262363.368,38.64004997,41.5008742,5.735711359,36.25485234,16508.56264,45.22106673,0.975267708,0.648382742,1963.289661,1305.24483,1.504154328,0.280816524,1.387659057,0.5297,1.917359057,Dresden,Germany,2361.7267,1067.2694,0,2,0,1,16508.56264,1,555974.3255,41.21728084,8113.000005,0.1227
1239,6.572636102,2.192113422,1708260.148,2880003.379,28.41793057,47.91058092,10.40226745,36.43706903,16241.54543,22.92909752,0.850508444,0.607861453,1544.251163,1103.681876,1.399181409,0.290481468,1.398322285,0.6457,2.044022285,Dresden,Germany,2742.3911,1131.173,0,2,0,1,16241.54543,0,555974.3255,33.66758088,8041.697578,0.0315
1257,7.861308265,0.677237199,1985867.271,2851726.275,21.26530048,30.53719501,17.43502176,37.33800969,17563.1125,23.77278702,0.76822307,0.415818031,2001.463101,1083.33696,1.847498215,0.27404202,1.475137804,0.479,1.954137804,Dresden,Germany,2314.5741,761.8698,0,2,0,1,17563.1125,0,555974.3255,36.932316,8282.045133,0.0115
1259,9.588545232,1.549635604,1019847.554,1767373.673,18.62248425,32.27236096,29.59854172,40.40707161,19278.14742,12.82624406,1.359736431,0.581916812,2560.635892,1095.857285,2.336650881,0.267403258,1.62334524,0.5369,2.16024524,Dresden,Germany,2731.4979,369.219,0,2,0,1,19278.14742,0,555974.3255,29.79070793,6114.598304,0.0321
1277,4.836222225,3.808504055,3495647.622,3612065.385,69.42877939,71.74100994,5.151695455,37.77051918,33725.01141,58.05218011,1.010265594,0.572243456,2371.884004,1343.503241,1.765447177,0.234247591,1.373428853,0.4166,1.790028853,Dresden,Germany,2031.7434,689.8166,0,2,0,1,33725.01141,1,555974.3255,51.82766997,11121.92905,0.1053
1279,6.984062176,2.234633453,1385437.809,1888795.53,44.60329254,60.80857545,6.993699483,37.26793201,21774.18177,35.07237749,0.86653551,0.50936798,1675.605668,984.9566052,1.701197453,0.270689814,1.422164618,0.5105,1.932664618,Dresden,Germany,2397.2608,1037.8195,0,2,0,1,21774.18177,0,555974.3255,37.95254572,7285.643282,0
1307,2.974867322,2.02504038,3699188.186,4562594.416,72.83190486,89.8311807,0.236454912,34.65395228,26649.18852,62.99244864,0.619680035,0.413508491,1933.200777,1290.012409,1.498590838,0.341476228,1.243063099,0.3538,1.596863099,Dresden,Germany,1707.942,848.7605,0,2,0,1,26649.18852,1,555974.3255,47.33865918,9928.218848,0.2905
1309,3.928057544,3.38047559,2563725.602,2956778.522,78.92985333,91.03084001,3.168895961,38.08338209,37244.49039,62.25074939,0.775069258,0.398806001,2334.039122,1200.962105,1.943474413,0.229191279,1.394851217,0.3256,1.720451217,Dresden,Germany,1578.9463,673.0583,0,2,0,1,37244.49039,0,555974.3255,60.60164559,12475.22194,0.1271
1324,7.742414294,6.136708272,880283.809,1367731.319,21.10419641,32.79041384,37.40713443,45.4885752,9750.503369,20.4444181,1.163024708,0.629196683,2318.563446,1254.343454,1.848427908,0.258332479,1.821675703,0.3577,2.179375703,Dresden,Germany,1985.1257,914.9924,0,2,0,1,9750.503369,0,555974.3255,28.56643226,6204.236503,0
1326,7.965321233,3.416625093,373735.6479,842687.9783,6.975427466,15.72798555,45.83540159,49.43297295,10853.25269,14.90178737,1.311641968,0.552557172,2883.359551,1214.676748,2.373766976,0.258914586,2.040007053,0.6045,2.644507053,Dresden,Germany,2734.629,1090.2858,0,2,0,1,10853.25269,0,555974.3255,21.01673231,4968.278593,0
1328,11.94638665,7.160913493,204230.6151,1165077.816,3.2017812,18.26525492,59.64618361,43.15932338,13175.86016,2.153950918,1.377111213,0.510695874,2205.048418,817.7328877,2.696538749,0.239754098,1.984632148,0.577,2.561632148,Dresden,Germany,2668.579,1358.4177,0,2,0,1,13175.86016,0,555974.3255,7.141608066,1634.148267,0
40210,0.424220051,2.237786341,14339589.8,17220092.72,102.0543198,122.5547505,0.531039912,37.04594108,6564.907111,114.7929284,0.553425858,0.394088593,2300.983407,1638.505503,1.404318388,0.132673267,1.475339858,0.4132,1.888539858,Düsseldorf,Germany,1720.5777,1169.1205,0,2,0,1,6564.907111,1,642304,83.04669951,15073.68155,0.1374
40211,0.766862855,1.479336332,6757167.633,6909409.704,110.3474747,112.8336537,0.547432424,41.80030064,10102.7654,87.95299271,0.655171592,0.442327367,2621.580426,1769.913076,1.481191625,0.145897258,1.737258966,0.3786,2.115858966,Düsseldorf,Germany,1340.7305,1055.0144,0,2,0,1,10102.7654,2,642304,73.25249416,13747.13153,0.1443
40212,0.286538195,1.949050106,12912741.2,12912741.2,109.4616662,109.4616662,0.545399052,36.9987154,4751.106956,115.977064,0.852724417,0.577148942,4504.702308,3048.914888,1.477477225,0.133866554,1.578050982,0.1638,1.741850982,Düsseldorf,Germany,0,2060.7958,0,2,0,1,4751.106956,3,642304,76.51722928,14837.28147,0.1393
40213,0.786152971,2.004849847,7542547.328,9238974.772,46.70123011,57.20500887,3.007271279,55.59101004,5572.776659,76.94523828,1.005480559,0.775934488,2391.681229,1845.672634,1.295831767,0.198456846,2.704094313,0.4928,3.196894313,Düsseldorf,Germany,2000.5005,1117.9644,0,2,0,1,5572.776659,2,642304,64.07042665,13477.93881,0.0952
40215,0.925226042,2.91499573,8837310.171,9274857.442,199.9366834,209.8358211,0.407145825,37.44719564,15860.44911,89.84791827,0.641884397,0.424654846,2431.698184,1608.751394,1.511543793,0.121752837,1.564526566,0.3903,1.954826566,Düsseldorf,Germany,1523.0716,1269.3056,0,2,0,1,15860.44911,1,642304,76.92532117,15084.97345,0.1115
40217,1.399849672,3.24481756,9454203.484,10053115.91,123.2752978,131.0846398,0.626007971,42.55062242,9450.581091,77.65998059,0.710314354,0.451738869,2855.705775,1816.144202,1.572400348,0.145593059,1.865008652,0.4722,2.337208652,Düsseldorf,Germany,1964.5939,1058.3252,0,2,0,1,9450.581091,2,642304,71.62012661,15453.84159,0.1033
40219,1.890333927,3.378277674,8098626.604,8196369.633,135.1908849,136.8225154,0.696702276,44.3667899,11161.57819,52.18246965,0.71839223,0.465993353,3010.003189,1952.473065,1.541636217,0.154004659,1.759548884,0.5077,2.267248884,Düsseldorf,Germany,2163.0503,630.0841,0,2,0,1,11161.57819,2,642304,47.33865918,10475.44048,0.1166
40221,3.082876573,3.904367306,1843284.732,3446361.941,10.59230552,19.80427548,9.06051349,39.23761547,12269.93574,12.41023214,0.965481659,0.52565109,2572.808935,1400.751438,1.836734817,0.166992665,1.652927123,0.5965,2.249427123,Düsseldorf,Germany,2704.0753,740.6195,0,2,0,1,12269.93574,1,642304,23.66932959,6197.080408,0.0895
40223,2.347584943,4.265557906,2820793.879,3882933.609,70.21316368,96.65117862,4.613376948,40.03745073,23879.40389,31.66759905,0.869794451,0.497363913,2750.202457,1572.614603,1.748808927,0.170442648,1.670384522,0.5113,2.181684522,Düsseldorf,Germany,2145.0207,894.6912,0,2,0,1,23879.40389,1,642304,58.3571402,11634.85627,0.0871
40225,3.058149433,4.269524684,2864081.017,2965058.043,32.92784948,34.08876507,4.453446802,39.40279167,15071.88449,36.48683326,0.866897928,0.566226013,2213.304071,1445.64925,1.531010424,0.168259023,1.745315157,0.5855,2.330815157,Düsseldorf,Germany,2442.278,1169.3035,0,2,0,1,15071.88449,1,642304,31.0149836,8280.416234,0.0472
40227,1.430023096,3.153098916,5630028.112,5961012.047,130.3460889,138.00901,2.380193122,34.56922948,28134.27466,56.0679444,0.589362286,0.389803295,2386.501884,1578.428615,1.511947934,0.144913628,1.501326839,0.3512,1.852526839,Düsseldorf,Germany,1327.4913,1222.1646,0,2,0,1,28134.27466,1,642304,53.46003752,10410.70609,0.1832
40229,4.558751111,2.219292015,1658971.451,2010756.028,50.79782817,61.56949786,12.68050912,35.95314362,21857.08916,34.20108769,0.861897616,0.499972447,2333.452122,1353.596698,1.72389023,0.200576474,1.622572124,0.5283,2.150872124,Düsseldorf,Germany,2301.9077,1001.1269,0,2,0,1,21857.08916,1,642304,46.31842946,9252.215041,0.0966
40231,3.232315208,3.934668987,5036978.523,5105788.948,60.21860306,61.04125252,10.45949795,34.3944845,19908.70423,29.91975026,0.945549588,0.524702435,2134.751857,1184.612115,1.80206823,0.188206339,1.571845976,0.4192,1.991045976,Düsseldorf,Germany,1590.1292,1311.4653,0,2,0,1,19908.70423,0,642304,43.25774029,8718.048875,0.2279
40233,1.779310697,2.803646102,5850311.751,6104845.316,84.22050581,87.88474569,1.808785459,36.31329623,17912.49195,49.89344281,0.600331198,0.386009907,2190.44854,1408.44727,1.555222256,0.148392139,1.578453131,0.4361,2.014553131,Düsseldorf,Germany,2046.5956,1061.9753,0,2,0,1,17912.49195,1,642304,48.35888891,10017.10636,0.1245
40235,2.76426265,2.807548463,4630707.019,4790779.236,78.60418518,81.32133963,3.544365364,41.86625466,20615.60459,37.4738359,0.777634623,0.428283522,2801.752624,1543.069776,1.81570054,0.167297245,1.872869672,0.4567,2.329569672,Düsseldorf,Germany,1871.2251,1134.8116,0,2,0,1,20615.60459,1,642304,53.25599158,10865.4182,0.0593
40237,2.255537837,1.894507693,4656341.946,4709261.132,93.67064353,94.73520758,2.395092089,38.88863054,17334.79175,43.95159222,0.932559215,0.516412237,3184.684391,1763.54484,1.805842595,0.188116527,1.731810929,0.4325,2.164310929,Düsseldorf,Germany,1840.2438,809.7343,0,2,0,1,17334.79175,2,642304,58.96927803,12290.42549,0.1134
40239,2.600209296,1.343423134,4196724.362,4197173.629,107.9538155,107.9653721,2.645257819,38.67960661,12815.74205,29.28358206,0.81521357,0.506027269,2602.182175,1615.251742,1.611007193,0.190074906,1.708338615,0.4873,2.195638615,Düsseldorf,Germany,2288.1924,974.0199,0,2,0,1,12815.74205,1,642304,61.00973748,12787.44285,0.0828
40468,4.549615055,1.759209621,4888102.608,5070304.263,34.10633015,35.37762708,24.68924357,41.61348418,22461.87958,27.33618105,1.034186141,0.555038797,2289.552605,1228.783168,1.863268202,0.216721574,2.008552635,0.511,2.519552635,Düsseldorf,Germany,2345.0241,848.5225,0,2,0,1,22461.87958,0,642304,46.11438351,8263.35228,0.1719
40470,3.769283725,1.666382014,2684206.505,2723469.607,66.37336153,67.34423471,8.361509055,37.19847052,20319.11461,26.98733006,0.98455315,0.528221785,2820.840753,1513.406907,1.86390107,0.175008613,1.62903287,0.4444,2.07343287,Düsseldorf,Germany,1901.5426,913.9947,0,2,0,1,20319.11461,1,642304,55.29645103,10863.09452,0.0964
40472,5.594014465,0.405143501,5319846.754,10263376.72,22.04906394,42.53841513,17.59134669,35.74582763,26432.6904,12.59733781,1.064078666,0.499155155,2487.359499,1166.810647,2.131759344,0.186660614,1.566781108,0.5153,2.082081108,Düsseldorf,Germany,2360.712,1026.0278,0,2,0,1,26432.6904,0,642304,28.36238632,6407.494831,0.0238
40474,5.462607362,1.217259054,3288422.071,4777123.13,8.032352229,11.66867719,23.97975922,47.51358961,16510.05939,8.303854105,0.990758086,0.528119342,2787.665818,1485.95329,1.87601174,0.213870382,2.197468119,0.465,2.662468119,Düsseldorf,Germany,2083.3729,1237.3858,0,2,0,1,16510.05939,1,642304,56.5207267,11777.26116,0.1352
40476,2.911184927,0.911505341,8275496.212,8882967.441,105.6799479,113.4374921,2.703082022,40.45018898,22284.65726,38.38720041,0.720979071,0.438596163,2701.349998,1643.323352,1.643833512,0.178864707,1.722915665,0.4288,2.151715665,Düsseldorf,Germany,1824.235,1157.9985,0,2,0,1,22284.65726,1,642304,61.41782937,12381.5622,0.1672
40477,1.750775496,0.259615123,7702177.294,8078382.769,146.0175876,153.1496768,0.712685102,45.1821029,16706.34448,49.51843749,0.734488354,0.455360645,2812.628719,1743.745042,1.612981629,0.156530588,1.820426703,0.3915,2.211926703,Düsseldorf,Germany,1777.5171,949.6468,0,2,0,1,16706.34448,2,642304,59.58141587,13043.25055,0.1331
40479,1.239115992,0.778725483,4868416.56,5538655.703,107.6109493,122.4258422,0.542420028,45.54548305,11707.87638,62.81445938,0.691722896,0.422297262,3078.489739,1879.419917,1.637999955,0.154595149,1.971179564,0.4024,2.373579564,Düsseldorf,Germany,1689.5163,748.5641,0,2,0,1,11707.87638,2,642304,63.86638071,12896.10588,0.1268
40489,10.35735072,4.274852304,302683.7681,1152521.923,7.736924304,29.45970618,42.51774281,50.84555473,24903.26936,3.673328279,1.33899844,0.646122214,3100.128276,1495.940313,2.072360942,0.217523993,2.279598073,0.7584,3.037998073,Düsseldorf,Germany,3603.4973,1072.1114,0,2,0,1,24903.26936,1,642304,19.79245664,4337.45117,0.0759
40545,2.35891058,2.384487997,2025685.296,2808256.425,51.16775811,70.93509824,7.579138543,55.05017992,13868.16283,27.66820346,0.895178731,0.5541397,3005.775982,1860.656137,1.615438727,0.210989328,2.44335626,0.3998,2.84315626,Düsseldorf,Germany,1794.8887,789.4128,0,2,0,1,13868.16283,2,642304,39.38086734,7453.761633,0.0779
40547,3.866794117,1.800238175,1993643.821,3104956.583,29.45664727,45.87660539,14.00896785,47.97737519,15287.39015,13.82893122,1.122086266,0.585202404,3334.206565,1738.890989,1.91743277,0.239222869,2.181685256,0.4794,2.661085256,Düsseldorf,Germany,2117.4021,694.8435,0,2,0,1,15287.39015,2,642304,45.50224568,10212.5332,0.0464
40549,5.308200621,0.849850484,6653194.243,7166164.447,31.76840331,34.21778984,8.957877924,43.03436683,15126.44702,12.1398322,1.088634877,0.531974675,2726.30002,1332.239668,2.046403576,0.186632289,1.821652215,0.5138,2.335452215,Düsseldorf,Germany,2466.8582,908.1993,0,2,0,1,15126.44702,1,642304,29.79070793,8106.365655,0.0906
40589,6.520697002,0.681219742,1993048.775,4358588.629,16.20933889,35.44812402,16.39988181,38.15898809,21463.61425,10.5496442,1.074990196,0.568875722,2614.607206,1383.628024,1.889674942,0.18174618,1.706745879,0.5917,2.298445879,Düsseldorf,Germany,2771.8362,903.582,0,2,0,1,21463.61425,1,642304,29.99475388,6544.426596,0.1951
40591,4.180620804,2.318845819,2034946.962,2130131.607,54.49488904,57.04388748,17.89747892,38.37188892,25993.99826,27.22451623,0.934192999,0.492188068,2241.592767,1181.003513,1.898040728,0.193467723,1.689344823,0.5785,2.267844823,Düsseldorf,Germany,2543.0854,1242.6022,0,2,0,1,25993.99826,0,642304,56.72477264,11074.87483,0.0837
40593,10.04482328,3.030410118,1437647.65,4168985.712,14.88893189,43.17590916,25.93545244,44.45968472,13072.27968,8.784723098,1.183514533,0.587665444,2490.288062,1236.534237,2.013925687,0.249082007,2.063921033,0.6625,2.726421033,Düsseldorf,Germany,2850.7576,986.5368,0,2,0,1,13072.27968,0,642304,46.93056729,9355.602672,0.0661
40595,12.2684529,3.769300339,1390627.744,2186654.04,48.70904488,76.59118714,23.21248564,36.55099529,24688.36562,8.259217567,1.142731592,0.509692456,2408.099107,1074.084201,2.242002168,0.211560272,1.673639755,0.6055,2.279139755,Düsseldorf,Germany,2780.7411,1309.4534,0,2,0,1,24688.36562,0,642304,25.91383498,5471.47038,0.0108
40597,8.788172197,2.422616125,2968859.639,4380923.037,30.51568112,45.02969713,16.05434616,43.51356686,14388.53534,19.4349004,0.996905616,0.507346056,2746.399439,1397.699944,1.964942083,0.208423101,2.010315117,0.7998,2.810115117,Düsseldorf,Germany,3342.0903,1851.8331,0,2,0,1,14388.53534,1,642304,39.99300517,8619.348179,0.0501
40599,7.135593687,0.917374179,3398023.529,5184036.904,35.09496889,53.54101062,11.89008497,34.9480009,22100.82384,17.76777623,1.07553726,0.554100909,2205.61409,1136.2998,1.94104944,0.191756029,1.549505307,0.5205,2.070005307,Düsseldorf,Germany,2300.5212,1010.9237,0,2,0,1,22100.82384,0,642304,31.42307549,6678.319708,0.1544
40625,4.929156096,5.031079033,1743008.134,2370835.102,43.33272559,58.94105992,20.62278875,41.9185609,27718.61909,29.66539319,0.959538401,0.503977078,2518.108389,1322.582719,1.903932625,0.22103972,1.913346584,0.5323,2.445646584,Düsseldorf,Germany,2290.1438,1059.5224,0,2,0,1,27718.61909,1,642304,43.25774029,7940.08637,0.0929
40627,6.234291585,3.257371934,563501.9019,1306305.673,18.51302312,42.91674446,35.40442336,44.0405079,20498.75709,13.78404307,1.240149515,0.60035942,2671.185303,1293.127352,2.065678449,0.239914142,2.211597275,0.6904,2.901997275,Düsseldorf,Germany,3275.497,850.5173,0,2,0,1,20498.75709,1,642304,22.85314581,4023.521179,0.1244
40629,6.439985659,4.171779073,306441.3266,1019092.466,6.481802953,21.55569756,25.05389989,46.29027699,13507.02833,6.066782399,1.121565259,0.571412863,2847.065674,1450.517421,1.962793161,0.219367735,2.196604027,0.7113,2.907904027,Düsseldorf,Germany,3444.7186,816.2087,0,2,0,1,13507.02833,1,642304,13.6710783,3308.093451,0.0135
4103,1.516398192,0.953991167,9486439.189,11096266.73,41.87274143,48.97845211,0.634900457,34.98458564,18265.77683,51.25479493,0.481525809,0.32146461,2064.735223,1378.408572,1.49791235,0.088579875,1.198299752,0.3547,1.552999752,Leipzig,Germany,1973.0664,677.6984,0,2,0,1,18265.77683,1,588191.4072,61.62187531,13317.7203,0.2236
4105,1.220359577,2.494117489,5901315.476,6366663.141,40.22927114,43.40154645,0.714793439,43.92997238,19560.63201,33.56346955,0.779062962,0.44644952,2529.17469,1449.367871,1.74501915,0.153826491,1.504903238,0.3872,1.892103238,Leipzig,Germany,1823.7603,576.2589,0,2,0,1,19560.63201,1,588191.4072,45.09415379,8863.56118,0.2311
4107,1.330527452,0.71216044,6178478.85,6407710.789,86.26755092,89.4682219,1.076573422,42.11701525,14180.64117,42.65385242,0.578415945,0.380896181,1790.291147,1178.935447,1.518565883,0.120301812,1.388461762,0.3266,1.715061762,Leipzig,Germany,1428.4075,531.0329,0,2,0,1,14180.64117,0,588191.4072,62.64210504,12844.54102,0.1777
4109,0.145978072,1.888107407,12864753.9,14035339.05,55.52022475,60.57210149,1.2437043,43.64802732,14068.69058,65.36824016,0.463501297,0.310620799,1859.196495,1245.962212,1.492177272,0.12723008,1.485706452,0.3719,1.857606452,Leipzig,Germany,1695.6857,591.7733,0,2,0,1,14068.69058,0,588191.4072,68.96752932,13086.91129,0.2237
4129,3.177637679,3.151773844,3620275.286,3826350.732,31.61457723,33.41416085,8.311096679,38.1806677,14560.75577,20.33785084,0.926325225,0.470365078,2209.373099,1121.865109,1.969375,0.136872468,1.365734528,0.2618,1.627534528,Leipzig,Germany,1055.636,678.353,0,2,0,1,14560.75577,0,588191.4072,48.56293485,10584.34001,0.0628
4155,2.309720449,3.744888717,3346291.892,3397646.564,83.39544233,84.67529049,2.412146704,43.3079633,18610.87401,29.46337207,0.787886106,0.425857371,2738.699543,1480.284242,1.850117339,0.155230777,1.497328302,0.2814,1.778728302,Leipzig,Germany,1282.5476,804.8023,0,2,0,1,18610.87401,1,588191.4072,55.90858886,10706.36805,0.0944
4157,3.304501073,3.826671022,2603550.381,2921510.264,67.86184537,76.14950692,5.104716097,40.7837368,26442.34165,19.80654437,0.650544763,0.407443121,2063.909653,1292.648619,1.596651729,0.152938507,1.46957799,0.4404,1.90997799,Leipzig,Germany,1889.9396,1172.0288,0,2,0,1,26442.34165,1,588191.4072,46.93056729,9998.956475,0.0691
4158,8.824024184,0.407600043,2458179.41,6435284.756,5.159005259,13.50579529,45.54180633,44.05023152,14906.8677,2.280983897,1.428654354,0.721707969,2605.3466,1316.133184,1.97954632,0.137720534,1.763508164,0.7653,2.528808164,Leipzig,Germany,3765.4907,743.7203,0,2,0,1,14906.8677,1,588191.4072,6.529470232,1970.101141,0
4159,4.912614894,4.334499345,872386.2459,1828188.408,14.55348412,30.49854476,16.72193222,39.02854355,26643.27737,7.276093616,1.127766897,0.649536985,2212.621059,1274.358394,1.736262788,0.125323725,1.427265973,0.8204,2.247665973,Leipzig,Germany,4272.4113,536.6523,0,2,0,1,26643.27737,1,588191.4072,30.81093766,6844.810589,0.1354
4177,3.19344815,0.391416302,3665592.967,3743887.981,82.31915534,84.07744641,1.791925104,37.40450126,24312.31233,26.09492644,0.508887391,0.33643495,2019.396127,1335.06046,1.512587773,0.151900296,1.331441819,0.4506,1.782041819,Leipzig,Germany,1748.7389,934.8695,0,2,0,1,24312.31233,1,588191.4072,45.91033757,9106.741913,0.1909
4178,6.314712405,3.636944465,1074107.945,2439502.652,9.516067327,21.61279188,36.14586861,43.14851314,14986.12213,3.308773455,1.148526259,0.529882162,2894.274946,1335.297868,2.167512594,0.124649673,1.709109918,0.6911,2.400209918,Leipzig,Germany,3380.5751,280.9644,0,2,0,1,14986.12213,1,588191.4072,26.73001876,5387.261638,0.0338
4179,4.515755633,1.469742629,2264273.819,2733424.909,23.80878471,28.74189714,5.613004367,39.75547803,17818.32813,11.77395205,0.637563397,0.458764211,1585.049939,1140.53628,1.38974092,0.136098328,1.514050509,0.2691,1.783150509,Leipzig,Germany,1192.8616,156.5048,0,2,0,1,17818.32813,0,588191.4072,37.95254572,8070.558245,0.1584
4205,7.586013087,4.42394111,1055645.049,1912906.121,24.17135739,43.80026939,9.549970662,40.80705186,15863.59354,6.761164247,0.879750367,0.482454021,1622.378861,889.7105756,1.823490588,0.15084468,1.390400466,0.5684,1.958800466,Leipzig,Germany,2667.3551,1119.7735,0,2,0,1,15863.59354,0,588191.4072,37.74849978,7487.63326,0.0072
4207,7.532387494,4.474477157,913134.5914,1636236.364,22.41337071,40.16228555,13.55008263,40.60680597,19427.43781,7.76796558,0.845797188,0.483980055,1850.478829,1058.876594,1.747586866,0.130231122,1.361613757,0.7676,2.129213757,Leipzig,Germany,4028.4831,1042.1396,0,2,0,1,19427.43781,0,588191.4072,32.23925927,7965.375825,0.0271
4209,6.313155484,3.202935446,4897577.145,5195588.315,90.14708075,95.63241282,0.715501945,34.66918066,21143.39255,17.36954564,0.738136025,0.448784841,1638.210603,996.0279141,1.644743666,0.136546375,1.191303424,0.4436,1.634903424,Leipzig,Germany,2002.3042,745.1317,0,2,0,1,21143.39255,0,588191.4072,38.15659167,9335.620045,0.0274
4229,3.473564734,1.107166125,3163666.815,3331691.213,63.75384276,67.13985072,3.478133024,38.12770758,37505.6827,24.80522782,0.66683763,0.331689471,2496.899351,1241.974338,2.01042749,0.172132459,1.317700842,0.3672,1.684900842,Leipzig,Germany,1614.8456,643.4427,0,2,0,1,37505.6827,0,588191.4072,45.09415379,9402.06271,0.4066
4249,9.362043946,7.102278855,472908.5525,1448463.529,4.205885994,12.88213638,37.80073913,42.79229931,15966.22305,1.80487172,1.064081528,0.527899913,2497.779948,1239.169916,2.015688016,0.130965802,1.737193874,0.7942,2.531393874,Leipzig,Germany,3770.9755,1113.9794,0,2,0,1,15966.22305,0,588191.4072,19.99650259,4728.060403,0.018
4275,2.540868004,0.544469684,4771976.242,5139247.354,95.76305171,103.1333739,0.730818666,39.69524012,26044.65816,29.06384849,0.660849865,0.360025941,2363.290651,1287.502632,1.835561802,0.162219236,1.423480822,0.3174,1.740880822,Leipzig,Germany,1506.3097,592.8305,0,2,0,1,26044.65816,1,588191.4072,44.6860619,11366.86457,0.0836
4277,3.810284391,1.841975868,1381630.815,1426403.777,29.86151415,30.82920278,10.81916337,38.76883484,24549.48756,14.29526079,0.820405627,0.409305676,2207.654307,1101.413019,2.004383704,0.137276467,1.468419788,0.5632,2.031619788,Leipzig,Germany,2723.5823,806.1308,0,2,0,1,24549.48756,0,588191.4072,40.605143,9388.061485,0.0891
4279,5.580095291,3.682952859,1387590.197,1606206.906,26.45689449,30.62521393,11.04221736,34.89979358,15578.99162,9.885801458,0.649698869,0.404337585,1888.327942,1175.19361,1.606822847,0.113550292,1.309255273,0.5588,1.868055273,Leipzig,Germany,2771.3608,932.5476,0,2,0,1,15578.99162,0,588191.4072,26.11788093,5681.477323,0.1224
4288,8.091901121,5.92917588,294113.8999,945760.664,5.411009598,17.39978978,45.68284828,45.1844436,11909.44851,1.454627486,0.962244943,0.58710804,1791.089997,1092.822931,1.638957187,0.139642287,1.866603229,0.8669,2.733503229,Leipzig,Germany,3877.873,1109.0792,0,2,0,1,11909.44851,0,588191.4072,15.5074918,3695.175546,0
4289,6.125373118,4.138097503,1138829.299,1284081.724,16.03552957,18.0807874,37.67177377,41.62557151,9902.814679,8.739296227,0.949400387,0.556171025,2373.33593,1390.330882,1.707029571,0.116934262,1.616453408,0.594,2.210453408,Leipzig,Germany,2642.0281,593.4495,0,2,0,1,9902.814679,1,588191.4072,35.70804033,7131.821206,0.0521
4299,3.977455956,1.828387816,1402100.166,1669476.6,38.0921424,45.35620342,8.57223199,39.36553478,17509.67536,15.99841825,0.869533322,0.47853192,2173.34339,1196.060185,1.817085308,0.145174186,1.404408474,0.4224,1.826808474,Leipzig,Germany,1945.3158,885.5067,0,2,0,1,17509.67536,0,588191.4072,37.34040789,7798.445021,0.1072
4315,2.154307246,1.307663139,4700937.256,5067030.25,130.1978659,140.3372325,0.600839928,35.48767804,25862.51413,39.17456522,0.284329429,0.16086905,1561.253748,883.3324368,1.767458868,0.144685458,1.277690665,0.1493,1.426990665,Leipzig,Germany,631.5218,1130.1505,0,2,0,1,25862.51413,0,588191.4072,67.13111582,12646.81581,0.2347
4316,5.673065098,3.509485978,513224.035,1198720.971,8.430644251,19.69118625,56.4725694,45.69018148,7924.221903,4.875192604,1.084816334,0.670639382,1848.679771,1142.863929,1.617585194,0.134528016,1.910888216,0.8663,2.777188216,Leipzig,Germany,3744.4125,1341.474,0,2,0,1,7924.221903,0,588191.4072,21.01673231,5204.104285,0
4317,2.265270879,0.163200223,5254912.087,5458366.096,108.9391723,113.1569614,0.67445002,36.37065563,23141.73216,37.92416333,0.718991527,0.44901361,1758.446773,1098.158329,1.601268895,0.127949183,1.282793869,0.2546,1.537393869,Leipzig,Germany,1340.3565,984.8029,0,2,0,1,23141.73216,0,588191.4072,61.41782937,11924.93676,0.2194
4318,3.245758889,1.566523443,2052113.058,2189737.944,52.07487847,55.56727827,5.52895661,37.45953599,18058.21457,18.60356939,0.586476501,0.346645705,1707.603498,1009.304579,1.69186144,0.131409901,1.357261086,0.2391,1.596361086,Leipzig,Germany,1161.5156,499.7727,0,2,0,1,18058.21457,0,588191.4072,43.05369434,7982.895006,0.1487
4319,7.514024178,5.597107108,494025.8302,1460192.66,6.488178241,19.17711518,35.21700563,40.77808426,11387.40109,2.821749439,1.308239319,0.578022005,2943.563766,1300.560689,2.263303659,0.131202248,1.463322982,0.7399,2.203222982,Leipzig,Germany,3272.8672,1168.8192,0,2,0,1,11387.40109,1,588191.4072,39.99300517,6894.403956,0.0605
4328,5.42039826,3.762460368,1697712.444,2064015.862,18.21331177,22.14306937,6.341342795,36.98906457,5712.033685,19.83670132,1.544427468,0.874236166,2324.391538,1315.741392,1.766602125,0.130777311,1.32876854,0.7283,2.05706854,Leipzig,Germany,3088.9068,1109.86,0,2,0,1,5712.033685,1,588191.4072,31.21902955,6857.145982,0.0298
4329,6.585394128,5.087358154,2894676.591,5449833.731,31.62823066,59.54675519,9.417393164,38.444129,14230.7968,13.84185133,0.991063599,0.542687088,2434.20476,1332.923028,1.826215549,0.121776404,1.311152184,0.6649,1.976052184,Leipzig,Germany,3341.0246,704.3344,0,2,0,1,14230.7968,1,588191.4072,38.36063761,7900.181309,0.0223
4347,4.752570116,3.879398051,4729873.078,5602851.989,31.58391843,37.41327034,4.196115116,35.72781309,23752.69857,16.70473646,0.892321389,0.573185922,1867.941459,1199.879059,1.556774781,0.134214626,1.35993563,0.4153,1.77523563,Leipzig,Germany,1982.1809,473.4121,0,2,0,1,23752.69857,0,588191.4072,19.99650259,5741.540899,0.1267
4356,6.465601557,0.323241506,1833720.914,7011806.974,1.222609851,4.675032176,49.8763351,45.79340896,2518.376452,1.23810987,1.469913724,0.734956862,3433.998035,1716.999018,2,0.158856235,2.033079738,0.1824,2.215479738,Leipzig,Germany,917.059,1149.2125,0,2,0,1,2518.376452,2,588191.4072,16.52772152,5613.483909,0.034
4357,5.120963978,1.324663431,3409187.826,4007906.715,31.11813761,36.58308051,15.5471537,38.21387189,15845.39257,12.91793766,0.543785202,0.416763559,1492.647561,1143.983153,1.304781069,0.119343642,1.567854054,0.4154,1.983254054,Leipzig,Germany,1644.9501,1424.7508,0,2,0,1,15845.39257,0,588191.4072,18.97627286,5654.346966,0.0415
101,0.235196231,1.830663922,13478857.69,13478857.69,118.6227234,118.6227234,3.665412755,40.64452281,0,15.92052564,0.614102852,0.395352094,40451.07674,23722.37312,1.705186767,0.159170749,0.955554847,0.3924,1.347954847,Clermont,France,1577.5713,685.3041,7759.381637,1,1,0,7759.381637,1,271377.663,116.0511311,16842.16719,0.056625
102,0.536975295,1.907123706,9516266.606,9516266.606,89.43790697,89.43790697,8.429140834,41.78505228,0,12.1340952,0.867544138,0.509623867,41465.24402,24377.22379,1.700983032,0.216908465,1.245635262,0.4363,1.681935262,Clermont,France,1976.5611,608.9504,14007.09219,1,1,0,14007.09219,1,271377.663,107.2465486,16068.73735,0.0497
103,1.772067082,0.305304966,4019385.164,4098232.683,56.97150371,58.08910293,19.66962862,37.77145126,0,9.963807387,0.875588403,0.522030725,38906.64314,21230.38158,1.83259274,0.195438013,1.416849468,0.6822,2.099049468,Clermont,France,3027.7833,629.8242,18828.00106,1,1,0,18828.00106,1,271377.663,86.7807403,14503.07974,0.02971
104,0.647796383,1.458591068,8620562.745,8771245.159,70.66308895,71.89823857,6.860868545,38.40644112,0,15.25224624,0.776106943,0.476437257,38227.42252,21768.37015,1.756099435,0.164490304,1.2152341,0.4353,1.6505341,Clermont,France,2001.2926,416.1096,6210.238618,1,1,0,6210.238618,1,271377.663,112.0212237,16619.15655,0.0612
105001,1.758292144,1.288424225,3925932.44,3925932.44,74.86218998,74.86218998,21.32182887,34.64901734,0,4.516913027,0.743934823,0.516281264,37706.21049,19670.91292,1.916851071,0.16228232,1.206117604,0.9365,2.142617604,Clermont,France,3864.2337,1465.9174,2875.32507,1,1,0,2875.32507,1,271377.663,81.00624006,14284.54712,0.0268
105002,1.752825323,1.699002112,1808387.441,1808761.44,34.39727652,34.40439034,30.5547511,36.14676068,0,2.620569402,0.999316332,0.528881469,40703.82353,20855.00298,1.951753427,0.165743503,1.251878953,0.6816,1.933478953,Clermont,France,3068.0441,264.3402,2359.433174,1,1,0,2359.433174,1,271377.663,88.96403191,15008.07772,0.0265
105003,1.668960502,1.611507502,3827959.916,4028651.805,62.27689224,65.54193874,30.11310354,36.8298287,0,3.161357153,1.007083543,0.531552611,40576.91407,21285.55941,1.906311847,0.175122971,1.133977267,0.5455,1.679477267,Clermont,France,2766.8051,280.8769,4201.648752,1,1,0,4201.648752,1,271377.663,98.75823726,16033.34065,0.0423
105004,3.421448198,2.75259481,3550027.139,3558658.205,33.22947032,33.31026006,34.4029584,35.28777525,0,8.267496405,1.285494663,0.741895832,42852.89024,19975.76029,2.145244518,0.170763996,0.767247353,0.977,1.744247353,Clermont,France,4505.9144,411.5748,4633.612913,1,1,0,4633.612913,1,271377.663,67.9472996,13187.38147,0.0255
105005,4.190536665,1.964097894,5711209.052,7362888.959,1.154988281,1.489010538,41.45215567,36.22532267,0,1.192657061,1.320736569,0.680333648,43292.4731,20517.95379,2.109980047,0.205097604,1.327609376,0.6716,1.999209376,Clermont,France,3089.5295,0,1232.533592,1,1,0,1232.533592,1,271377.663,34.07567277,9261.161639,0
105006,4.343864388,2.458034668,1282246.951,2536473.318,2.198057829,4.348082116,68.30585836,37.49138883,0,2.173310454,1.524896123,0.493444194,53954.75984,22968.88864,2.34903659,0.198502905,1.140167451,1.0485,2.188667451,Clermont,France,4695.4721,380.79,1617.328017,1,1,0,1617.328017,1,271377.663,16.73176747,5850.038249,0
106,1.794436345,0.527252799,9334842.459,9613904.402,49.00161332,50.4664999,16.55555304,34.07013221,0,11.80603578,0.915483146,0.46664183,38419.8647,19284.84812,1.992230608,0.15326813,1.093238969,0.5627,1.655938969,Clermont,France,2458.9132,614.5357,22522.702,1,1,0,22522.702,0,271377.663,87.67174093,14094.52834,0.054633333
107,4.055408007,2.30597218,1934991.22,2516089.222,30.98654298,40.29212434,41.45071544,34.04818121,0,8.732116942,1.081822379,0.453140598,43122.86368,18335.6998,2.351852624,0.239555821,1.085496252,0.7781,1.863596252,Clermont,France,3642.4687,394.7647,15029.84585,1,1,0,15029.84585,0,271377.663,51.35156276,9604.775078,0.024966667
108,1.437294993,2.51975771,1795781.664,2631973.632,31.36242425,45.96609671,32.47102371,39.5644928,0,1.883491318,1.199619515,0.60774419,47554.78828,23751.70763,2.002162919,0.207869063,1.454874489,0.7739,2.228774489,Clermont,France,3588.7605,272.8585,19212.92585,1,1,0,19212.92585,1,271377.663,65.15867169,11582.72233,0.026916667
109001,1.679244204,2.52211498,4861041.244,4861041.244,76.93544689,76.93544689,13.61887316,44.63825149,0,3.425918896,1.104044199,0.506418911,47811.99465,26950.67127,1.774055799,0.284538076,1.584926609,0.8279,2.412826609,Clermont,France,3692.1518,219.7688,1579.11502,1,1,0,1579.11502,2,271377.663,82.43456168,14062.84774,0.0053
109002,1.648341187,2.188805081,5554727.659,5554727.659,70.05373906,70.05373906,11.31344845,44.3508021,0,3.372185807,1.281517187,0.574952014,44975.27771,26280.25393,1.711371504,0.263746019,1.862897065,0.5007,2.363597065,Clermont,France,2273.3678,109.472,2006.462634,1,1,0,2006.462634,2,271377.663,83.86288329,14239.57091,0.0053
109003,1.33861641,1.754688661,9732133.331,9732133.331,71.57658331,71.57658331,11.26536347,43.10356419,0,6.556440861,1.824313813,0.697468759,42432.51386,25423.38293,1.669034919,0.234989576,1.516189781,1.111,2.627189781,Clermont,France,5447.5756,96.5961,1696.233935,1,1,0,1696.233935,1,271377.663,96.51373187,15185.54362,0.0148
109004,1.796878556,1.765390264,3246319.06,3295937.828,45.77186375,46.4714695,13.1660422,44.26269142,0,1.968686717,1.327702631,0.867142667,44709.1358,26333.72293,1.697790165,0.25072554,1.972601285,1.2014,3.174001285,Clermont,France,5659.9642,0,1773.484322,1,1,0,1773.484322,2,271377.663,80.59814818,13448.50294,0.0062
109005,2.315784029,2.332114282,4200813.622,4283258.908,39.45796611,40.23236926,16.34059135,45.49248762,0,1.719456673,0.768319757,0.589925131,47989.64555,27365.10655,1.753680201,0.268390575,2.003818051,0.8617,2.865518051,Clermont,France,3206.5822,1257.9846,2387.716841,1,1,0,2387.716841,2,271377.663,68.35539149,11841.6803,0.0027
109006,2.422796461,2.812678441,2739051.126,3216252.152,36.84773109,43.26739042,20.35290492,45.27865276,0,2.40984093,0.781411601,0.615843853,49835.08705,27639.30413,1.803051437,0.271650288,1.88365734,0.6883,2.57195734,Clermont,France,3749.3084,198.8645,2027.337304,1,1,0,2027.337304,2,271377.663,62.23401315,10689.40755,0.003
109007,2.326119216,3.244995239,1734235.117,1765405.175,26.54779911,27.02495266,28.61780852,44.76985945,0,0.759970881,1.734670611,0.786865224,53095.73345,27510.80297,1.929995773,0.240828652,1.565753701,0.6627,2.228453701,Clermont,France,3217.2243,0,3026.019487,1,1,0,3026.019487,2,271377.663,56.5207267,10831.8355,0.003
109008,1.421363028,2.58578312,5692852.142,5692852.142,67.97438997,67.97438997,8.706762315,43.29959345,0,4.181329449,1.125746261,0.790682202,43638.36623,25321.09889,1.723399384,0.258064208,1.499750092,0.7291,2.228850092,Clermont,France,3114.2929,351.158,2283.453951,1,1,0,2283.453951,1,271377.663,85.90334274,14179.8032,0.0053
109009,3.18263043,2.879138857,450133.9901,1439755.729,7.580853615,24.2473967,41.36141087,44.03068225,0,0.220436576,1.280396786,0.66375541,54322.96219,27455.71475,1.978566673,0.227915663,1.781279874,1.0498,2.831079874,Clermont,France,4740.3652,652.7698,5037.081812,1,1,0,5037.081812,2,271377.663,43.25774029,8069.749202,0
110,3.127365622,1.137754464,1800992.336,1884195.959,25.87658132,27.07204745,51.30748517,41.99919689,0,1.704900103,1.405045039,0.684904604,52375.18406,25688.8183,2.038831971,0.235926156,1.527446592,1.0071,2.534546592,Clermont,France,4611.075,317.6753,10319.91191,1,1,0,10319.91191,1,271377.663,67.77726131,11576.01711,0.030266667
111001,5.374476222,3.592454702,465759.6283,1553506.549,4.890900068,16.31323289,79.23112784,44.05965892,0,0.000637995,1.386565849,0.578550845,59263.05676,26757.38872,2.214829608,0.246339965,1.544696918,1.2855,2.830196918,Clermont,France,6550.1529,308.9874,2937.481319,1,1,0,2937.481319,2,271377.663,27.75024849,5999.312345,0.0119
111002,3.86708071,2.509440257,558967.1286,816435.9557,9.894023454,14.45136231,74.592057,44.60786088,0,0.077810279,1.697295701,0.707189014,67671.99306,28783.02619,2.35110765,0.212734305,1.425721277,1.0864,2.512121277,Clermont,France,5042.0729,341.086,3518.295313,1,1,0,3518.295313,2,271377.663,36.52422411,7573.462126,0
111003,6.715229723,1.552689899,480832.1091,1159426.874,7.324043701,17.66041189,88.21829953,44.00923752,0,0.001283982,1.444156628,0.416956902,69239.39575,27918.53881,2.480050845,0.188270218,0.999293255,1.518,2.517293255,Clermont,France,7573.3011,720.7202,2906.729114,1,1,0,2906.729114,2,271377.663,30.81093766,7510.971423,0.0313
111004,6.560543719,4.565112466,245392.6895,1504778.192,3.577786623,21.93942818,86.09013762,42.40027765,0,2.56E-07,1.643088584,0.740328861,61980.55808,26630.96823,2.32738658,0.226719273,1.396718493,2.3742,3.770918493,Clermont,France,11109.8517,219.5541,4042.492439,1,1,0,4042.492439,2,271377.663,16.73176747,3313.476999,0
111005,4.656517649,2.680546562,1050987.519,1878297.426,11.21049503,20.03510373,60.11763396,44.26819376,0,0.048584299,1.186372102,0.653846498,53085.08484,25186.35134,2.10769254,0.28505819,1.606766838,1.124,2.730766838,Clermont,France,5471.9422,0,2191.692506,1,1,0,2191.692506,1,271377.663,38.97277545,7414.474015,0.0145
111006,5.218963537,3.286755861,430816.0751,1497607.942,6.21592615,21.60787609,69.2037047,42.99956205,0,0.033333554,1.111588171,0.525755765,55215.60251,25564.9828,2.159813795,0.288813559,1.622670438,1.1339,2.756570438,Clermont,France,4100.4296,1306.3732,2272.803386,1,1,0,2272.803386,1,271377.663,37.74849978,7399.435421,0
112,4.108730244,2.453767636,2373233.622,3369143.592,11.97979899,17.0070332,54.25181398,39.74839446,0,3.623503456,1.183646253,0.627323485,48480.95097,23775.86786,2.039082285,0.210983172,1.212822549,0.8881,2.100922549,Clermont,France,3958.7201,466.527,9310.022704,1,1,0,9310.022704,1,271377.663,60.22756136,10234.75894,0.013883333
113001,9.782616323,0.766384185,1939442.517,2702787.69,20.48101092,28.54213193,75.1880722,40.75824973,0,0.001614901,1,0.816446576,51612.02389,23489.70276,2.197219114,0.256597565,1.082175929,2.3765,3.458675929,Clermont,France,10981.9995,0,2763.098825,1,1,0,2763.098825,1,271377.663,54.88835914,9705.159085,0.0619
113002,10.76925886,1.762286545,381570.2197,1056062.621,9.263528731,25.63844327,79.93580078,38.14866497,0,0.003139755,2.366387495,0.865928407,58875.75254,23428.53085,2.51299379,0.182050813,1.024531416,1.1794,2.203931416,Clermont,France,5155.9191,104.4892,2709.322514,1,1,0,2709.322514,1,271377.663,38.56468356,7529.785275,0.0734
113003,8.856830158,0.752988229,1301010.797,1396381.306,24.87503684,26.69849974,75.86273293,39.88990583,0,0.062874249,1.507271325,0.631090664,55370.12947,24039.42637,2.303304938,0.225476852,0.980815099,0.9957,1.976515099,Clermont,France,4738.9883,247.4648,4387.40066,1,1,0,4387.40066,1,271377.663,60.1935537,10832.67637,0.0189
113004,9.950507589,1.248276457,1263373.386,1269249.738,36.8487992,37.0201947,55.60879269,39.45576878,0,0.065159477,1.456704206,0.864483993,46355.61415,21767.93176,2.129536911,0.26959447,1.332924128,0.6284,1.961324128,Clermont,France,2860.248,0,2265.016242,1,1,0,2265.016242,1,271377.663,87.12761841,14755.59882,0.0197
113005,9.830133676,0.667228711,2010619.465,2010619.465,47.91830991,47.91830991,60.15731162,38.70711099,0,0.020187118,1.555557952,0.683036675,46125.79087,21119.90129,2.183996517,0.275185432,1.573278853,1.2457,2.818978853,Clermont,France,5190.745,1640.2597,2894.105074,1,1,0,2894.105074,1,271377.663,76.92532117,13421.10916,0.0353
113006,7.472034814,1.098486261,5633425.142,10048887.19,0.540246327,0.963689809,64.67255678,38.93597075,0,0.041878411,1,1,51249.77597,23561.19354,2.175177411,0.153990032,0.993019009,0.4459,1.438919009,Clermont,France,0,7452.7498,276.5229982,1,1,0,276.5229982,1,271377.663,35.50399439,7545.594755,0
113007,9.164927184,2.058025687,102537.1665,656376.3437,0.913092818,5.845027183,79.58432568,40.72253183,0,0.017279828,1.5,0.75,66544.76538,26432.24859,2.517559759,0.174921318,0.974660809,1.4929,2.467560809,Clermont,France,9458.7886,0,661.8864312,1,1,0,661.8864312,2,271377.663,32.44330521,5220.615479,0.0201
113008,9.916370792,1.964787187,1474056.626,1743575.958,29.73219427,35.16848552,46.2015206,39.69100703,0,0.057952178,1.298087273,0.452176084,49602.1214,23662.1884,2.096260944,0.184172423,1.011396334,1.2722,2.283596334,Clermont,France,6111.248,250.7101,4505.899654,1,1,0,4505.899654,1,271377.663,57.54095642,10122.65402,0.0103
113009,10.58228445,1.990918643,854091.6964,894523.2659,27.16732795,28.45339326,70.35791987,41.14499284,0,0.080774627,1.341030128,0.736273779,53781.85459,24326.05781,2.210874241,0.276466338,1.402163268,1.1573,2.559463268,Clermont,France,5305.2631,482.7512,2676.507377,1,1,0,2676.507377,1,271377.663,71.00798877,12474.34189,0.0153
113010,10.71003415,1.585865935,942530.4762,1170892.186,24.50184148,30.4382887,81.70791882,40.41664032,0,0.058353064,1.66958853,0.561920093,54646.65916,23656.66349,2.30999013,0.298206914,1.453553134,1.905,3.358553134,Clermont,France,9203.8107,905.6915,2494.583492,1,1,0,2494.583492,1,271377.663,56.92881858,10248.50548,0.0184
114001,8.887262787,4.379442875,1403036.647,1549620.871,25.97036261,28.6836527,82.61749875,40.73033819,0,0.160097293,1.426855429,0.744115142,52856.06669,23743.10529,2.226164862,0.23476738,1.031287687,1.3804,2.411687687,Clermont,France,6341.1827,411.8488,3349.245133,1,1,0,3349.245133,1,271377.663,60.1935537,10738.67485,0.0286
114002,8.370466852,4.548880124,1065963.919,2483455.12,0.29098123,0.67792053,65.57225836,38.78878496,0,0.063954891,2,0.4,49383.94896,21632.34708,2.282875213,0.221454326,1.002748989,1.1972,2.199948989,Clermont,France,6304.2056,82.4576,156.4638529,1,1,0,156.4638529,1,271377.663,30.81093766,7310.057788,0
114003,9.025106041,3.784722771,102177.8237,938836.143,2.362782629,21.70985493,91.73708175,40.33595179,0,0.031901865,2,0.778126121,61040.35025,25074.15619,2.434392998,0.172086564,0.970369901,1.3534,2.323769901,Clermont,France,6463.8568,0,494.8432193,1,1,0,494.8432193,1,271377.663,36.11613222,5836.914014,0.0196
114004,7.99448302,3.887900096,1525925.533,1552505.526,28.49370331,28.99003318,63.33898298,39.80924372,0,0.20474387,1.521323822,0.534329314,47434.85664,22118.13676,2.144613589,0.269848496,1.14063086,1.3018,2.44243086,Clermont,France,6007.0907,39.0237,1608.014521,1,1,0,1608.014521,1,271377.663,61.00973748,11321.36967,0
114005,7.920992637,3.457038615,273685.2793,989121.3609,8.9446163,32.3265872,62.59495443,38.95543356,0,0.089068496,1.981397658,0.758296037,50331.42625,22461.24201,2.24081225,0.213215714,1.095825483,1.3212,2.417025483,Clermont,France,5942.9751,121.9609,2641.933274,1,1,0,2641.933274,1,271377.663,53.46003752,9487.95381,0
114007,6.191913564,4.256398584,1528106.837,2159308.526,9.265149633,13.09222373,59.68556959,36.99137765,0,0.016394504,1.306955531,0.643390445,45452.2186,20572.63141,2.209353665,0.219568535,1.079177025,0.6249,1.704077025,Clermont,France,2881.1571,68.388,4012.462938,1,1,0,4012.462938,1,271377.663,29.99475388,5603.090216,0.0315
115001,12.82739093,8.596900485,1513287.119,2061861.73,13.70776972,18.67690898,77.40427498,40.00695282,0,2.31E-17,1.366808873,0.614538722,50862.77462,22599.52638,2.250612414,0.180443459,0.941131946,1.6005,2.541631946,Clermont,France,7774.7387,1367.0479,1576.674562,1,1,0,1576.674562,1,271377.663,37.74849978,7162.922093,0.0327
115002,13.41718033,9.239248652,333968.7179,1152172.651,4.699760004,16.21389865,80.20849444,38.81309873,0,3.72E-24,1.944539242,0.674130077,56243.83122,23066.23969,2.438361518,0.148064804,0.923435839,2.1326,3.056035839,Clermont,France,9475.0851,1298.951,3805.075211,1,1,0,3805.075211,1,271377.663,33.46353494,6320.769795,0.037
115003,12.26869936,9.057172157,348366.4648,1032836.426,9.296337282,27.56176826,85.42621608,40.04920273,0,1.08E-16,1.60686773,0.682807684,58547.27218,24158.81609,2.423433001,0.181108962,0.829858673,1.1955,2.025358673,Clermont,France,4783.3326,1287.6015,3078.611799,1,1,0,3078.611799,1,271377.663,45.29819973,8807.879898,0
115004,11.37191437,7.763455204,357723.4033,1210722.077,4.155343225,14.063843,83.19903627,39.90033877,0,4.15E-05,1.731150144,0.656550927,56375.73964,23673.64048,2.381371791,0.19643868,0.800606223,1.5969,2.397506223,Clermont,France,7047.2571,468.6139,3760.638429,1,1,0,3760.638429,1,271377.663,42.23751056,8552.332757,0
116001,7.671802228,2.119093857,486304.8651,1207968.268,11.025014,27.38583968,60.53031724,37.31345602,0,0.000407012,1.541202956,0.589530062,50796.90227,22019.81108,2.306872756,0.177191852,0.88851352,1.8708,2.75931352,Clermont,France,8758.1595,666.5623,3617.303283,1,1,0,3617.303283,1,271377.663,55.90858886,9340.46736,0.0182
116002,5.737948112,3.543864402,2823351.876,3891082.172,9.690454991,13.35517438,69.45389371,36.15606064,0,0.776526758,1.420885474,0.726855871,49707.96723,21224.38863,2.342021157,0.218041135,1.004264587,0.6845,1.688764587,Clermont,France,3595.2444,99.2784,1875.229921,1,1,0,1875.229921,1,271377.663,46.93056729,8801.787495,0.0151
116003,7.13042886,1.250490941,909071.733,2240201.503,0.462257597,1.139129208,80.32225859,34.33298852,0,0.906691476,2,0.5,57493.17151,21082.91533,2.727002913,0.177935103,0.852907421,1.727,2.579907421,Clermont,France,10793.0879,0,163.2871459,1,1,0,163.2871459,1,271377.663,26.32192687,5305.397997,0.032
116004,6.8108726,2.584113222,2206212.597,2206212.597,57.32966968,57.32966968,65.27138129,37.85828418,0,0.014242663,1.345742513,0.628380481,48201.70643,21641.05274,2.227327247,0.223314846,0.982113082,1.1757,2.157813082,Clermont,France,5402.5189,315.9709,2490.987765,1,1,0,2490.987765,1,271377.663,68.15134555,10827.83783,0.0157
116007,7.055981294,3.119800316,882916.684,953799.2228,27.80170959,30.03369342,60.37636353,35.61090168,0,0.015258285,1.69920162,0.644681391,47884.99613,20831.90572,2.298637329,0.181678175,0.825552023,1.2607,2.086252023,Clermont,France,5616.9543,854.7997,2033.082453,1,1,0,2033.082453,1,271377.663,62.23401315,10270.36492,0.0035
117001,5.661040569,4.440565416,276746.4747,1148406.761,5.34884736,22.19595563,85.67746745,41.43912293,0,0.004319493,1.43207884,0.596450921,56779.3478,24679.82103,2.300638555,0.269738488,1.286592973,1.4948,2.781392973,Clermont,France,6785.1421,659.7717,3755.001701,1,1,0,3755.001701,1,271377.663,36.52422411,5982.424482,0
117002,5.849561975,2.773579674,1299272.658,1396199.457,31.5749574,33.93047494,72.07790499,40.21876492,0,0.12646681,1.56278215,0.604543096,51621.36696,23113.00233,2.233434075,0.23756913,1.374246239,1.2604,2.634646239,Clermont,France,5314.9095,976.1062,2758.955478,1,1,0,2758.955478,1,271377.663,37.54445383,7815.945022,0.0051
117003,6.465158162,2.604805022,480619.2951,1080254.603,9.214709095,20.71126152,71.37143288,39.75334604,0,0.048851991,1.417413714,0.679840567,51994.59792,23004.96581,2.260146715,0.221840679,1.257278973,1.8549,3.112178973,Clermont,France,8075.005,259.4305,2747.320376,1,1,0,2747.320376,1,271377.663,29.79070793,6055.551896,0
117004,4.9924018,3.24994598,420574.3211,820314.8301,11.05799356,21.56821197,63.84231951,39.7497593,0,1.440162727,2.266781796,0.830798413,50044.30371,21968.82895,2.277968653,0.303574254,1.493905747,1.6023,3.096205747,Clermont,France,7205.5191,145.7502,2869.845162,1,1,0,2869.845162,1,271377.663,38.7687295,7614.910999,0.0243
117006,7.885077864,3.00224954,207132.0137,657602.5116,4.02392311,12.77514709,88.04347433,42.59678412,0,0.002065186,1.404693687,0.776336625,62207.66183,25728.01443,2.417895948,0.222025015,1.525595506,1.8105,3.336095506,Clermont,France,7877.505,549.3321,3670.627036,1,1,0,3670.627036,1,271377.663,19.5884107,4482.028332,0
118001,3.134851356,4.58512585,379259.4001,1025120.457,4.666500743,12.6133337,71.9038934,44.86378725,0,0.025738863,1.501295375,0.69290486,62164.43601,27906.93791,2.227562057,0.254701655,1.746268591,1.1217,2.867968591,Clermont,France,4929.4324,539.3261,1864.687705,1,1,0,1864.687705,2,271377.663,24.48551337,5701.863349,0
118002,4.091842299,4.758896667,272022.1659,923365.1844,5.896133786,20.01412143,88.15796515,42.98250541,0,0.001968302,2.113890839,0.854413664,64123.7586,26983.21268,2.376431575,0.210154319,1.594039305,1.4861,3.080139305,Clermont,France,6666.6481,239.6868,2517.46858,1,1,0,2517.46858,2,271377.663,16.11962964,3892.226387,0
118003,6.922396716,6.7884811,253036.961,1273555.213,3.743056931,18.83910418,94.34334608,43.40093343,0,1.11E-09,1.756203026,0.727969902,63160.34282,26129.04908,2.417246132,0.212653528,1.507333846,1.6599,3.167233846,Clermont,France,7691.7527,852.8166,3148.127646,1,1,0,3148.127646,1,271377.663,18.56818097,4087.436531,0
119001,5.592511278,6.163981843,80362.3713,693846.7663,0.898111899,7.754276374,88.14480406,46.78445433,0,0.016273747,1.931830653,0.868540373,68707.9985,27984.36426,2.455228136,0.208252635,1.680151407,1.7964,3.476551407,Clermont,France,8122.6176,261.8279,3843.706956,1,1,0,3843.706956,2,271377.663,13.46703235,3865.863243,0
119002,8.767680705,7.474304965,75222.01396,860623.4501,0.790715959,9.046669466,95.15218243,43.04996258,0,1.99E-06,1.925308086,0.684124026,68232.53571,26752.73432,2.550488294,0.159687711,1.112409527,2.1106,3.223009527,Clermont,France,10080.9876,632.5258,4097.32284,1,1,0,4097.32284,2,271377.663,3.672827005,1336.670092,0
101,0.653853723,3.223672476,9885968.175,9895401.988,91.46103771,91.54831558,3.647359794,40.0661876,0,56.355115,0.570528385,0.388136022,41781.93466,24854.50248,1.681060995,0.191112916,1.244508121,0.3797,1.624208121,Dijon,France,1559.6163,804.6497,10908.08574,1,1,0,10908.08574,1,225630.153,100.2273681,15657.37587,0.15192
102,0.823026422,2.783276323,7786424.037,7786424.037,98.28354091,98.28354091,9.02160633,39.93086211,0,59.47961062,0.645140929,0.412290911,43289.04056,25212.30828,1.716980456,0.210003132,1.387370034,0.3621,1.749470034,Dijon,France,1538.0096,1000.7786,7324.290576,1,1,0,7324.290576,1,225630.153,104.6755697,16347.96506,0.133225
103,1.3428222,2.973901792,6377784.37,6715257.031,60.39380953,63.58947411,8.278360138,38.90626831,0,37.87666684,0.914202317,0.556039936,42499.80998,24524.12755,1.732979487,0.201175811,1.199714402,0.6109,1.810614402,Dijon,France,2698.6299,730.7336,7367.58952,1,1,0,7367.58952,1,225630.153,90.74943393,14897.72371,0.139825
104,0.726849518,2.43552098,3823247.966,4364475.665,37.29744475,42.57735606,8.939503286,36.88093733,0,45.11457924,0.933395666,0.566379089,39823.49346,22491.52598,1.770599892,0.183636826,0.988095324,0.4941,1.482195324,Dijon,France,2222.9274,389.3692,7401.81128,1,1,0,7401.81128,1,225630.153,78.69371936,13458.11674,0.09445
105,1.059589842,3.784821829,3104364.618,3133232.173,62.59102039,63.17305566,19.47487759,40.24650773,0,35.61594481,1.055222336,0.574097242,48895.02468,25967.36369,1.882941421,0.242109514,1.651479346,0.4895,2.140979346,Dijon,France,2056.4064,467.6992,10830.77987,1,1,0,10830.77987,1,225630.153,86.26042314,14673.2596,0.057175
106,1.197325544,2.68704041,3012242.033,3012242.033,77.29065883,77.29065883,18.99452434,37.95443249,0,36.84397806,1.050764718,0.598101755,45707.20101,24714.4963,1.84940856,0.214084818,1.355939757,0.6107,1.966639757,Dijon,France,2763.1608,341.7222,7681.347445,1,1,0,7681.347445,1,225630.153,106.8180521,17400.70588,0.0802
107,2.0625098,1.652336078,3247058.999,3304195.557,59.01243778,60.05084441,22.43255379,34.12448823,0,27.4620828,1.103166896,0.539771605,45392.46109,22308.6599,2.034746205,0.168521446,1.114559183,0.8361,1.950659183,Dijon,France,3851.9021,620.5015,14554.39694,1,1,0,14554.39694,1,225630.153,84.78109004,14622.31128,0.094416667
108,3.93334319,2.162422226,2945954.366,3897117.564,17.05508467,22.56167672,14.62121074,37.20049345,0,11.95794534,1.174874897,0.59633328,49321.19548,25023.66693,1.970981936,0.138152284,0.639209167,0.7718,1.411009167,Dijon,France,3379.2225,844.3998,7880.303408,1,1,0,7880.303408,1,225630.153,45.45123419,9172.033299,0.007275
109,3.377214366,0.245757556,5036958.259,5286119.762,23.20648344,24.35443067,15.72934444,32.03148482,0,18.37423291,0.677314152,0.344043299,39562.14393,19101.82557,2.07111848,0.183758639,0.891816345,0.4179,1.309716345,Dijon,France,1769.7595,792.169,8267.61739,1,1,0,8267.61739,0,225630.153,67.81126897,12247.75547,0.0744
110,2.726979745,2.670406731,3639690.158,4161740.036,18.22545041,20.83957242,23.10941342,36.59376947,0,23.01196102,0.913165782,0.567496627,43087.52878,22915.84474,1.880250511,0.196217536,1.230159464,0.3897,1.619859464,Dijon,France,1672.0175,418.3238,8432.024862,1,1,0,8432.024862,1,225630.153,60.04051924,11215.62057,0.0491125
111,2.386834792,2.424439679,992334.8217,1452717.977,16.99946212,24.88618124,29.20344046,36.42523948,0,11.5790175,1.055644597,0.560146196,44496.73889,22804.61326,1.951216554,0.199723732,1.207517809,0.7617,1.969217809,Dijon,France,3526.9688,475.4797,10927.81164,1,1,0,10927.81164,1,225630.153,53.86812941,10337.3326,0.031683333
112,1.914165796,1.336057462,2918822.861,3372100.474,45.24366403,52.26976359,28.60597104,35.1678867,0,24.64843248,0.984499242,0.507825741,43310.05974,21853.09292,1.981873225,0.22322074,1.252870573,0.6004,1.853270573,Dijon,France,2576.1453,698.0835,13691.88631,1,1,0,13691.88631,1,225630.153,65.70279421,12535.01219,0.022557143
113,2.814059695,2.680414599,733251.5915,1097679.573,10.70280279,16.02212411,52.2120339,40.23672622,0,8.502392581,1.49412102,0.677607203,53973.04258,24797.65507,2.176538162,0.256436081,1.398860505,1.027,2.425860505,Dijon,France,4612.3337,441.3679,5866.466083,1,1,0,5866.466083,1,225630.153,42.15589218,8672.599029,0.02166
114,2.259032349,3.107764671,1251217.969,2443942.469,20.24401871,39.54164525,7.81840642,33.41392068,0,10.23934466,0.787956808,0.346556711,38299.34061,17202.47586,2.226385371,0.194393313,0.712613084,0.5224,1.235013084,Dijon,France,2189.9097,1018.3665,7374.807643,1,1,0,7374.807643,0,225630.153,41.70699111,8829.295745,0.05734
115002,7.480509528,6.127191599,32834.25278,183581.9246,0.629447818,3.519350436,93.28721496,48.28638957,0,0.060597267,1.42885094,0.737220802,65280.706,27687.10628,2.357801691,0.320347732,1.940166234,1.1804,3.120566234,Dijon,France,5756.5216,0,920.25,1,1,0,920.25,2,225630.153,10.40634318,1537.926525,0
115003,4.90470875,6.145903827,101306.1057,629657.347,1.832110303,11.38728712,49.59083288,37.46279903,0,1.43897915,1.450070809,0.586564763,48867.90567,22022.18695,2.219030552,0.191878362,1.390897102,1.3231,2.713997102,Dijon,France,5426.0467,1686.0166,2781.942982,1,1,0,2781.942982,1,225630.153,12.65084857,3563.111297,0.0603
115004,4.233730066,5.805909832,94880.17414,677648.2414,1.377813033,9.840544528,87.1112761,51.1336679,0,1.265114906,1.714778256,0.778508838,78402.42217,30758.40411,2.54897562,0.230659463,1.547586607,0.8421,2.389686607,Dijon,France,3769.4826,93.9888,1619.191403,1,1,0,1619.191403,2,225630.153,1.020229724,674.9086923,0
115006,5.773515469,6.552645996,88118.63612,1036750.769,1.270521038,14.94818487,92.67909275,47.04129249,0,0.44521748,1.901593741,0.643376755,80144.75679,29952.54738,2.675724231,0.198152037,1.572735404,1.328,2.900735404,Dijon,France,5622.4166,738.1727,1191.5,1,1,0,1191.5,2,225630.153,8.365883735,1780.15722,0
115008,4.512124844,3.921085998,234266.1076,1315447.058,2.223859058,12.48737551,78.64191073,47.41313175,0,1.18138583,1.798855404,0.769665253,68579.88493,29404.92906,2.332258132,0.255833343,1.553318318,1.3566,2.909918318,Dijon,France,6481.9941,203.2129,1441.199034,1,1,0,1441.199034,2,225630.153,15.91558369,3789.642493,0.0897
116,2.768609269,4.875954792,1123168.806,1712494.019,22.31231221,34.01955341,32.2404896,40.98738443,0,15.19297651,1.102011202,0.532183571,50852.9905,23876.63081,2.129822708,0.238784821,1.317490771,0.9276,2.245090771,Dijon,France,4333.4303,649.7861,10986.42133,1,1,0,10986.42133,1,225630.153,42.87879782,9126.6865,0.046614286
117,2.787405913,3.201746472,1492092.075,2026991.147,19.8305472,26.93958657,51.70230058,44.95248671,0,14.55716714,1.518305761,0.690188622,60729.6234,28322.51134,2.144217462,0.270747058,1.478477212,0.7719,2.250377212,Dijon,France,3506.5049,235.6039,8911.564829,1,1,0,8911.564829,2,225630.153,77.537459,12835.51681,0.0307
118001,3.809361246,1.122212637,1249570.532,1444981.181,43.21296638,49.97070721,36.84065146,34.48159552,0,10.5890661,1.191437055,0.637689276,47055.97905,20992.28752,2.241584154,0.206652188,1.009298005,0.7078,1.717098005,Dijon,France,3284.8402,198.929,2938.653899,1,1,0,2938.653899,1,225630.153,59.37736992,10517.75778,0.0261
118002,4.290864713,0.919041997,932247.8488,2667585.958,3.188006898,9.122340637,52.34507645,37.34712614,0,3.874161786,1.549273083,0.621852485,56991.21891,24612.72904,2.315518073,0.181436289,1.056245489,0.9273,1.983545489,Dijon,France,4314.6085,368.3062,1485.601268,1,1,0,1485.601268,1,225630.153,36.72827005,7492.283671,0.0154
118003,4.1370442,1.712391849,1247623.597,1247918.871,41.27509627,41.28486482,59.39273474,38.28623038,0,7.856088092,1.390036261,0.654033997,55428.94164,25220.69045,2.197756709,0.216793436,1.208228023,0.9941,2.202328023,Dijon,France,4073.0107,787.7901,2466.840991,1,1,0,2466.840991,1,225630.153,50.6033943,9762.797372,0.0193
118004,4.33200686,1.949363871,717909.0665,2257718.551,3.397447304,10.68447267,38.04431369,35.01935504,0,5.160507975,1.988626637,0.843131691,49958.95705,22799.80458,2.191201108,0.149337037,0.935422991,1.0628,1.998222991,Dijon,France,4615.1952,508.2445,1485.781715,1,1,0,1485.781715,1,225630.153,45.09415379,8943.135834,0.0016
119,5.464570867,0.558117544,1653487.171,3178369.561,10.79873715,20.75757106,44.66948397,36.60854685,0,5.40342046,1.256263745,0.53599876,51059.53862,22166.35281,2.303470447,0.210434359,0.73068014,0.8273,1.55798014,Dijon,France,3612.2995,703.7825,8911.566374,1,1,0,8911.566374,1,225630.153,47.70594188,8715.484793,0.08902
120001,7.637867927,2.2691244,369106.4058,1144732.091,6.464400433,20.04843728,52.27983002,37.29699506,0,2.981668872,1.590341919,0.685973053,58877.66217,23898.98777,2.46360485,0.170945318,0.751821439,0.8093,1.561121439,Dijon,France,3327.293,508.4979,2015.406645,1,1,0,2015.406645,1,225630.153,43.86987812,7952.851281,0.0082
120002,7.787100699,2.404829287,1705752.209,1832568.673,56.47604069,60.67482864,25.17270126,34.70106594,0,4.626324469,1.049993816,0.471826976,46555.878,21187.45325,2.197332424,0.187750132,0.719554921,0.9524,1.671954921,Dijon,France,4512.175,246.8711,3096.078057,1,1,0,3096.078057,1,225630.153,45.09415379,8279.186245,0
120003,8.380134962,3.244064058,2071272.341,3659138.943,13.63293853,24.08414157,47.51992469,36.3001555,0,2.882590551,1.574927483,0.643775735,53489.32881,23335.26753,2.292209795,0.17042197,0.73595191,1.1593,1.89525191,Dijon,France,5236.102,437.6117,4414.993363,1,1,0,4414.993363,1,225630.153,23.46528365,4738.891978,0
120006,8.441074042,3.055975506,936208.2569,1056519.251,19.91195248,22.47081347,31.504329,37.8424854,0,3.214814609,1.574000285,0.719307945,46695.7276,22913.88864,2.037878788,0.282580988,1.254956297,2.0598,3.314756297,Dijon,France,10078.3235,552.7041,1282.277625,1,1,0,1282.277625,1,225630.153,36.932316,6522.788747,0
121001,8.424409777,5.756417327,87636.31196,587669.7376,1.953254191,13.09809087,94.93724333,44.0755354,0,0.216336454,1.673199331,0.74910428,66543.72905,26459.75927,2.514903041,0.223046649,1.317179944,1.5451,2.862279944,Dijon,France,6618.0206,559.0116,2121.136587,1,1,0,2121.136587,2,225630.153,9.998251293,2332.10803,0
121003,6.40979061,4.547098907,434599.3537,978839.563,0.658891531,1.484008416,87.255905,43.54049794,0,0.556315792,1.446162853,0.615744084,59269.25711,24425.94915,2.42648737,0.226210788,1.48661115,1.4725,2.95911115,Dijon,France,5960.197,1242.7204,890.1580179,1,1,0,890.1580179,1,225630.153,7.957791845,1881.311568,0
121005,11.21419997,8.02917693,201456.5971,1240578.707,1.659051608,10.21651377,90.22031166,38.15204442,0,0.264448014,1.076580911,0.380619092,62718.21762,23567.61292,2.661203654,0.16371905,1.153721426,1.6145,2.768221426,Dijon,France,7158.177,752.4256,990.5,1,1,0,990.5,1,225630.153,8.365883735,2621.167269,0
121006,6.40475698,1.694807588,302135.0711,1063842.418,6.414186443,22.58487765,76.86054034,36.76284915,0,2.745952702,1.59135313,0.648842146,61524.64973,23709.82198,2.594901378,0.14367014,1.047649189,1.2959,2.343549189,Dijon,France,6047.3323,624.0395,2309.684831,1,1,0,2309.684831,1,225630.153,19.38436475,3677.329687,0.047
121007,7.614557017,3.282275423,271880.3286,860855.3612,6.40204649,20.27081574,85.11611144,37.76931009,0,1.606535503,1.968832371,0.711668443,56595.6659,22746.50828,2.488103457,0.206767829,1.195843899,1.8708,3.066643899,Dijon,France,8507.0531,988.0838,1740.280267,1,1,0,1740.280267,1,225630.153,21.62887014,4052.544266,0.0351
121008,8.67856643,4.021742876,210413.1289,984356.1239,2.642379118,12.36159588,81.22581572,38.94847012,0,1.110227017,1.539637928,0.766820674,63932.75867,24558.97348,2.603234158,0.14465923,1.079813246,1.1222,2.202013246,Dijon,France,5368.7628,61.4245,927.0488304,1,1,0,927.0488304,1,225630.153,19.18031881,4012.716334,0.0596
121009,11.06805781,5.771949807,52726.82603,563369.2089,1.126583944,12.03718776,98.50210865,41.26865067,0,0.082891093,2,0.573637275,73629.02838,26664.92005,2.761269422,0.172001603,1.239682169,2.2601,3.499782169,Dijon,France,11763.0562,0,1142.931391,1,1,0,1142.931391,2,225630.153,8.569929679,1929.291544,0
121010,11.30794431,6.039805226,66650.16489,712816.9958,2.538873957,27.15300869,86.60521388,37.19953548,0,0.084449986,1.436710762,0.494417972,68773.71259,24644.94898,2.790580441,0.10645828,0.761424878,2.0814,2.842824878,Dijon,France,10808.0407,382.2336,1937.5,1,1,0,1937.5,1,225630.153,7.7537459,1601.92125,0
122002,3.302150549,2.552996462,1070285.135,1501167.94,18.3484037,25.7352312,50.66950717,38.30914146,0,10.46006997,1.119147989,0.489642069,47929.2031,23284.06103,2.058455483,0.241034976,1.568246915,0.7187,2.286946915,Dijon,France,2609.2355,1304.2538,2173.533746,1,1,0,2173.533746,1,225630.153,44.6860619,8511.294016,0.0094
122003,5.012154357,3.235134915,1778330.33,1847608.722,67.21992624,69.83861205,31.92103561,33.32519015,0,11.43501438,0.894963899,0.47739666,43302.17585,18892.55399,2.292023401,0.207486781,0.940999803,1.2616,2.202599803,Dijon,France,5061.9395,1260.7608,1801.137125,1,1,0,1801.137125,0,225630.153,31.42307549,5782.442929,0.0564
122004,4.669552378,3.400546418,531648.3677,1024386.405,14.22409304,27.40715184,35.89250952,35.7849465,0,7.277709542,0.980687895,0.439242748,46062.75379,20899.9103,2.203968971,0.168395419,1.078673383,0.7949,1.873573383,Dijon,France,3203.401,932.9215,4124.498967,1,1,0,4124.498967,1,225630.153,33.87162683,6293.250527,0.0523
123,3.732734308,0.632617558,2197575.027,3945745.715,18.23200679,32.73556614,32.25335229,32.62863701,0,9.796129631,0.988959883,0.436594087,44286.26857,19172.51652,2.309882926,0.204427573,0.990324889,0.6428,1.633124889,Dijon,France,2959.5108,933.6639,13657.20064,1,1,0,13657.20064,0,225630.153,54.76593157,9903.17284,0.00219
124001,6.546261279,3.57495514,108778.4371,1029472.124,2.396814753,22.68330046,75.075833,40.74985162,0,0.986414498,1.302009667,0.58202362,62012.85285,26290.88113,2.358720978,0.218865171,1.393454402,0.9614,2.354854402,Dijon,France,4129.7372,311.4349,2189.822549,1,1,0,2189.822549,2,225630.153,1.836413503,831.9159254,0
124003,5.226841993,2.199911468,636154.0498,1273076.845,22.60375036,45.2348157,76.20623088,35.6161742,0,7.913642911,1.498773253,0.600421895,55647.10478,23021.53931,2.417175673,0.222057737,1.199767962,0.8607,2.060467962,Dijon,France,3608.7608,753.1027,3131.379525,1,1,0,3131.379525,1,225630.153,53.86812941,9312.366969,0
124004,6.312520572,3.164776567,282184.3904,1352016.275,3.031782243,14.52603005,69.83648457,40.03138813,0,1.145468558,1.482047732,0.630055804,57268.65264,24759.23746,2.313021665,0.197988532,1.126155067,1.133,2.259155067,Dijon,France,5532.1831,38.206,2034.852294,1,1,0,2034.852294,1,225630.153,33.05544305,6629.039144,0.0045
101,1.023777502,2.136400244,29674499.57,33111691.53,57.24670641,63.87758214,3.273104704,39.82404944,0,47.49536186,0.439559613,0.296342724,41385.70074,25667.64622,1.612368364,0.127489554,1.1607807,0.6003,1.7610807,Lille,France,2288.2169,2307.4411,5835.81032,2,1,0,5835.81032,1,1081875.957,94.37476748,17553.2732,0.315244828
102,0.296011443,1.883697505,12430598.75,14464205.18,74.56893054,86.76817045,10.22407715,36.44783381,0,33.47029486,0.632942117,0.391338991,40157.72157,22640.34494,1.773723928,0.112581042,0.905208442,0.7952,1.700408442,Lille,France,3395.588,1513.8798,12951.8735,2,1,0,12951.8735,1,1081875.957,95.32167398,17774.66644,0.364284211
103,1.166079556,0.845142817,7467772.976,7467772.976,110.0082559,110.0082559,15.08158056,35.00180467,0,32.74516499,0.516575128,0.334343292,37002.50873,21290.59385,1.737974478,0.107935497,0.723309565,0.6598,1.383109565,Lille,France,2735.7419,1589.4405,14657.73117,2,1,0,14657.73117,1,1081875.957,99.09831383,17076.98097,0.360520833
104,2.14465468,0.295013327,6090136.597,6090136.597,106.0345287,106.0345287,19.48089298,34.14478703,0,33.5714777,0.767517407,0.439434258,39264.1667,20451.23912,1.91989182,0.11959352,0.99013378,0.8443,1.83443378,Lille,France,3552.4854,2035.3232,15561.0453,2,1,0,15561.0453,1,1081875.957,89.66685683,15542.44226,0.272572222
105,1.729876442,0.846619074,10175202.32,10176051.5,95.92860376,95.93660956,10.0918745,38.92916215,0,21.77774147,0.500654089,0.349529934,41045.96334,23887.1154,1.718330683,0.122061569,0.947500466,0.6232,1.570700466,Lille,France,2601.8144,1139.5262,9488.202545,2,1,0,9488.202545,1,1081875.957,88.42391029,14833.44969,0.326076471
106,1.865625855,2.026347153,4861325.077,5118496.11,48.96063154,51.5507188,8.098970708,39.48896961,0,12.56470647,0.641896389,0.396174615,43750.29458,25859.47675,1.691847635,0.112877532,0.617174334,0.8268,1.443974334,Lille,France,3423.7255,1530.0383,14479.45354,2,1,0,14479.45354,1,1081875.957,82.91066888,15035.92218,0.247938889
107,2.091190683,1.353088423,4600214.546,4900024.104,73.50313258,78.29354865,31.2200668,36.8190363,0,26.71117208,0.960536428,0.489460236,50330.15179,24256.16701,2.074942499,0.130670963,0.940965542,0.912,1.852965542,Lille,France,3920.8544,1533.9296,18225.1537,2,1,0,18225.1537,1,1081875.957,79.265048,15481.06513,0.14394
108,1.405017802,0.765500932,11283916.7,13744327.55,62.15572699,75.70852335,40.75510921,31.68421663,0,18.30247479,0.58344852,0.275884535,42591.89179,19391.48987,2.196421836,0.10509456,0.959436773,0.4823,1.441736773,Lille,France,1778.9531,1403.2743,16287.3038,2,1,0,16287.3038,0,1081875.957,82.95601243,14983.61109,0.156255556
109,0.976712071,2.220488926,6616656.621,6750509.093,74.49354165,76.00051795,24.14350184,30.96617655,0,25.5074402,0.548858696,0.302795334,37953.01816,18146.26475,2.091505811,0.108662809,0.76514028,0.6984,1.46354028,Lille,France,2893.1297,2185.6663,14516.66015,2,1,0,14516.66015,0,1081875.957,78.77533774,14435.36932,0.277546667
110,2.783285492,0.851114467,5263479.576,5547926.64,44.91667344,47.34404409,30.26046081,27.52306571,0,19.79046465,0.613187717,0.260827603,38634.97663,15995.66994,2.415339699,0.106204306,1.010332253,0.7232,1.733532253,Lille,France,2834.2348,1471.759,17248.16172,2,1,0,17248.16172,0,1081875.957,67.51370197,12161.84851,0.1932375
111,2.940041571,1.152949185,5108511.788,5997633.855,43.69654016,51.30179972,28.13696443,35.87230476,0,20.02211857,0.97075877,0.46862169,43681.4648,22286.15043,1.960027369,0.148485774,0.860908799,0.9331,1.794008799,Lille,France,4143.2452,1359.147,7572.879864,2,1,0,7572.879864,1,1081875.957,64.36192086,11343.00225,0.244985714
112,2.723942129,0.850280137,4914227.674,5976560.691,52.12163592,63.38902898,56.80984911,32.37924697,0,11.07590059,0.985185887,0.443240125,45133.30372,20002.7224,2.25635805,0.130398367,1.015054701,0.8433,1.858354701,Lille,France,3743.6278,1237.1018,17070.08456,2,1,0,17070.08456,1,1081875.957,74.06867794,11999.69016,0.136094118
113,4.214095411,2.325821139,4312089.558,4743887.543,67.37309445,74.11960704,48.91084229,32.33868549,0,12.55931798,0.889607733,0.39343381,46173.51299,20351.53913,2.268797102,0.129397949,0.945161774,0.6377,1.582861774,Lille,France,2726.5657,1159.2811,14880.91047,2,1,0,14880.91047,1,1081875.957,53.63007581,9794.900396,0.201591667
114,5.942677988,4.188057788,5315545.018,7292725.636,17.57871634,24.11733037,66.90133056,35.09685182,0,13.88796419,1.262240998,0.553768859,52741.19311,22523.83167,2.341572867,0.175398852,1.02864749,1.2279,2.25654749,Lille,France,5685.9631,1514.5464,12554.64352,2,1,0,12554.64352,1,1081875.957,51.83900585,9824.077686,0.079633333
115,3.981225961,2.563869988,2613559.994,2660387.329,56.77370349,57.79092185,55.45000867,36.79173164,0,18.12589161,1.259346635,0.586909915,56131.95352,25175.7641,2.229602776,0.17150318,1.026181402,0.9095,1.935681402,Lille,France,4048.8674,990.505,10812.07422,2,1,0,10812.07422,1,1081875.957,59.50721734,10899.57732,0.150890909
116,3.92020749,3.053405227,1659533.522,1961706.141,37.11047661,43.86765852,60.55727896,37.80775317,0,2.981475643,1.427030768,0.619993201,60842.06633,26820.84147,2.268462248,0.193952799,1.427325847,1.1946,2.621925847,Lille,France,5459.2897,279.7466,15459.58799,2,1,0,15459.58799,2,1081875.957,62.63010233,11392.84083,0.125305882
117,4.81580292,1.276803703,3148293.674,3855847.916,27.46348953,33.63569281,63.15985866,33.69219447,0,1.349371974,1.176022896,0.497745865,54598.59711,23422.66044,2.331016037,0.136201639,0.979592282,0.8653,1.844892282,Lille,France,3924.5592,433.8081,22047.20792,2,1,0,22047.20792,1,1081875.957,56.10291833,9727.499017,0.102009524
118,2.92014989,0.696318196,5290608.152,5550661.106,83.69370516,87.80756025,28.97793981,36.96357326,0,8.643937117,1.012020001,0.501582149,48597.82417,24153.56793,2.012035005,0.159475755,1.117020937,0.8401,1.957120937,Lille,France,3502.669,838.3504,22523.52803,2,1,0,22523.52803,1,1081875.957,80.56593039,14053.87129,0.162468421
119,4.027045474,1.274329268,3112052.858,3253140.466,41.80104317,43.69612961,47.36090365,39.36258235,0,5.867200754,1.140997169,0.528474726,59835.59279,27132.66843,2.205297018,0.186025158,1.32434833,1.0668,2.39114833,Lille,France,4669.2494,819.5337,25830.8641,2,1,0,25830.8641,2,1081875.957,59.93627838,12808.14709,0.054856522
120,6.127148814,3.04740374,1334682.712,1882710.8,14.86688485,20.97130983,77.78825373,41.02429286,0,2.432635798,1.554330723,0.620374116,76230.58522,29815.83169,2.556715037,0.186939198,1.304308766,1.2753,2.579608766,Lille,France,5839.1112,310.9454,11572.53545,2,1,0,11572.53545,2,1081875.957,51.54200564,10866.28602,0.06299
121001,7.481288093,4.238422076,1402550.274,2877528.391,14.28312048,29.30382279,50.58995705,41.89472676,0,5.600661717,1.240119233,0.54287087,52240.39418,24597.271,2.123828866,0.142100428,1.050637428,1.0474,2.098037428,Lille,France,4560.7844,606.6469,2678.131228,2,1,0,2678.131228,1,1081875.957,48.97102674,9687.86864,0.0431
121004,9.263064508,2.905390967,345133.6503,1336316.378,4.325132357,16.74639724,92.72429402,38.87374756,0,0.511797777,1.597696729,0.572017594,70027.39357,26403.43589,2.652207609,0.157582353,0.985777242,3.3231,4.308877242,Lille,France,15550.8592,1269.2028,2184.113093,2,1,0,2184.113093,2,1081875.957,14.89535397,3059.96644,0.0142
121005,8.008806535,4.545316516,2627707.263,2806768.195,33.29549804,35.56436679,81.30556798,35.22520605,0,2.358646616,1.214038357,0.506394338,59987.33281,23536.84268,2.548656744,0.154070033,1.017516736,1.4124,2.429916736,Lille,France,5971.5767,958.0527,3427.499086,2,1,0,3427.499086,1,1081875.957,40.19705112,7295.696218,0.0737
121006,8.825261654,4.475423382,962997.585,2199438.413,17.82088573,40.70201342,88.14675043,35.98955102,0,0.66631,1.662063072,0.599897727,60747.51903,23651.55481,2.568436601,0.181273165,1.10398112,1.7987,2.90268112,Lille,France,9116.7542,0,2547.997656,2,1,0,2547.997656,1,1081875.957,35.0959025,6276.663632,0.0857
121008,8.571758533,4.84389484,3077472.338,3633116.644,33.75427494,39.84868251,69.57135613,36.14828582,0,1.142677804,1.715076228,0.587399761,55284.00162,22581.02008,2.448250851,0.161090841,1.097682793,1.5279,2.625582793,Lille,France,7963.3013,564.2042,2024.798878,2,1,0,2024.798878,1,1081875.957,35.0959025,6125.014645,0.0807
121009,6.091040331,4.205666709,1880461.773,4540734.264,8.043429778,19.42239811,93.02374477,41.79114248,0,1.00098184,1.667783474,0.575341668,73430.7328,28105.79715,2.612654336,0.190254986,1.317502503,1.0814,2.398902503,Lille,France,4929.2427,1060.3044,2499.87357,2,1,0,2499.87357,2,1081875.957,27.75024849,5075.008089,0.0427
121011,7.640444721,3.166570061,310078.7484,1373482.853,2.611266168,11.56651117,97.02696776,44.3805243,0,0.061488058,2,1,74953.70627,28406.40593,2.63861984,0.173778635,1.412873978,3.5302,4.943073978,Lille,France,15206.341,0,2629.089848,2,1,0,2629.089848,2,1081875.957,9.590159403,2239.419139,0.0331
121012,6.166712481,0.124319123,799224.3096,2293997.641,5.308277914,15.23624453,74.4733392,37.81109019,0,0.130533605,1.144038649,0.471162849,58325.63491,24876.04177,2.344650948,0.203845218,1.171338484,0.9683,2.139638484,Lille,France,4706.0297,725.1214,2445.055894,2,1,0,2445.055894,1,1081875.957,24.48551337,4584.312075,0.0609
121013,6.780046571,0.728252945,1220796.691,1220796.691,49.30380742,49.30380742,68.68473988,38.56768022,0,0.107275292,1.026858753,0.369260085,61417.96626,25252.0401,2.432198191,0.199124673,1.113744487,0.9528,2.066544487,Lille,France,3372.7551,2385.1045,1779.326433,2,1,0,1779.326433,1,1081875.957,31.62712144,6221.935653,0.0653
121014,6.570577604,0.555577286,1620122.663,1745811.802,39.32645343,42.37740025,65.29541881,37.49117126,0,0.403372635,1.272834149,0.594611419,58750.52426,24720.04864,2.376634655,0.188433393,1.226628786,1.966,3.192628786,Lille,France,8083.4027,780.2209,2799.949532,2,1,0,2799.949532,1,1081875.957,40.605143,7936.21215,0.0721
121016,7.427544839,1.633698312,351033.9357,1281922.219,3.881874361,14.17601118,66.30795675,40.53133852,0,0.136634171,1.506809558,0.582532107,65876.61311,27180.25714,2.42369352,0.157631908,1.181348486,2.6367,3.818048486,Lille,France,10725.8422,2068.9361,3825.642343,2,1,0,3825.642343,2,1081875.957,33.66758088,6673.763362,0.0632
122,3.192748326,1.706143151,3871854.898,3900439.558,69.21143122,69.72239696,42.83042772,31.60253109,0,22.04170091,1.03862266,0.453639441,48866.32421,19908.28641,2.454572092,0.142493113,1.052885844,0.8088,1.861685844,Lille,France,3669.907,1442.3013,19884.85049,2,1,0,19884.85049,1,1081875.957,70.66366124,12796.46869,0.12701875
123001,6.858119343,3.861656729,2762895.667,3552557.949,27.81445844,35.76409945,43.20069521,37.27827294,0,14.44384609,1.402464033,0.632942686,52881.3634,24844.53959,2.128490375,0.187164996,1.069549368,0.649,1.718549368,Lille,France,2898.8491,213.8405,1912.055375,2,1,0,1912.055375,1,1081875.957,55.50049697,10686.54785,0.0424
123002,5.955567661,3.390869632,1165623.993,2449169.429,5.598786057,11.76397855,68.83131122,38.14313661,0,4.915707687,1.5284954,0.577126717,66879.68717,26640.01187,2.510497649,0.127757663,0.965999624,1.4533,2.419299624,Lille,France,6617.6188,1405.2315,2791.407899,2,1,0,2791.407899,2,1081875.957,47.54270513,10572.19315,0.0223
123005,5.893498768,3.880354336,2566304.337,2566304.337,53.67874222,53.67874222,50.83113085,36.38505826,0,13.64179911,0.632298568,0.283845514,56482.54595,23912.82975,2.362018488,0.153813622,1.057043033,1.0332,2.090243033,Lille,France,4361.701,875.9832,1758.908585,2,1,0,1758.908585,1,1081875.957,40.40109706,9427.782089,0.0432
123006,6.173200499,3.854780899,1908089.828,1908089.828,57.18008415,57.18008415,44.14718727,36.32243993,0,21.56205084,1.760217382,0.625467816,52759.50482,23124.68343,2.281523333,0.171642752,1.107256186,1.8054,2.912656186,Lille,France,7867.5226,718.2255,1734.735493,2,1,0,1734.735493,1,1081875.957,38.97277545,9025.700781,0.0498
123008,8.725275052,0.850896765,1366653.54,1811868.315,26.34689328,34.9299217,89.70044845,36.80637879,0,0.176244934,1.378833164,0.483758831,67325.33592,25232.9044,2.668156422,0.177922763,1.222163809,1.3897,2.611863809,Lille,France,6171.8547,1783.4677,3501.270769,2,1,0,3501.270769,1,1081875.957,27.95429443,5917.996363,0
123010,6.683520787,2.577720531,824778.8613,967649.5396,28.92343285,33.93363699,70.94474545,38.37629708,0,1.284248019,1.002724387,0.387749204,54688.91478,23608.28805,2.316513365,0.16103867,1.044102607,1.2088,2.252902607,Lille,France,5357.3326,1114.0133,2491.64383,2,1,0,2491.64383,1,1081875.957,41.42132678,7531.357858,0.0638
123011,6.163604005,3.056290681,1895525.433,1912099.487,53.4125363,53.87956368,60.1821493,35.88406082,0,1.63917563,0.94600543,0.479752001,56310.5357,23353.3882,2.411236229,0.137172323,0.921131267,0.9395,1.860631267,Lille,France,4213.3223,175.3241,2103.195003,2,1,0,2103.195003,1,1081875.957,51.01148619,10089.12846,0.1124
123012,6.000993741,3.266968504,2977703.43,2977703.43,67.44859374,67.44859374,56.43564356,35.28118596,0,1.540021675,1.424628618,0.628784997,53420.0123,22348.59464,2.390307452,0.139951892,0.840584056,1.4712,2.311784056,Lille,France,6716.1608,1238.8861,1643.849194,2,1,0,1643.849194,1,1081875.957,52.4398078,9348.740607,0.0573
124001,4.897488589,3.170109482,1693332.448,2249927.317,31.6584934,42.06457462,67.56409374,30.36493842,0,21.37601295,1.760255661,0.482717342,64904.50414,22447.64272,2.891372824,0.075606143,0.850798246,0.9755,1.826298246,Lille,France,3801.4012,1318.4473,1733.470274,2,1,0,1733.470274,1,1081875.957,47.74675107,11229.57981,0.1382
124002,4.605345436,2.809154775,3174912.664,3174912.664,12.20795141,12.20795141,50.38234001,34.36338033,0,14.16243012,2,1,51539.8281,22811.93852,2.259335745,0.119631894,1.051663826,3.9755,5.027163826,Lille,France,16888.3472,0,155.0869395,2,1,0,155.0869395,1,1081875.957,50.6033943,11491.25425,0.1447
124003,4.324624004,2.465703983,2936021.524,2976892.631,17.79847234,18.0462373,48.28137868,36.23382917,0,13.44325275,1.356122913,0.660243864,51791.41196,23751.63997,2.180540461,0.132729615,0.971391005,1.3771,2.348491005,Lille,France,6231.2564,406.619,2972.74349,2,1,0,2972.74349,1,1081875.957,64.07042665,12115.43406,0.1619
124006,4.683987072,2.142160233,3006681.84,3561999.685,30.10480091,35.66499452,54.3568519,37.86813181,0,4.013891805,1.121901623,0.754165586,54630.85933,24370.31951,2.241696475,0.160963206,1.216350881,0.9589,2.175250881,Lille,France,4281.3825,608.5933,2247.008886,2,1,0,2247.008886,1,1081875.957,62.43805909,11728.10139,0.0856
124008,4.215014498,2.234881584,1418862.887,1418862.887,66.72950438,66.72950438,54.17105365,35.98244143,0,5.300392156,1.75,0.875,49842.67217,22697.55101,2.195949341,0.158145725,1.140051916,0.7918,1.931851916,Lille,France,5123.1213,2107.5003,1329.837151,2,1,0,1329.837151,1,1081875.957,62.23401315,11825.11789,0.0932
124009,3.847685764,1.848364743,3443674.223,3443674.223,52.03716179,52.03716179,54.32258282,35.88764483,0,7.599077686,0.965923093,0.406721502,49890.67345,22511.30587,2.216249637,0.161222006,1.141788827,1.0273,2.169088827,Lille,France,4591.1214,975.5029,1942.312165,2,1,0,1942.312165,1,1081875.957,69.17157527,11832.23236,0.1051
124012,5.14505109,1.653575738,3341081.018,3625386.338,86.28269249,93.62481573,33.99260022,29.24389498,0,5.004729965,1.227072636,0.380590945,44384.65875,17349.92902,2.558204053,0.116734122,1.100842146,1.2918,2.392642146,Lille,France,5463.7046,1811.0683,2800.33353,2,1,0,2800.33353,0,1081875.957,61.62187531,10947.82909,0.0506
124013,5.311440364,1.927512863,2679138.574,2734831.284,41.01500967,41.86761098,61.51216553,37.28262894,0,2.108434877,0.922912522,0.77413572,57927.55409,23849.54754,2.428874342,0.167057063,1.206710017,0.2776,1.484310017,Lille,France,1211.7402,1116.7207,1147.498708,2,1,0,1147.498708,1,1081875.957,56.5207267,10181.24072,0.0562
124015,5.805553895,2.274367536,1264713.755,1294636.191,17.47841594,17.89194569,83.49053466,44.68451644,0,0.66243021,1.579926815,0.52009805,76954.8334,30095.94902,2.556983113,0.189469356,1.427759912,1.1883,2.616059912,Lille,France,5374.8666,586.8501,1521.398052,2,1,0,1521.398052,2,1081875.957,55.50049697,10453.55819,0.0641
124018,7.32401442,3.335666332,417291.0829,1040835.313,2.808053464,7.004034651,93.19907075,50.3259703,0,0.095616094,1.834789572,0.58092532,88193.65296,33467.53407,2.635200215,0.220191764,1.615816184,1.2875,2.903316184,Lille,France,6348.7628,0,1074.972139,2,1,0,1074.972139,3,1081875.957,8.773975624,2510.371953,0.0975
124021,6.866987908,2.417049059,1168375.194,2031834.773,9.405861707,16.35703752,75.507874,39.37914275,0,0.815658215,1.561399179,0.745350408,66176.56901,27490.13088,2.407284611,0.170480521,1.093580134,1.3844,2.477980134,Lille,France,5999.0247,939.7853,3128.949325,2,1,0,3128.949325,2,1081875.957,23.66932959,5471.73768,0.094
125,4.552980296,0.523251952,8545154.552,8855616.625,38.51809519,39.91753245,25.38178726,31.20518579,0,10.79109337,0.637492469,0.368387196,43529.67285,18022.3259,2.41531937,0.11009531,0.951348183,0.6872,1.638548183,Lille,France,2915.8572,1414.0963,18579.48854,2,1,0,18579.48854,0,1081875.957,61.4081129,11458.82611,0.086847619
126001,9.791435059,4.140603334,381344.2513,1018777.591,7.056733223,18.85236672,97.76018198,45.29559632,0,1.06E-05,2,0.572761249,71845.40779,28324.51867,2.536509397,0.154832209,1.202335012,1.2641,2.466435012,Lille,France,4960.2863,2583.5104,816.7265306,2,1,0,816.7265306,2,1081875.957,8.365883735,2059.981951,0
126002,7.113030771,2.127934981,1197976.088,4138172.604,2.767051259,9.558233949,89.93709207,44.10231404,0,0.17188533,2.299778497,0.698442614,72163.32961,28902.95169,2.49674602,0.198051861,1.152398613,1.0841,2.236498613,Lille,France,5222.8808,130.6262,2923.679767,2,1,0,2923.679767,2,1081875.957,12.85489452,3454.348687,0
126003,9.968086671,5.01945523,200434.8715,919989.9309,5.131784857,23.55473557,92.65774873,43.95475809,0,6.30E-10,2.122682034,0.828738548,69255.54185,27847.71892,2.486937693,0.190384207,1.150550965,3.3788,4.529350965,Lille,France,15940.5357,0,1369.854241,2,1,0,1369.854241,2,1081875.957,7.7537459,2005.137666,0.1485
126004,10.38705113,5.915155655,195252.5459,776891.8366,4.322000164,17.19683925,94.93054746,50.96366438,0,1.30E-08,1.740957806,0.654998882,83949.52239,31673.73676,2.650445794,0.183349795,1.286313616,2.0062,3.292513616,Lille,France,5511.0139,6089.4176,1352.207035,2,1,0,1352.207035,2,1081875.957,8.365883735,1972.198325,0
126005,8.823596463,4.394481439,259809.7232,881659.1076,6.459686411,21.92081684,95.00440414,39.80922314,0,1.46E-05,1.649107387,0.551551399,68947.4461,26373.84028,2.614236128,0.167337832,1.072513636,1.8285,2.901013636,Lille,France,8640.8251,1215.738,1482.669913,2,1,0,1482.669913,2,1081875.957,21.4248242,3946.059625,0.1199
126006,8.628746258,3.993524478,506988.5874,1364709.428,7.139528929,19.21814945,99.01587048,41.29639049,0,0.001296345,2,0.572761249,78333.13854,28421.53661,2.756119052,0.140387312,1.069532866,1.8282,2.897732866,Lille,France,7763.3922,2549.2374,1352.180223,2,1,0,1352.180223,2,1081875.957,15.09939991,3334.526175,0.0386
126007,9.85842554,4.870405192,402798.8042,1162037.333,7.397035585,21.3397642,95.1822101,41.80202932,0,0.00036416,1.451696545,0.591501161,75255.67726,28784.90313,2.614414817,0.187424562,1.074816502,1.0429,2.117716502,Lille,France,5078.9704,0,3037.401444,2,1,0,3037.401444,2,1081875.957,23.2612377,4165.760791,0.0325
126008,12.25913198,5.515385226,493319.7777,1806929.78,5.607647174,20.53966845,92.7363158,39.63097538,0,0.005726576,1.084239192,0.456740721,67870.00719,26019.26716,2.608451913,0.160793271,1.214124994,1.8096,3.023724994,Lille,France,8776.7699,1305.9474,4876.206599,2,1,0,4876.206599,1,1081875.957,19.5884107,4597.811959,0.0507
126009,11.51312987,3.648543535,297783.4252,1208955.006,5.239818807,21.27286022,91.88473372,39.91880083,0,0.026659109,1.403842654,0.669791893,64365.56239,24587.76799,2.617787934,0.168488933,1.029592241,1.4526,2.482192241,Lille,France,6188.5659,0,3056.339855,2,1,0,3056.339855,1,1081875.957,19.38436475,3946.939879,0.0251
126011,8.427084177,2.175431021,616934.5235,1257207.545,12.82535381,26.13588796,98.64626142,39.9582978,0,0.001334613,1.260560815,0.504282679,67132.05092,26517.52522,2.531610713,0.190729781,1.0803264,0.8116,1.8919264,Lille,France,3746.0419,0,1377.397375,2,1,0,1377.397375,2,1081875.957,7.957791845,1621.306431,0
127,2.36088935,2.256204396,4330277.861,5383316.177,32.80090853,40.77744366,63.83158865,33.74755849,0,3.019695716,1.06251753,0.458592783,52155.84146,21587.293,2.416043617,0.147084723,0.993890781,0.8816,1.875490781,Lille,France,3832.5948,699.5455,17651.63045,2,1,0,17651.63045,1,1081875.957,59.7134456,10710.09081,0.116176471
128,3.886151662,3.221483079,2584228.232,3096657.124,39.85694777,47.76021705,66.17260478,33.37245154,0,4.909788654,1.379365631,0.553401924,51855.28473,21534.00754,2.408064762,0.166848498,1.13251362,1.0513,2.18381362,Lille,France,4786.7245,645.2325,18355.12641,2,1,0,18355.12641,1,1081875.957,60.05229112,10429.32164,0.0642
129001,8.335574449,3.226546481,334594.6732,1117335.319,5.558023513,18.5602954,91.74499985,39.15282306,0,0.000132442,1.887955605,0.598337053,61699.39848,24570.47094,2.511119898,0.170825448,1.190970156,2.1584,3.349370156,Lille,France,9123.232,366.848,3600.912037,2,1,0,3600.912037,1,1081875.957,11.63061885,2393.382823,0.0214
129002,6.15113982,2.548956292,218964.1522,745889.4376,6.772777644,23.07109752,92.85261942,38.26627499,0,0.276289462,1.573127965,0.602740701,64180.38278,25077.32441,2.559299459,0.165901882,1.201151895,1.4902,2.691351895,Lille,France,6479.3636,532.2904,3319.542035,2,1,0,3319.542035,1,1081875.957,26.73001876,5225.492177,0.0488
129003,5.776101746,1.39142821,346760.1242,1042445.005,10.24405237,30.79610508,75.22176089,39.76241975,0,0.674011985,2,1,61623.50525,26351.67148,2.338504611,0.21552959,1.098839572,2.9228,4.021639572,Lille,France,12416.1498,0,1771.5741,2,1,0,1771.5741,2,1081875.957,35.50399439,6367.452855,0.0296
129004,6.953575964,0.348775556,4283684.759,8784352.366,4.117546784,8.443660976,98.21911345,41.56483092,0,0.027880382,1,0.5,69026.01383,26438.68177,2.610796348,0.192424661,1.224262144,1.6243,2.848562144,Lille,France,6900.0262,0,991.3195374,2,1,0,991.3195374,2,1081875.957,18.36413503,3539.076317,0.0244
129005,5.601705325,1.109129276,862538.0771,1192292.179,19.60821594,27.10456862,67.25694301,39.96267665,0,1.082577344,1.025803203,0.558416574,59824.68127,25457.46844,2.349985483,0.201671362,1.209645215,1.2292,2.438845215,Lille,France,5482.8506,1077.8325,3419.429457,2,1,0,3419.429457,1,1081875.957,43.66583218,7408.960694,0.0226
129007,4.931813601,1.791654169,2058343.966,2058343.966,58.36973218,58.36973218,29.3469929,33.12948204,0,3.266689222,1.038921442,0.541170827,42261.57266,18501.4024,2.284236176,0.167946451,1.066664826,0.8971,1.963764826,Lille,France,4490.2028,0,1265.083413,2,1,0,1265.083413,0,1081875.957,47.74675107,8467.335378,0.029
129008,5.066077143,1.7648229,1339975.322,1362238.518,49.26737479,50.08593406,51.12094865,36.92140048,0,2.906561873,1.737518669,0.545087933,46688.229,21252.74747,2.196809098,0.210062619,1.205439826,0.82,2.025439826,Lille,France,3211.1286,1841.6162,1342.105547,2,1,0,1342.105547,1,1081875.957,45.29819973,7849.217366,0.0313
129009,4.616125057,2.043736749,3285451.581,3311218.559,132.7822256,133.8236036,26.3115999,32.54110686,0,3.236233667,0.369885688,0.161202715,41028.52911,17971.94907,2.282920397,0.164561379,1.164811955,0.4379,1.602711955,Lille,France,1969.9636,139.6743,2506.014974,2,1,0,2506.014974,0,1081875.957,43.25774029,7617.908638,0.0323
129010,4.433127969,2.173753794,2058526.75,2067369.682,50.63169243,50.84919392,23.59693878,32.03438797,0,3.563412555,0.787656326,0.351068573,41095.73869,17831.78257,2.304634354,0.158727222,1.031023577,1.1808,2.211823577,Lille,France,5030.6007,1266.5401,754.4249475,2,1,0,754.4249475,0,1081875.957,44.27797001,7423.061493,0.0366
129011,3.744589195,1.800623228,1118129.565,1845366.887,34.858562,57.53075322,38.63894535,29.90845025,0,3.284038301,1.009283676,0.401412653,43247.31282,17648.00095,2.450550232,0.121176788,0.902865046,0.2363,1.139165046,Lille,France,1171.7412,1063.4864,1921.477206,2,1,0,1921.477206,0,1081875.957,43.05369434,8073.305723,0.1253
129012,4.121051171,2.366253629,2631647.254,5704991.736,13.76010143,29.82970641,57.58636603,33.80232316,0,2.973748048,1.022636707,0.530843394,50843.15805,20614.9177,2.466328451,0.163628225,1.023917075,1.6111,2.635017075,Lille,France,7299.1484,207.0096,2034.430356,2,1,0,2034.430356,1,1081875.957,37.54445383,6638.609307,0.0316
130,3.843973536,0.550458248,3318263.13,4475798.234,30.85739437,41.62161523,42.80623938,31.3846459,0,4.226440547,0.88561567,0.404714877,42545.24736,19048.14872,2.233563376,0.139049651,1.027357841,0.7729,1.800257841,Lille,France,3367.9979,1108.0399,21312.28033,2,1,0,21312.28033,0,1081875.957,54.14019067,9281.246027,0.181857143
131001,7.502027579,0.837718371,3833281.612,6388717.989,8.045880383,13.40962286,64.83660809,34.97944895,0,0.029137788,1.187824838,0.519946978,52832.11404,22382.20804,2.360451388,0.136326508,0.990651058,1.2208,2.211451058,Lille,France,4965.2865,1733.8643,2468.247188,2,1,0,2468.247188,1,1081875.957,33.05544305,5760.668778,0.0392
131002,9.51127592,2.803862852,1404119.112,3522765.419,14.9244095,37.44354254,53.2640199,34.16693908,0,0.017986905,1.300536099,0.746806695,48342.4646,21159.83781,2.28463304,0.146370671,0.962765704,1.0884,2.051165704,Lille,France,5212.1685,0,4709.178764,2,1,0,4709.178764,1,1081875.957,43.05369434,7801.556722,0.0717
131004,10.37107762,3.663105623,691829.2246,1085999.13,24.31206884,38.16387725,86.5058166,39.75411431,0,0.000281365,2,0.666666667,61077.28079,25284.46622,2.415604912,0.244819063,1.223524237,2.2004,3.423924237,Lille,France,9676.5282,0,1351.984152,2,1,0,1351.984152,1,1081875.957,21.22077825,4334.319881,0.151
131005,10.14594616,3.484781756,453372.4854,2399985.74,4.381049599,23.19165123,59.66629663,35.91260545,0,0.005755188,0.897812638,0.466496836,50219.17601,21692.04007,2.31509696,0.166020824,1.057439052,0.6465,1.703939052,Lille,France,2647.3569,1170.9861,1629.483062,2,1,0,1629.483062,1,1081875.957,31.62712144,6479.637111,0.1059
131008,8.673743265,2.669184687,1124042.878,3386155.981,5.55247866,16.72672742,92.85917436,35.13460871,0,0.056883186,0.957129053,0.394299385,60242.91359,22931.16895,2.627119173,0.136123487,1.076136355,1.7708,2.846936355,Lille,France,8942.5463,330.7827,3879.606835,2,1,0,3879.606835,1,1081875.957,6.121378342,1987.40689,0
131012,6.575767521,1.774256234,1108098.936,2885883.21,6.83995687,17.81367714,83.32642504,39.7427147,0,0.33863537,1.638792929,0.630686311,62106.73974,26050.00016,2.384135867,0.199120678,1.219850743,1.0825,2.302350743,Lille,France,4345.4511,2264.4986,3149.29435,2,1,0,3149.29435,1,1081875.957,22.64909987,4658.150385,0.0639
131014,5.847733195,0.057761468,4360574.605,6488726.621,7.145112739,10.63224172,64.16486929,35.64349146,0,0.908246835,1.145504025,0.468314596,59544.64011,24486.87954,2.431695718,0.097651316,0.750930826,2.3238,3.074730826,Lille,France,11126.7633,367.4356,5272.040758,2,1,0,5272.040758,1,1081875.957,35.70804033,7803.126651,0.0524
131017,4.751053916,1.209643257,945833.1673,1211528.787,31.66809232,40.56403053,81.81363655,36.37062844,0,1.856900072,1.610022954,0.671568017,57637.56221,24170.72122,2.384602499,0.184301066,1.041060952,1.5153,2.556360952,Lille,France,6651.8335,71.2866,3498.104275,2,1,0,3498.104275,1,1081875.957,45.50224568,9013.796536,0.0187
131019,3.482707126,1.065117282,3081997.941,3454494.539,15.136326,16.96573344,85.15694847,35.54345261,0,5.080846829,1.668253839,0.610335832,57190.01155,24143.19514,2.368783884,0.162734143,1.112393019,1.0497,2.162093019,Lille,France,4395.739,1010.5284,3185.394388,2,1,0,3185.394388,1,1081875.957,40.80918895,7363.709016,0.136
131020,7.174620409,1.346301601,1515980.693,4204573.907,2.583541996,7.165456207,92.32800577,37.95141121,0,0.065113045,2.03323293,0.632375405,65123.78306,25599.79838,2.543917811,0.151494708,1.160330236,1.8179,2.978230236,Lille,France,8193.7215,1175.0208,3872.582154,2,1,0,3872.582154,1,1081875.957,14.28321613,3423.719962,0.0322
132001,8.102925968,5.093834823,807389.2771,1641917.969,11.35230495,23.08620391,74.32236752,35.3927705,0,0.483766662,1.769683344,0.693740679,56788.55026,22916.0895,2.478108242,0.143133846,0.988209237,1.3094,2.297609237,Lille,France,6018.2144,188.4845,4949.850458,2,1,0,4949.850458,1,1081875.957,52.4398078,9692.448451,0.0926
132002,8.222920155,4.684510103,941567.9855,3037073.73,7.527722748,24.28103903,91.90617012,41.04388758,0,0.040022087,1.455684751,0.600916655,66760.9709,25578.28588,2.610064303,0.167434668,1.137059568,1.1561,2.293159568,Lille,France,5524.0816,371.5146,4086.810597,2,1,0,4086.810597,1,1081875.957,32.64735116,5744.5467,0
132004,6.06004309,2.659418428,1307826.293,1849931.426,18.76007428,26.5362848,60.04293508,31.09262036,0,1.798555333,1,0.432722421,45384.93636,19040.81038,2.383561174,0.128752143,1.028643586,0.7822,1.810843586,Lille,France,3553.3612,264.9272,2695.115986,2,1,0,2695.115986,0,1081875.957,48.76698079,8729.678066,0.1895
132005,6.280197727,3.042032918,4245314.568,4419591.098,55.14553484,57.40934174,61.88155811,33.25224435,0,2.665508446,1.572345226,0.588955896,48066.52704,20795.58556,2.311381274,0.141220954,1.068149132,0.9978,2.065949132,Lille,France,4190.6164,1308.7758,4464.326096,2,1,0,4464.326096,1,1081875.957,46.11438351,8217.359712,0.2213
132007,5.846534813,2.897304314,1539745.281,1718346.097,35.80005056,39.95263237,55.79518911,34.06502777,0,2.915757195,1.280535248,0.45354359,48147.54081,21229.17339,2.267989428,0.157174293,1.016181421,0.9153,1.931481421,Lille,France,3519.6082,2143.4467,2348.456105,2,1,0,2348.456105,1,1081875.957,58.96927803,9572.013801,0.1933
132008,6.116793092,4.035738986,2926596.824,4456318.589,9.408437163,14.32619385,90.23346487,36.18334536,0,1.666166463,0.667790486,0.350436802,60272.77877,24131.65267,2.497664772,0.181109193,1.051383212,0.9621,2.013483212,Lille,France,4601.118,27.7811,4063.968869,2,1,0,4063.968869,1,1081875.957,42.8496484,7629.369287,0.0512
132011,6.777886445,3.888793811,2404113.852,2656724.848,60.18707812,66.51120363,57.93609427,34.21350031,0,3.212996477,0.945462224,0.5,47781.93131,20710.44321,2.307141901,0.155702749,1.096115648,0.8844,1.980515648,Lille,France,3366.4282,1967.5156,2715.491146,2,1,0,2715.491146,1,1081875.957,58.96927803,9340.169657,0.1307
132013,7.003260462,3.827532359,1158377.758,1713159.975,24.63149225,36.42826044,71.01585366,33.65187576,0,2.012013819,1.764005613,0.682655813,53558.70751,21355.81522,2.507921471,0.126338898,1.027904111,0.6265,1.654404111,Lille,France,2782.443,0,2366.940371,2,1,0,2366.940371,1,1081875.957,57.33691047,8731.562634,0.1548
132014,7.990571417,4.459665531,4828823.11,7853384.987,8.353286581,13.58541697,89.68866134,41.05506734,0,0.120711816,1.814651552,0.844976283,65585.62115,25673.16165,2.554637486,0.176226656,1.042926933,2.2521,3.295026933,Lille,France,9978.0675,109.5945,1749.994734,2,1,0,1749.994734,1,1081875.957,36.72827005,6210.866364,0
133001,15.73679257,9.756486536,135256.3628,1496664.255,1.885949404,20.86876359,100,40.57292752,0,0.278922133,2,1,73799.13881,25906.87595,2.848631342,0.106633401,1.22980672,3.1006,4.33040672,Lille,France,13171.7964,0,526.1968167,2,1,0,526.1968167,1,1081875.957,13.46703235,3049.114053,0
133002,14.15801565,9.877322438,334234.7663,1473965.604,6.650993501,29.33068801,93.69721317,37.8010266,0,0.080841339,1.421278903,0.698131394,61591.15222,24389.01432,2.525364552,0.182058543,1.177748734,1.3728,2.550548734,Lille,France,5966.6012,147.2932,3124.877434,2,1,0,3124.877434,1,1081875.957,16.11962964,3707.059998,0.0249
133003,14.02961958,9.258307262,316283.8383,1252664.071,8.524102013,33.76029704,90.33433626,35.56592726,0,0.022530274,1.654712718,0.543014472,61313.78424,23447.51723,2.614937165,0.137029612,1.303658899,1.8786,3.182258899,Lille,France,8023.1011,2453.8847,2668.101067,2,1,0,2668.101067,1,1081875.957,20.20054853,4110.103178,0.0299
133004,13.92099352,8.752698749,289689.9172,1079517.299,5.711836411,21.28491829,91.13580535,40.01825177,0,0.019889256,1.046591079,0.539498032,58715.79974,23508.90117,2.497598647,0.185308759,1.293265169,0.8066,2.099865169,Lille,France,3714.9257,316.7707,1323.39318,2,1,0,1323.39318,1,1081875.957,15.09939991,2748.111188,0.0255
133005,11.9541267,7.346476372,334186.3949,1351691.303,3.068959919,12.4130919,89.42702003,37.02119774,0,0.011335969,1.353216381,0.539473549,55285.20226,22708.47821,2.434562182,0.1750456,1.271051054,2.937,4.208051054,Lille,France,13722.1042,827.6652,3078.845381,2,1,0,3078.845381,1,1081875.957,23.05719176,4782.729821,0.0432
133006,11.15686809,6.825375563,1337996.125,1583466.967,36.24628318,42.89608244,85.18306612,37.11239072,0,0.024328215,1.41683683,0.567552917,57439.88851,23404.23953,2.454251438,0.15446816,1.154315549,1.8123,2.966615549,Lille,France,8446.5357,1030.6932,2819.891917,2,1,0,2819.891917,1,1081875.957,29.1785701,5839.375216,0.0131
133007,10.65465013,6.158691448,250791.0309,1105050.05,6.578881221,28.98824968,81.28800025,35.40294139,0,0.005785566,1.627469881,0.563595362,58385.27537,23000.1442,2.538474319,0.132688793,1.022328402,1.857,2.879328402,Lille,France,10145.7359,371.6574,1856.998376,2,1,0,1856.998376,1,1081875.957,22.03696203,4863.021288,0.011
133008,13.51489386,7.606522242,171290.0458,967295.817,2.993609605,16.9052792,90.11288146,43.88040694,0,0.232184236,1.562513657,0.648272209,71977.58727,28328.92195,2.540781023,0.170073618,1.332363115,2.1041,3.436463115,Lille,France,8466.8638,2937.6236,2490.919057,2,1,0,2490.919057,2,1081875.957,10.61038913,2732.057466,0.0109
133009,10.99029059,5.591480756,175703.6347,1259483.608,4.108168339,29.44828484,97.56464772,44.21474436,0,0.253969254,2,0.649336735,83057.04279,29504.83371,2.81503172,0.147353416,1.354335284,1.9719,3.326235284,Lille,France,9373.9689,1021.2717,2077.057421,2,1,0,2077.057421,2,1081875.957,3.672827005,943.6543414,0.1658
133010,9.959462357,4.779828529,178273.5277,1169540.373,2.951632752,19.36380412,96.73484409,44.13522845,0,0.332339484,2.598404295,0.829841448,85101.34399,29832.05263,2.852681478,0.138347727,1.365112784,1.089,2.454112784,Lille,France,5780.8361,0,524.2043367,2,1,0,524.2043367,2,1081875.957,8.773975624,2034.632507,0.0812
133011,9.843386263,3.903695702,110786.511,740119.3827,2.217003703,14.81089527,100,46.04906276,0,0.388923643,1,0.5,79648.567,30190.72041,2.638180405,0.211741648,1.369734831,0.7271,2.096834831,Lille,France,3737.8094,0,412.3943849,2,1,0,412.3943849,2,1081875.957,8.569929679,1858.566567,0.0889
133012,7.708975112,4.780796576,621171.5446,1218352.856,5.152909997,10.10680973,95.16229313,43.64989723,0,1.003677541,2.459966999,0.798673469,74808.70962,28448.88768,2.629582937,0.143966237,1.331957462,0.3063,1.638257462,Lille,France,1472.6949,0,608.7842585,2,1,0,608.7842585,2,1081875.957,33.46353494,7905.282662,0.0563
133013,8.876935155,3.016933394,210673.825,1113392.98,1.543798219,8.158840331,91.2797155,47.41549398,0,0.345277854,2.292980034,0.694780097,72611.95866,28525.66934,2.54549535,0.19813246,1.486746194,1.093,2.579746194,Lille,France,5483.3767,0,1585.508846,2,1,0,1585.508846,2,1081875.957,9.386113458,2789.182372,0.0088
134001,21.48528368,15.385803,2114606.841,2329155.832,47.68029969,52.517965,66.61923471,37.25667392,0,0.290423374,1.299907323,0.514291675,44378.65526,20299.71342,2.186171516,0.173800282,1.072593807,1.2875,2.360093807,Lille,France,5904.0214,0,4024.649098,2,1,0,4024.649098,1,1081875.957,35.0959025,6434.364417,0.0376
134002,20.93462817,14.54337387,786182.5747,2207658.694,12.60323382,35.39081075,75.11209736,36.13835076,0,0.125430584,1.282028497,0.536644347,49271.73025,20818.8388,2.366689647,0.176628642,1.391072479,1.803,3.194072479,Lille,France,7866.0501,365.1694,3428.224318,2,1,0,3428.224318,1,1081875.957,33.25948899,6214.403909,0.024
134003,20.25719787,14.8029933,454994.478,1851901.844,5.933181096,24.14901619,91.74025106,34.81071011,0,0.027619418,1.250215057,0.534574834,53135.85768,21165.55242,2.510487637,0.141495138,1.130022113,1.7285,2.858522113,Lille,France,8293.8316,150.9003,3135.626584,2,1,0,3135.626584,1,1081875.957,24.48551337,5342.566802,0.0549
134004,17.3868219,12.3351845,260334.0387,1053860.566,5.92657952,23.99143991,99.54911618,36.18978361,0,2.99E-08,1.5,0.375,65180.48901,22901.43007,2.846131828,0.103203882,1.082693952,0.7707,1.853393952,Lille,France,2334.8626,2503.7638,1262.467926,2,1,0,1262.467926,1,1081875.957,6.529470232,2079.204712,0
134005,16.4936319,11.343497,190164.1373,1162859.331,2.95045203,18.04210153,93.84946362,40.1076404,0,0.009137377,2.151416392,0.676001544,69025.9261,25356.48711,2.722219597,0.13418035,1.274106416,1.9205,3.194606416,Lille,France,9861.8766,600.0723,2016.10496,2,1,0,2016.10496,1,1081875.957,10.61038913,2657.649051,0
134006,18.71477138,11.94244966,223772.2336,1097869.594,2.29914247,11.28003492,92.3370137,39.83703532,0,0.290733711,1.379727535,0.592725164,62352.10381,23854.79205,2.613818796,0.122014469,1.25851384,2.0692,3.32771384,Lille,France,9151.7844,0,1831.688899,2,1,0,1831.688899,1,1081875.957,8.569929679,2227.794846,0
134007,16.26794407,9.249758993,223257.4821,983662.3346,3.361378587,14.81008152,97.032341,39.80444654,0,0.379137812,1.874914815,0.754407171,70278.8458,25699.92246,2.73459369,0.14265152,1.201968196,1.7771,2.979068196,Lille,France,8515.9341,847.0552,2395.808819,2,1,0,2395.808819,1,1081875.957,15.30344586,2834.922536,0
135,15.19771837,0.083897826,3043811.501,3616973.093,43.09575047,51.21084857,64.37112003,33.09034544,0,0.235384567,0.97988991,0.407235328,44557.31945,18966.82894,2.349223458,0.151694663,0.873138822,0.9534,1.826538822,Lille,France,4169.1488,1097.6721,27137.48696,2,1,0,27137.48696,0,1081875.957,56.33935252,9680.223345,0.111494444
136001,16.67419667,2.544046625,434109.374,1631690.244,7.86623588,29.56688132,86.67837414,39.76260963,0,0.019823486,1.088980323,0.518122613,60189.7864,23749.51489,2.534358562,0.163761131,0.964626874,1.4496,2.414226874,Lille,France,5625.0188,3200.3856,7014.954911,2,1,0,7014.954911,1,1081875.957,23.66932959,4891.01129,0
136003,14.27219804,1.313936489,1540657.945,1936719.063,26.95864412,33.88897591,70.87414467,35.52246513,0,0.362038254,1.812445306,0.6792622,50046.45052,21117.65457,2.369886786,0.153067164,0.997334529,1.2915,2.288834529,Lille,France,5795.1182,768.5936,2445.025744,2,1,0,2445.025744,1,1081875.957,50.80744024,8615.847159,0.1529
136004,12.02947778,0.336496856,2231188.33,6664669.645,5.396495083,16.11959711,81.33678282,38.62245944,0,0.117763897,1.754774556,0.65379735,59346.68421,23773.22568,2.496366501,0.160414476,0.956088196,1.8212,2.777288196,Lille,France,8824.9526,155.669,4083.125227,2,1,0,4083.125227,1,1081875.957,34.27971872,5797.770248,0.1017
136007,12.5483422,1.971413974,567736.3528,1324687.051,10.42514597,24.32476941,80.95601575,37.12457157,0,0.1495008,1.309378257,0.550738517,56010.42137,23032.78611,2.431769267,0.150303076,1.132072539,1.7702,2.902272539,Lille,France,7149.9877,1767.136,2354.208509,2,1,0,2354.208509,1,1081875.957,44.6860619,7481.082569,0.0636
136010,12.73164693,2.601047816,2388241.945,11034759.11,2.540411159,11.73784978,86.85252789,34.85884451,0,0.01319615,1.542981833,0.470499104,52800.8987,21090.52634,2.50353632,0.154165192,0.995338988,1.067,2.062338988,Lille,France,4860.2704,247.9825,1975.485463,2,1,0,1975.485463,1,1081875.957,3.87687295,1676.275389,0.1228
136012,13.81073841,1.745238199,4391292.854,5373809.848,40.87585487,50.02150363,82.9785426,31.85321488,0,0.020006029,1.188519624,0.612925695,48737.26494,19711.82357,2.472488898,0.15035733,0.898482261,1.4148,2.313282261,Lille,France,7199.5206,0,2667.155864,2,1,0,2667.155864,1,1081875.957,43.86987812,7393.528699,0.047
136014,13.14943745,3.080873639,305664.73,1018095.139,10.32402188,34.3868149,93.84068907,34.67823163,0,0.000124792,1.785478979,0.635671632,58686.70966,22377.0201,2.622632924,0.159087022,1.054061499,1.985,3.039061499,Lille,France,7941.4829,1675.2153,2922.444301,2,1,0,2922.444301,1,1081875.957,24.68955931,4314.704128,0.0583
136015,12.27457373,5.276702425,238163.6271,1432699.965,2.223367541,13.37491639,85.80401599,41.52256944,0,0.000817817,1.711459453,0.726590754,59045.16651,24460.42944,2.413905555,0.189875497,1.201090458,2.4924,3.693490458,Lille,France,11861.5902,177.0262,2495.10889,2,1,0,2495.10889,1,1081875.957,5.509240508,2062.247678,0
137001,14.03799537,7.749704419,276246.8079,1937976.412,1.841864476,12.92137975,90.25460057,38.94292549,0,5.27E-12,2.222794071,0.525739177,67561.329,25044.86673,2.697611839,0.109890326,1.064447002,2.0238,3.088247002,Lille,France,7072.237,4233.8757,1835.881252,2,1,0,1835.881252,1,1081875.957,13.6710783,3577.892997,0.085
137003,15.15768776,9.121500161,1478241.879,4761321.941,7.187292573,23.14980675,76.31025275,35.75539054,0,0.002469232,1.112235469,0.425108748,54798.63387,21547.48166,2.543157234,0.136994381,1.049068733,1.0783,2.127368733,Lille,France,5192.2024,54.9057,3041.009064,2,1,0,3041.009064,1,1081875.957,41.01323489,7283.109644,0.0334
137004,16.0537305,9.975218708,5738166.531,7210075.58,23.2632057,29.23049905,78.17164382,35.32299477,0,0.069450643,1.51268464,0.619950358,52322.96285,20906.09548,2.502761115,0.154463094,1.016554518,1.3502,2.366754518,Lille,France,5679.6629,1308.7383,3725.669391,2,1,0,3725.669391,1,1081875.957,55.90858886,8996.878271,0.0238
137006,15.0746044,9.003459228,233359.2927,1042181.296,4.595255993,20.52238756,91.10059105,35.62428759,0,0.02851519,0.90526103,0.348883275,58208.66412,21957.99561,2.650909726,0.16363512,1.13777057,1.4444,2.58217057,Lille,France,8093.6322,0,1713.118115,2,1,0,1713.118115,1,1081875.957,33.05544305,5637.454818,0.0716
137007,15.19500868,9.113714524,1771362.572,1771362.572,46.0790715,46.0790715,79.86812398,33.66365756,0,0.057660654,0.680755332,0.304670807,50281.66097,20094.31576,2.502282814,0.167716481,1.187872447,1.2374,2.425272447,Lille,France,5083.6604,2843.6013,1913.460485,2,1,0,1913.460485,1,1081875.957,55.50049697,8896.5499,0.0521
137008,13.49551143,7.418893245,464237.5068,2167399.212,3.271168335,15.27219918,93.35404486,39.56666069,0,0.0006824,1.550354042,0.500087732,65745.29534,24183.4142,2.718610979,0.154064879,1.049109707,1.6925,2.741609707,Lille,France,7123.773,687.0071,2016.982497,2,1,0,2016.982497,1,1081875.957,45.91033757,8111.323972,0.0467
137011,10.76729266,4.88560124,328870.4406,1406811.964,5.052253238,21.61206792,87.95960365,39.73418379,0,3.36E-06,1.802735483,0.626000672,65106.66566,25084.11085,2.595534123,0.163789011,1.183392696,2.3138,3.497192696,Lille,France,10746.4181,766.5601,4366.08365,2,1,0,4366.08365,1,1081875.957,19.38436475,4418.763683,0.0331
137012,10.34153742,4.822280831,432348.1192,1884313.949,3.899520662,16.99538138,91.27821662,38.41242526,0,2.54E-05,1.045128508,0.67640232,61072.51907,23720.10608,2.574715259,0.168099532,1.202146141,2.2275,3.429646141,Lille,France,8878.1389,1621.6447,2249.948262,2,1,0,2249.948262,1,1081875.957,15.91558369,4250.39762,0.0344
138001,16.0000744,8.459163695,960249.4167,2213581.524,10.49305412,24.18874755,78.43142622,38.15306968,0,0.031650575,1.4043406,0.627673486,59079.8754,22993.36423,2.569431546,0.164430999,1.066153219,1.4605,2.526653219,Lille,France,6696.1121,480.2015,5287.915454,2,1,0,5287.915454,1,1081875.957,36.32017817,6496.791458,0.058
138002,15.9778096,6.263320297,1642380.761,4617730.525,7.414501088,20.84666894,85.67012156,39.60339788,0,0.053215778,1.640927346,0.558315871,64079.98162,24232.21761,2.644412602,0.157880966,1.132240143,1.5078,2.640040143,Lille,France,6480.8644,839.9066,4816.494798,2,1,0,4816.494798,1,1081875.957,27.3421566,4705.83123,0.0529
138003,13.14402271,5.911716853,716727.448,2287685.461,5.309680182,16.94769496,84.44252657,40.14061311,0,0.032674154,1.745587854,0.658216904,63749.1564,25137.82684,2.535985183,0.182602651,1.22254917,1.1544,2.37694917,Lille,France,5198.9737,0,2598.971708,2,1,0,2598.971708,1,1081875.957,28.36238632,5773.235764,0.0786
138004,12.34657949,6.382302643,2601966.352,2630519.113,46.04951401,46.55483982,74.9218204,38.41155017,0,0.075930448,1.329146764,0.581511586,56647.38169,23774.93823,2.382651056,0.186737641,1.100948616,1.0794,2.180348616,Lille,France,4863.1769,0,2504.790933,2,1,0,2504.790933,1,1081875.957,35.50399439,6956.842627,0.0898
138005,12.0373789,6.357433669,293559.4317,1302345.53,5.153333664,22.86222256,79.51846821,38.73269908,0,0.030353275,1.519493374,0.49808776,62580.43663,24707.11453,2.532891349,0.163723464,1.127530897,1.0051,2.132630897,Lille,France,3950.8965,1645.9489,3277.755964,2,1,0,3277.755964,1,1081875.957,29.38261604,5932.474035,0.0765
139001,17.02217011,4.576038982,2262126.193,3142899.82,22.00608272,30.57429493,78.56164971,35.35952266,0,1.393546636,1.654838282,0.573790171,56782.63204,21472.95576,2.644378943,0.152984994,1.08743362,1.605,2.69243362,Lille,France,7466.4779,549.1916,3864.426677,2,1,0,3864.426677,1,1081875.957,26.93406471,5362.639822,0.1117
139002,17.94987652,4.527549586,2315376.686,3974583.135,14.5888307,25.04323412,65.77381558,33.5379876,0,0.973471343,1.239260753,0.695270771,49041.34864,19446.6592,2.52183926,0.14519545,0.965774758,1.1347,2.100474758,Lille,France,6249.8527,0,1879.72605,2,1,0,1879.72605,0,1081875.957,59.37736992,9430.205543,0.0492
139003,17.83989768,4.034328383,5721793.821,5957537.693,91.95432579,95.74293991,66.21488531,32.31955189,0,2.257547488,0.838766127,0.50413548,46109.96274,18873.29353,2.443132814,0.14908037,0.885456359,1.3269,2.212356359,Lille,France,5643.4527,0,3186.248081,2,1,0,3186.248081,0,1081875.957,67.53920771,11569.66788,0.0737
139004,18.12191675,3.6809022,1929284.076,2006398.433,82.41833649,85.71263465,72.35041064,31.91812026,0,0.878354213,1.048108726,0.515115904,47799.61905,19703.95388,2.425889715,0.149159664,0.931091241,1.2148,2.145891241,Lille,France,4943.7603,825.5423,1846.857563,2,1,0,1846.857563,1,1081875.957,57.54095642,10143.17248,0.0395
139005,17.8063424,3.38838008,2248100.076,2266493.451,58.93664064,59.41884504,72.58593601,32.02069972,0,1.404317181,1.756885123,0.489553435,48029.85275,19778.31997,2.428409128,0.14999303,0.911487556,0.644,1.555487556,Lille,France,2597.2399,894.5388,2151.198456,2,1,0,2151.198456,1,1081875.957,57.54095642,10089.84752,0.047
139007,17.47432235,3.655048682,4422061.371,4422061.371,108.2078122,108.2078122,67.76325615,33.23980894,0,2.512106569,1.466996915,0.419852214,48885.28926,19802.2622,2.468671951,0.149150538,0.943957393,1.445,2.388957393,Lille,France,6230.1709,1058.9038,2547.435444,2,1,0,2547.435444,1,1081875.957,69.7837131,11563.42326,0.0757
139008,17.20658366,2.894230638,1406350.794,1446628.669,28.87887351,29.7059642,85.1607062,36.61382515,0,0.891479815,2,0.644047835,60212.55877,23344.74753,2.579276502,0.179433526,1.208830311,1.8964,3.105230311,Lille,France,8478.3878,191.8284,2327.122056,2,1,0,2327.122056,1,1081875.957,52.64385374,8862.871709,0.0384
139009,16.82046949,2.512468926,1688803.891,5038147.892,3.839595112,11.45452596,87.23736275,39.67495852,0,0.329800373,1.539266613,0.544863369,63618.16096,24522.19079,2.594309843,0.170730938,1.258730114,1.3472,2.605930114,Lille,France,6411.3725,577.7074,1957.110262,2,1,0,1957.110262,1,1081875.957,27.13811065,5055.611889,0.0679
140001,13.02406424,4.123436042,469919.4091,1233964.053,6.826095003,17.92468176,87.2587794,41.52743511,0,0.403017934,1.587251603,0.501100073,72519.92716,27575.29741,2.629887398,0.164544011,1.105114372,1.1182,2.223314372,Lille,France,5226.6265,63.2604,3403.360446,2,1,0,3403.360446,2,1081875.957,28.97452415,5351.91027,0.0725
140002,14.99613783,3.369481572,757505.0664,1291104.854,23.03341976,39.2585626,79.82991681,38.21953496,0,2.041757159,1.260126974,0.635937866,58887.75595,24056.06235,2.447938283,0.219821567,1.360674587,0.7216,2.082274587,Lille,France,3232.0722,0,1601.807275,2,1,0,1601.807275,1,1081875.957,28.97452415,4709.832979,0.0591
140003,14.31478874,3.270387501,2395827.761,2456443.326,59.63120113,61.13989847,70.79454002,36.47495201,0,2.365564145,1.631664058,0.798773375,56327.47519,23219.50239,2.425869179,0.182289269,0.880736553,2.4824,3.363136553,Lille,France,11987.4347,0,2689.58355,2,1,0,2689.58355,1,1081875.957,36.932316,6573.864508,0.0866
140004,14.62828017,2.376918023,2560626.92,4419800.428,10.8725734,18.7667341,68.95979851,37.38539784,0,1.55211072,1.107560097,0.627560491,55295.79688,23119.17373,2.391772194,0.187343056,1.036147135,1.6401,2.676247135,Lille,France,7561.4355,744.6492,1838.430002,2,1,0,1838.430002,1,1081875.957,38.56468356,7184.270604,0.0792
140005,13.49476041,2.886588329,3666967.306,4261592.772,15.52723359,18.04508765,80.67287093,35.98957199,0,2.021289515,1.365873684,0.647651068,58320.06351,23224.6737,2.511125205,0.188329553,1.043669253,1.4603,2.503969253,Lille,France,6471.4467,0,2199.11572,2,1,0,2199.11572,1,1081875.957,46.5224754,9516.335988,0.0534
140006,12.99028778,3.587603826,1503850.247,2152197.662,21.67019851,31.01276251,84.8649177,38.04699868,0,1.553402966,1.360268262,0.557241932,58989.56955,23939.20404,2.464140807,0.218255071,1.166255042,1.377,2.543255042,Lille,France,6458.5651,0,2055.825038,2,1,0,2055.825038,1,1081875.957,39.78895923,6873.717166,0.0693
140009,14.07604795,2.049627729,1626221.805,1843500.002,23.21867596,26.32090471,90.61615769,34.71054246,0,2.236611606,2.31991987,0.750078879,57537.07635,22569.93628,2.549279521,0.183692151,1.186381693,0.7651,1.951481693,Lille,France,3686.7781,0,2048.611996,2,1,0,2048.611996,1,1081875.957,61.82592126,12024.56138,0.0399
140010,15.04614641,1.474039964,1009530.524,1048986.083,36.67161564,38.10485522,77.40924052,34.85547204,0,6.98022729,1.68084014,0.563536175,58088.30974,22219.89546,2.614247661,0.152805493,0.980675729,0.8511,1.831775729,Lille,France,4097.8117,429.6814,2351.063241,2,1,0,2351.063241,1,1081875.957,55.70454292,10777.5203,0.0741
140012,15.91684875,0.241951262,4312379.653,7382931.915,5.725083349,9.801525834,90.49193202,39.302598,0,0.632667222,1.49681917,0.518043187,65204.75588,24674.22108,2.642626718,0.170629712,1.121908682,0.9785,2.100408682,Lille,France,4598.4204,0,2171.569437,2,1,0,2171.569437,1,1081875.957,35.0959025,7552.220943,0.0314
140014,14.99820345,1.126312682,1862465.139,1862967.995,52.34294452,52.35707685,88.24629843,38.40940014,0,0.581627178,1,0.5,58569.26129,23977.9405,2.442631022,0.239631867,1.178439192,2.726,3.904439192,Lille,France,15440.1856,0,1796.188501,2,1,0,1796.188501,1,1081875.957,43.66583218,9874.572924,0.0392
140015,14.7162086,1.466467874,1574309.44,1863017.872,36.74507584,43.48365782,85.89022655,37.71294249,0,0.220056429,1.363818734,0.561351996,54155.74568,23019.64482,2.35258824,0.234999046,1.116815599,2.0828,3.199615599,Lille,France,9524.2465,458.6704,1923.840734,2,1,0,1923.840734,1,1081875.957,40.80918895,9506.974973,0.0295
141001,8.419100382,4.039098552,402811.7693,1146337.393,3.649984604,10.38726808,82.79809538,46.03132657,0,0.153627166,2.077734956,0.70128465,76381.92185,30176.06555,2.531208773,0.215024028,1.319481558,1.4629,2.782381558,Lille,France,6712.6679,68.8567,2564.130116,2,1,0,2564.130116,2,1081875.957,27.54620254,5422.802565,0.1363
141002,8.490674806,3.990970979,1518082.041,1682077.485,31.19775022,34.56798237,82.74694782,44.31639859,0,0.088915445,1.687379053,0.744248942,73440.9262,29502.66392,2.489298132,0.220192151,1.347647654,1.3414,2.689047654,Lille,France,5778.5867,64.4844,2878.474499,2,1,0,2878.474499,2,1081875.957,35.91208628,6346.18433,0.085
141003,9.30608723,4.066750289,365386.7619,403645.7676,12.6614088,13.98716266,94.8089814,46.94990747,0,0.053715533,1.997512703,1,96069.68018,33750.47953,2.846468599,0.179798709,1.040963506,2.3302,3.371163506,Lille,France,10662.571,0,3057.409545,2,1,0,3057.409545,3,1081875.957,36.932316,6269.786059,0.1188
141006,10.73537742,3.964212519,2935958.988,3350385.667,7.190717673,8.205726824,84.00321293,43.28442328,0,0.073205457,2,0.735759996,76372.10647,28707.99174,2.660308222,0.178247721,1.320971488,1.91,3.230971488,Lille,France,8943.8473,0,1837.732749,2,1,0,1837.732749,2,1081875.957,32.03521333,7288.776204,0.0684
141008,9.586739573,3.270073927,1243304.256,1264060.603,20.06988957,20.40494641,66.24237164,44.113854,0,0.510834804,1.626713433,0.647937138,65553.55627,28276.06636,2.318340728,0.238958855,1.302177124,1.2293,2.531477124,Lille,France,5250.9328,465.1417,2486.678531,2,1,0,2486.678531,2,1081875.957,42.8496484,8134.793948,0.0633
141009,9.46878683,2.687236238,2281900.7,2281900.7,37.38377217,37.38377217,70.69577218,44.7010285,0,1.844797489,1.26209946,0.538032045,70306.20931,29224.74632,2.405708113,0.228540502,1.323976414,0.884,2.207976414,Lille,France,4251.9486,99.2068,3091.822208,2,1,0,3091.822208,2,1081875.957,66.1108861,12149.90129,0.0596
141010,10.63456955,2.875693174,6130188.447,6372497.964,31.12821912,32.35863215,78.91678628,35.7475332,0,3.386151851,1.616223872,0.486176923,62895.13832,23985.60742,2.622203275,0.128773077,1.049170008,1.8907,2.939870008,Lille,France,8449.7079,0,2883.923282,2,1,0,2883.923282,1,1081875.957,59.98950776,12035.3903,0.1286
141011,9.904186183,1.97749602,2032189.356,2032189.356,51.70017552,51.70017552,80.70858152,39.89409724,0,8.17393955,2.107066673,0.68926864,66557.98698,26309.62962,2.529795666,0.164847589,1.321637692,1.8061,3.127737692,Lille,France,8410.4027,171.9518,3092.771638,2,1,0,3092.771638,2,1081875.957,77.33341306,14994.59273,0.0683
141012,9.034914726,2.35781481,1996807.793,1996807.793,45.2715053,45.2715053,83.93662082,36.81054114,0,2.311096922,1.04542252,0.569006414,62166.52825,24178.89308,2.57110729,0.152185583,1.104536052,1.1171,2.221636052,Lille,France,4971.9852,1301.6804,2631.902226,2,1,0,2631.902226,1,1081875.957,81.82242384,14611.77438,0.0282
142,12.4257537,3.698762159,4930519.373,5081090.422,55.5229815,57.21857438,71.54611315,30.87608424,0,5.148779745,1.202248863,0.468984281,48184.85943,18554.35783,2.59695646,0.140454143,1.005634742,1.2378,2.243434742,Lille,France,5736.9699,449.4576,20157.45237,2,1,0,20157.45237,0,1081875.957,69.44363653,12139.39811,0.127453333
143,14.09031227,2.574134532,3840630.359,3922322.532,65.13574,66.52121052,62.45522681,29.84808265,0,20.84238344,1.161046695,0.448748599,45714.27709,17547.60012,2.605158356,0.123487573,1.042827378,1.152,2.194827378,Lille,France,5389.4298,636.1837,22486.09927,2,1,0,22486.09927,0,1081875.957,73.71771892,12900.79228,0.100344
144,13.63364301,3.491372326,5928066.415,6505548.311,59.32349829,65.10248992,63.00547661,30.89397168,0,5.987137975,1.089320879,0.431098491,45170.78315,17772.03315,2.541677858,0.127137917,0.91146839,1.044,1.95546839,Lille,France,4824.0434,865.6599,14694.16215,2,1,0,14694.16215,0,1081875.957,71.91485964,12589.93964,0.105805556
145,12.29911834,2.938045423,7421918.1,7717804.667,83.35392482,86.67696159,38.83649785,32.89951887,0,26.01646789,0.650496049,0.285634995,42056.75426,18048.16627,2.330250821,0.124922925,0.892201687,0.6674,1.559601687,Lille,France,3057.4704,983.2291,16056.62796,2,1,0,16056.62796,0,1081875.957,81.15927452,14250.3556,0.221975
146,11.19851249,1.869069186,5713253.544,6162817.631,60.47050564,65.22880447,50.09423952,33.09209095,0,19.04986486,1.096893033,0.453415004,45319.02952,19247.96911,2.3544837,0.126709502,1.021098277,0.8029,1.823998277,Lille,France,3634.4897,571.7983,21787.02799,2,1,0,21787.02799,0,1081875.957,76.90177741,14525.68438,0.147392308
147,10.37014966,0.500591176,10431927.32,10445710.79,84.78035318,84.89237161,36.22103935,27.26551619,0,27.27223419,0.493886501,0.239987973,38200.08365,14479.27848,2.638258785,0.096872524,0.685334154,0.4964,1.181734154,Lille,France,2168.0759,1454.5568,14167.77842,2,1,0,14167.77842,0,1081875.957,97.41582973,16261.58622,0.1663
148,11.61110413,1.134708349,6922995.951,7776866.188,60.06523916,67.47358091,53.36808994,26.69051882,0,6.112453448,0.768757282,0.260974273,40233.29312,14357.01865,2.802343167,0.116632229,0.730414855,0.6421,1.372514855,Lille,France,2835.0477,1054.7005,17051.43083,2,1,0,17051.43083,0,1081875.957,88.34115482,14724.95155,0.153621053
149,10.99752754,2.429421889,3796341.991,4014559.428,58.17531139,61.51928498,52.95926431,28.43004427,0,2.869444012,0.879128321,0.323978164,43153.22036,16166.27919,2.669335341,0.121664153,1.154978138,0.7043,1.859278138,Lille,France,3187.5762,531.8447,20485.63404,2,1,0,20485.63404,0,1081875.957,93.24012519,14943.07774,0.106317391
150,9.525872731,1.854681553,5404236.518,5404236.518,73.17387352,73.17387352,54.85839291,33.24568419,0,10.38482284,0.917732508,0.378011664,48025.46655,19223.17802,2.498310451,0.149070888,1.033348791,0.7478,1.781148791,Lille,France,3187.6047,1356.6056,21882.99012,2,1,0,21882.99012,0,1081875.957,92.48722522,15140.34168,0.140286667
151,9.864712446,0.837282454,5596475.639,6146839.087,79.08441695,86.86166379,49.42934186,29.55433583,0,21.62688434,0.761696058,0.284341813,42170.25075,16201.66316,2.602834681,0.09881115,0.80685002,0.6212,1.42805002,Lille,France,2810.1651,777.9584,17148.20991,2,1,0,17148.20991,0,1081875.957,94.00396675,15663.68643,0.14276
152,12.97374082,2.351556188,4232170.785,5524097.721,35.21923733,45.97038224,78.38442013,30.28376935,0,0.891520356,1.27506372,0.499998245,47030.56634,18227.67274,2.580173949,0.14594497,0.971885067,1.28,2.251885067,Lille,France,5824.8184,543.256,20863.69097,2,1,0,20863.69097,0,1081875.957,69.20072469,11894.03672,0.07822381
153,13.46985931,2.78812469,1751672.75,3070705.263,22.42286172,39.30757016,69.89071551,33.24847354,0,0.810479693,1.286633873,0.501347913,48653.11439,19536.19089,2.49040945,0.153606794,1.003851497,1.1931,2.196951497,Lille,France,5397.9476,499.4472,17414.01029,2,1,0,17414.01029,0,1081875.957,58.56118614,9905.205558,0.046836
154001,12.34549436,0.78196969,5170029.394,9055808.327,15.7086549,27.51523386,94.54459563,37.25368329,0,0.784384067,1.830740403,0.687865341,63705.80546,24345.77525,2.616708846,0.163600296,1.111684438,2.1907,3.302384438,Lille,France,10188.0973,694.7201,3749.848561,2,1,0,3749.848561,1,1081875.957,35.70804033,6690.29088,0.0128
154002,11.01584952,1.710888173,1918789.118,2085699.834,44.56827319,48.44515695,87.22636899,35.58323015,0,1.499249459,0.64306741,0.267457328,59391.13895,23054.01146,2.576173741,0.156928975,1.021079121,2.1292,3.150279121,Lille,France,11118.846,2717.9718,1972.768445,2,1,0,1972.768445,1,1081875.957,67.9472996,10095.44531,0.0198
154004,12.15469945,0.503854459,5524628.878,5818024.613,19.51675329,20.55322693,82.64479767,36.52338793,0,0.636452883,1,0.25,57316.64264,23113.73363,2.479765647,0.191070479,1.085158918,1.4088,2.493958918,Lille,France,6437.088,586.222,2013.590826,2,1,0,2013.590826,1,1081875.957,61.21378342,10764.79947,0.0227
154006,10.81687182,1.834367972,3747169.173,3747169.173,106.6184715,106.6184715,63.87443347,35.16534826,0,1.731323319,1.599782186,0.507930934,50199.43859,20928.46413,2.398620285,0.149416677,0.988286841,0.9654,1.953686841,Lille,France,4602.0623,333.6517,1993.800328,2,1,0,1993.800328,1,1081875.957,87.33166435,13011.80605,0.0289
154007,10.72806344,1.998363502,4846172.276,5037626.671,78.68255092,81.79100835,42.3757646,31.3531185,0,2.629790124,0.8654929,0.454802467,42984.94065,17918.2825,2.398943126,0.121838397,1.005417544,1.0945,2.099917544,Lille,France,5068.8877,2121.2862,3735.281398,2,1,0,3735.281398,0,1081875.957,92.43281297,13967.80926,0.0455
154008,11.24752094,1.48589556,1960162.695,1960162.695,59.04780738,59.04780738,62.61483656,34.32012191,0,2.010729353,1.197942702,0.563214712,50240.83417,20884.9185,2.405603554,0.164648122,1.064287671,1.0462,2.110487671,Lille,France,5046.9334,639.9869,3093.121383,2,1,0,3093.121383,1,1081875.957,87.12761841,13407.90086,0.0465
154010,11.91662473,1.147152541,2315828.862,2499689.557,28.21454988,30.45458879,63.39117475,32.59962727,0,1.943093458,1.350189535,1,51829.67313,20185.11634,2.567717335,0.158396304,0.967545436,0.5502,1.517745436,Lille,France,2398.8398,0,2100.656106,2,1,0,2100.656106,1,1081875.957,66.1108861,11499.61625,0.0394
154011,12.64298567,0.780504218,2022399.497,2787252.508,19.8974669,27.42250709,90.89240522,36.66913458,0,0.384116898,1.859823872,0.690472061,60857.69843,23434.88366,2.596885024,0.197555733,1.079363982,1.6366,2.715963982,Lille,France,7328.3918,422.3005,4544.394697,2,1,0,4544.394697,1,1081875.957,56.11263481,9928.332705,0.0571
154013,13.15705003,0.617240047,2218566.258,5414651.264,10.500944,25.62869127,87.98209156,37.29940451,0,0.036746244,1.431721437,0.555697408,58826.30269,23393.43575,2.514649978,0.202925181,1.0547869,1.2515,2.3062869,Lille,France,5118.6668,1118.9754,2628.241886,2,1,0,2628.241886,1,1081875.957,37.54445383,6763.061009,0.0595
154014,13.5584627,0.975557239,1759599.309,1847950.427,37.07787733,38.93959205,84.0928281,37.51427719,0,0.083046941,1.520114458,0.707827814,54764.324,23086.94321,2.372090731,0.231124599,1.201355341,1.9578,3.159155341,Lille,France,9719.4033,0,2429.37452,2,1,0,2429.37452,1,1081875.957,39.99300517,7362.571052,0.0987
155001,8.5928313,1.467014107,1270475.197,2010174.525,13.52553678,21.4004095,92.35265032,41.25419379,0,0.215891713,2,0.522704957,76887.39257,27626.61119,2.78309171,0.185301337,1.358143996,1.7776,3.135743996,Lille,France,8417.9332,0,2432.535826,2,1,0,2432.535826,2,1081875.957,56.11263481,10290.48447,0.0595
155004,9.576727936,0.480165788,3659939.303,8984657.134,6.005598243,14.74293332,83.29242809,37.41698833,0,0.146191467,1.667810546,0.57918667,65622.81936,25506.71166,2.572766738,0.154738028,1.046087606,1.8748,2.920887606,Lille,France,8642.1803,811.0139,2885.230047,2,1,0,2885.230047,1,1081875.957,31.0149836,5857.253722,0
155008,9.901759548,0.910955732,793658.7112,1349453.749,26.93312332,45.7942485,85.60886399,34.90915073,0,0.557032465,1.390925922,0.569930979,59332.8721,22508.15037,2.636061654,0.158098256,1.124987117,1.4168,2.541787117,Lille,France,6808.7053,254.67,1870.017918,2,1,0,1870.017918,1,1081875.957,65.49874826,11053.30207,0.0119
155009,10.29509818,1.543422045,1771333.245,1795450.345,61.89401078,62.73671164,57.95519673,32.81187795,0,0.944830918,1.480203082,0.472668788,46766.44581,19216.47068,2.433664672,0.141102865,0.928814415,1.307,2.235814415,Lille,France,6041.5653,954.4789,1729.241973,2,1,0,1729.241973,0,1081875.957,89.3721238,13372.32484,0.0272
155011,10.29904202,1.838475216,3936717.846,3936717.846,71.09916007,71.09916007,43.11180716,30.31837906,0,1.267684305,1.04179133,0.4479509,41916.89961,17292.73175,2.423960553,0.122024013,0.880791815,0.7607,1.641491815,Lille,France,1996.6621,6230.5235,1202.181471,2,1,0,1202.181471,0,1081875.957,98.55419131,14695.74276,0.0384
155013,9.84255241,1.612320144,1931025.072,1931025.072,48.24869921,48.24869921,65.59231684,29.82238743,0,0.595788873,0.619800674,0.319634939,46998.27263,17906.19208,2.624693873,0.141770736,0.932531999,0.8564,1.788931999,Lille,France,3677.3697,0,1120.960372,2,1,0,1120.960372,0,1081875.957,99.57442104,15672.2891,0.062
155015,9.682461375,1.028236471,2084589.687,2084589.687,52.14945036,52.14945036,97.02163504,33.85159474,0,0.245686099,1.348084878,0.525174273,59767.22205,21660.04285,2.759330739,0.168185171,1.10739037,1.1362,2.24359037,Lille,France,5460.5053,700.9456,1144.226968,2,1,0,1144.226968,1,1081875.957,78.76173467,12497.44969,0.0405
155016,9.471025601,1.582810135,1233696.495,1233696.495,56.62656287,56.62656287,61.792746,29.2119485,0,0.342575529,1.137927253,0.579996572,45407.52934,17380.42614,2.61256709,0.138380297,0.784520049,1.2984,2.082920049,Lille,France,5858.4426,306.6978,1359.146886,2,1,0,1359.146886,0,1081875.957,92.22876703,14784.26789,0.0465
155018,9.028046084,2.072891107,1201563.306,1228469.729,41.18031985,42.10246445,75.21989403,35.5542924,0,0.549456397,2.132839552,0.729163861,56308.05747,22573.13521,2.494472165,0.176966723,1.202381229,0.8581,2.060481229,Lille,France,3316.5921,1355.7368,1377.716581,2,1,0,1377.716581,1,1081875.957,73.25249416,12132.84346,0.0454
155019,10.97663818,2.135109612,193657.0975,871231.1543,4.330777146,19.48344792,99.18209401,43.08328468,0,0.07915293,1.759709354,1,77008.68401,28879.15655,2.666583558,0.191275253,1.273091424,1.3103,2.583391424,Lille,France,5566.1457,0,1933.216091,2,1,0,1933.216091,2,1081875.957,10.61038913,2771.170013,0
156,7.932876319,2.745663103,2872750.373,2958907.23,45.01015838,46.36006119,52.78011613,37.78741868,0,13.38400023,1.183393709,0.52667562,52733.47665,23224.68218,2.270579044,0.172756046,1.185642573,0.9553,2.140942573,Lille,France,4290.3775,844.4199,19806.53373,2,1,0,19806.53373,1,1081875.957,75.32517139,12320.99447,0.066557895
157,6.571649303,4.005267457,2138481.571,2317792.04,30.71254013,33.28776923,64.89953475,36.3745552,0,10.7995615,1.331221914,0.553392593,59475.00268,25039.46768,2.375250282,0.158824738,1.093140321,0.9761,2.069240321,Lille,France,4359.0303,719.9517,21340.48196,2,1,0,21340.48196,1,1081875.957,56.23894896,12045.96589,0.02987619
101,1.24934756,3.401063162,12334878.9,18761166.22,43.76461225,66.5653203,0.921787819,33.78424432,0,32.20721907,0.543545643,0.293263168,51038.40311,25720.33432,1.98436002,0.128951478,0.614711831,0.5145,1.129211831,Lyon,France,2278.2585,1418.4041,8404.011361,2,1,0,8404.011361,1,1332187.502,61.85992892,12306.10482,0.118833333
102,0.095837583,2.210513183,15008900.37,17880845.6,174.2781138,207.6261396,0.196482379,43.67640212,0,49.14533519,0.638662268,0.332088552,64224.02074,31235.70182,2.05610942,0.185486996,1.1894287,0.4401,1.6295287,Lyon,France,1763.0162,1267.3593,9427.443128,2,1,0,9427.443128,2,1332187.502,111.5621203,17566.47306,0.05135
103,0.928847076,1.569396189,17676865.39,22990173.24,96.65296819,125.7048936,0.527212551,42.11819053,0,47.07416419,0.507036208,0.279831725,56874.45243,29969.78643,1.897726317,0.156436642,1.107385017,0.3384,1.445785017,Lyon,France,1258.851,1775.6787,8948.857462,2,1,0,8948.857462,2,1332187.502,134.5683006,18700.93926,0.0933125
104,1.826851549,1.630589385,13381415.87,17498481.29,181.7117577,237.6190849,0.398062807,39.99600326,0,37.20168845,0.568456271,0.320883305,57712.12061,29514.85884,1.955358178,0.156298541,0.879398393,0.4742,1.353598393,Lyon,France,1755.9391,2029.7973,9511.093167,2,1,0,9511.093167,2,1332187.502,127.651143,18187.04465,0.1177
105,2.021074092,2.293437317,12315804.84,12821750.41,159.9036453,166.4726468,0.733416811,36.98871643,0,23.68615705,0.668488984,0.357839376,50143.24653,26471.86867,1.894208798,0.14714474,1.001892778,0.3407,1.342592778,Lyon,France,1245.898,1795.5741,15979.60083,2,1,0,15979.60083,2,1332187.502,104.2383283,15969.5994,0.146414286
106,2.965420542,2.405434216,7535795.158,8304710.084,154.948267,170.7584148,2.341857453,35.19191449,0,16.86933773,0.840117937,0.440620766,56555.1767,27824.85438,2.032541696,0.153297497,0.890731772,0.4912,1.381931772,Lyon,France,2042.0246,830.3477,13321.51337,2,1,0,13321.51337,2,1332187.502,83.04669951,14269.40283,0.104842857
107,2.948443213,3.094158762,4798428.442,5058879.44,96.00709517,101.2182063,2.890711854,36.50337528,0,10.62809308,0.851079827,0.43261146,55334.33938,27193.50929,2.034836284,0.190112954,1.04729619,0.5916,1.63889619,Lyon,France,2361.1615,1286.1286,19962.54923,2,1,0,19962.54923,2,1332187.502,71.11001174,12932.42642,0.1171125
108,4.549578852,3.768580165,3409200.027,4589229.744,32.44033063,43.66893378,13.77788525,36.2257998,0,4.593314529,1.163098259,0.502606836,59553.40926,25846.28972,2.30413765,0.1713792,1.000370883,0.8769,1.877270883,Lyon,France,3596.1531,1540.2708,8894.277464,2,1,0,8894.277464,1,1332187.502,36.18414754,8414.658401,0.030766667
109,4.614225995,2.612541381,6018982.942,6218420.345,89.78673656,92.76179626,3.553943646,29.73289499,0,9.751821311,0.681786317,0.293810358,45133.80498,19191.63577,2.351743516,0.161332009,0.694011987,0.4868,1.180811987,Lyon,France,1702.9392,1491.1637,9642.174177,2,1,0,9642.174177,0,1332187.502,50.87545556,11459.65518,0.01575
110,3.534004294,3.682309128,7668292.322,9273851.932,91.91602819,111.1610773,1.50076917,31.21762495,0,17.17572054,0.662870752,0.372984336,44405.52912,21840.87425,2.033138812,0.111078358,0.719603607,0.6117,1.331303607,Lyon,France,2352.3643,1931.4011,13242.52681,2,1,0,13242.52681,1,1332187.502,55.33045868,11281.0976,0.085816667
111,2.710456586,3.985277089,4186848.501,4540749.564,58.62474803,63.58011257,3.346826515,33.14524278,0,19.17519846,0.957610974,0.470266035,49383.91483,23647.49097,2.088336344,0.1461123,0.751341025,0.6779,1.429241025,Lyon,France,2871.393,1501.2375,13166.66621,2,1,0,13166.66621,1,1332187.502,49.9038082,10585.53927,0.078585714
112,1.163374549,2.169116896,8837216.328,11097269.56,82.73119752,103.8890943,0.867765825,40.40693417,0,30.89244589,0.522408696,0.311762076,52267.59583,28206.03077,1.853064554,0.141012126,1.102197017,0.6836,1.785797017,Lyon,France,2893.0822,1441.5375,5380.482946,2,1,0,5380.482946,2,1332187.502,99.31936361,14768.92031,0.14255
113,1.133485741,3.068823479,4018435.117,4224980.181,52.45222551,55.14823726,5.734224561,36.82235801,0,17.48950171,0.763084168,0.44215545,55634.8749,26899.43449,2.068254443,0.18855889,1.100826797,0.4137,1.514526797,Lyon,France,1428.0382,1828.0817,11578.60018,2,1,0,11578.60018,2,1332187.502,57.83245063,10785.95026,0.036714286
114,2.577950886,4.433533188,3803164.148,3803164.148,76.52188879,76.52188879,4.782560683,36.75323,0,10.8928091,1.194095926,0.586141077,51740.16157,24662.00854,2.097970305,0.233896575,1.509446124,0.9678,2.477246124,Lyon,France,4094.1767,1083.6008,12666.94513,2,1,0,12666.94513,1,1332187.502,40.91121192,9340.534185,0.037966667
115,3.346402896,5.405942633,3238661.112,3238661.112,65.42265351,65.42265351,13.46616708,38.11030715,0,9.396836237,1.12159035,0.512310543,59221.29212,26981.6961,2.19486914,0.206662943,1.255065654,0.7026,1.957665654,Lyon,France,3048.4386,888.1175,10814.83721,2,1,0,10814.83721,2,1332187.502,37.34040789,8072.737608,0.0496
116,2.24967093,0.397962704,27475042.21,30705786.87,113.9587737,127.358997,0.173452513,34.41696355,0,46.66265714,0.59705136,0.338028177,50296.47883,26157.87107,1.922804753,0.136719633,0.60898989,0.4267,1.03568989,Lyon,France,1774.5396,1417.6547,9935.182526,2,1,0,9935.182526,1,1332187.502,122.5295898,19071.73428,0.04845
117,1.608892926,0.786978084,14476325.96,14476325.96,264.4563051,264.4563051,0.228855956,34.86069762,0,50.53250722,0.645541737,0.374965588,48985.47541,26060.1769,1.879706173,0.135505085,0.690590757,0.5548,1.245390757,Lyon,France,2330.677,1574.2396,12603.81522,2,1,0,12603.81522,1,1332187.502,132.9971468,19943.06312,0.07328
118,1.829029935,1.447413531,9640999.934,10025250.3,176.3815127,183.4113499,0.349544573,33.49813942,0,40.13571516,0.763231228,0.406310106,47357.15478,24923.24114,1.900120234,0.126306509,0.643501841,0.4339,1.077401841,Lyon,France,1817.3553,1137.5594,16689.23576,2,1,0,16689.23576,1,1332187.502,113.2746488,17659.3838,0.082042857
119,2.76768748,2.187020994,9735740.606,9735740.606,187.1268085,187.1268085,1.686518184,33.65845061,0,33.06057938,0.744958294,0.404015172,51383.21288,25968.54965,1.978670875,0.149456155,0.767277771,0.4567,1.223977771,Lyon,France,1872.0973,1626.2578,12949.67452,2,1,0,12949.67452,1,1332187.502,77.28240157,14289.25298,0.095475
120,3.493533198,2.830792885,7934509.718,7934509.718,129.0913342,129.0913342,2.866574151,33.25223103,0,32.75238096,0.727891118,0.374305755,50076.97083,25157.4853,1.990539604,0.15660387,0.680222384,0.5125,1.192722384,Lyon,France,2097.7563,1504.2051,11934.90001,2,1,0,11934.90001,1,1332187.502,69.03554464,13935.48443,0.1592
121,4.357211432,3.102745552,7094451.672,7094451.672,83.88399185,83.88399185,8.492299556,31.33787374,0,29.30308568,0.634809075,0.349592945,43598.52096,21575.55355,2.020737074,0.159131683,0.59814531,0.2242,0.82234531,Lyon,France,738.6315,2199.3731,13361.76923,2,1,0,13361.76923,1,1332187.502,66.19250448,13764.05387,0.10484
122,4.419551331,2.909096059,5645982.143,5670624.163,86.8252579,87.20420875,12.1191453,34.18149232,0,23.46962251,0.880306854,0.429692553,54151.4515,26123.66679,2.072888616,0.148214911,0.946373616,0.5426,1.488973616,Lyon,France,2079.7292,1865.6451,18705.69766,2,1,0,18705.69766,1,1332187.502,73.81928846,13308.71195,0.061644444
123,3.1829391,1.936043962,8247952.08,8317665.856,152.6095738,153.8994685,2.506902389,34.35487607,0,33.0060936,0.802638135,0.408247211,54302.57941,27231.07884,1.994139848,0.142662094,0.724275174,0.4355,1.159775174,Lyon,France,1739.2642,1359.2165,13312.60107,2,1,0,13312.60107,2,1332187.502,78.35364278,14236.79277,0.066825
124,3.353572316,1.533763234,8889832.346,8995617.006,220.4853424,223.1090102,2.548551145,32.19219303,0,23.71165641,0.874925539,0.422477513,50776.25729,24623.5168,2.062104195,0.121737924,0.737474928,0.5633,1.300774928,Lyon,France,2265.8003,1274.6223,17076.25748,2,1,0,17076.25748,1,1332187.502,81.86323303,14646.64224,0.06618
125,2.946579352,0.820441061,11643814.44,11920194.45,193.2961845,197.8843032,1.042084703,32.62748649,0,44.2025892,0.785811051,0.420717893,49848.30209,24734.35406,2.015346832,0.130987995,0.608282717,0.3059,0.914182717,Lyon,France,1244.7858,1371.4245,18721.2858,2,1,0,18721.2858,1,1332187.502,99.03880043,16872.78158,0.0613375
126,2.763055241,1.185706814,6915045.593,7856883.478,95.13111355,108.0880906,0.492693449,40.13504751,0,25.33366438,0.796213377,0.405281798,62840.88075,31377.85842,2.002714141,0.179995696,1.157115714,0.4573,1.614415714,Lyon,France,1967.1721,945.2581,23820.08435,2,1,0,23820.08435,2,1332187.502,97.53396159,15508.30201,0.08816
127,2.262806888,0.459372112,13954482.66,15344889.17,219.5002994,241.3710237,0.240446187,38.62924723,0,47.4445012,0.713113716,0.395931674,58855.05147,29754.02789,1.978053247,0.184117609,1.00659953,0.4965,1.50309953,Lyon,France,2066.3999,1309.0401,19903.69687,2,1,0,19903.69687,2,1332187.502,127.9594791,19129.67723,0.0666
128,1.576693446,0.681988797,13686746.35,14384563.81,153.4537979,161.2776251,0.225611638,40.17373321,0,49.53954021,0.728476544,0.388679112,58781.74777,30148.05244,1.949769322,0.177650402,0.988499688,0.4845,1.472999688,Lyon,France,1944.1705,1152.6647,9137.455097,2,1,0,9137.455097,2,1332187.502,146.7770496,20752.4303,0.069166667
129,0.839956891,1.762171212,14130187.68,15431453.18,176.8617464,193.1491513,0.363031648,34.69044236,0,52.26335865,0.433532708,0.265031038,45698.44403,25107.93033,1.820080087,0.128346139,0.700770286,0.3612,1.061970286,Lyon,France,1323.0749,2001.3018,16005.52949,2,1,0,16005.52949,1,1332187.502,130.1047955,19010.23559,0.065175
130,1.649626396,3.244737561,7207367.325,7901071.946,87.97315069,96.44051172,0.536511437,31.93785522,0,24.48527433,0.839304002,0.421471634,46666.55193,22843.68369,2.042864564,0.131404098,0.69395414,0.5326,1.22655414,Lyon,France,2127.6587,1136.2982,14756.85743,2,1,0,14756.85743,1,1332187.502,47.8827817,10098.87692,0.1454
131,2.687801992,3.934820141,7303051.989,9292481.554,20.6445172,26.26830475,0.626358287,30.56312418,0,11.71150826,0.776983457,0.389769528,46150.91436,21957.30258,2.101848084,0.111710558,0.667902787,0.5391,1.207002787,Lyon,France,2197.8549,1669.0704,11533.20823,2,1,0,11533.20823,1,1332187.502,34.86918478,7797.909446,0.111477778
132,1.737651833,2.080648267,11798252.24,11972396.92,201.5993858,204.5750352,0.553337489,32.72515839,0,37.7141275,0.603606437,0.350887822,46378.0347,24119.3563,1.922855408,0.127420677,0.711940389,0.4196,1.131540389,Lyon,France,1608.9731,2097.1095,10679.78172,2,1,0,10679.78172,1,1332187.502,97.1258697,15160.07313,0.0791
133,3.099435343,3.601676438,4205851.346,4255178.968,90.7597141,91.82417418,4.161192888,29.72179844,0,18.61532219,0.862783603,0.386057885,44045.73153,19995.26341,2.202808267,0.137115963,0.560552952,0.5549,1.115452952,Lyon,France,2138.5729,1501.2772,11717.15682,2,1,0,11717.15682,1,1332187.502,44.76768028,9500.761121,0.1192
134,3.624603785,3.450929853,6855157.723,7010983.867,137.186586,140.3050054,3.243896854,29.41325746,0,29.61142718,0.749614897,0.371767218,41861.46927,19388.5144,2.159085963,0.160203607,0.821204857,0.4929,1.314104857,Lyon,France,1938.6646,1698.136,13630.94643,2,1,0,13630.94643,0,1332187.502,59.33656073,12793.23612,0.18138
135,4.493569992,2.653879205,7144957.778,7144957.778,101.3222624,101.3222624,8.095489797,29.97124981,0,17.3824318,0.963934332,0.456901574,43129.45109,19668.81555,2.192783341,0.183130098,1.00627227,0.6296,1.63587227,Lyon,France,2833.9493,1072.3093,11497.37183,2,1,0,11497.37183,1,1332187.502,60.11193532,13478.1864,0.1346
136,4.977712613,2.853004196,7306346.97,7306346.97,134.3882123,134.3882123,4.73145887,30.85911662,0,18.74248463,0.789662191,0.388226415,44111.37395,20822.026,2.118495768,0.162961768,0.980318764,0.6944,1.674718764,Lyon,France,3037.3009,1435.2992,11759.78964,2,1,0,11759.78964,1,1332187.502,68.96752932,13214.45204,0.10944
137,4.68456341,2.448929685,8008391.059,8008391.059,122.8937273,122.8937273,7.717098498,32.10706151,0,19.6588843,0.859375432,0.425305026,47408.93452,22934.57373,2.067138246,0.16916565,0.827908973,0.3806,1.208508973,Lyon,France,1708.4127,1166.164,13049.80757,2,1,0,13049.80757,1,1332187.502,69.86533148,13626.03201,0.11158
138,3.89581839,1.676624312,9698318.844,9698318.844,274.6466553,274.6466553,2.351534889,31.75329897,0,38.5497201,0.739674261,0.395124725,47695.83749,23111.81153,2.063699655,0.138212366,0.606880085,0.2831,0.889980085,Lyon,France,985.5173,1670.8258,10828.35998,2,1,0,10828.35998,1,1332187.502,83.79486798,14826.83099,0.122166667
139,3.918764456,1.706615119,12077457.79,12077457.79,252.1867537,252.1867537,2.055157741,31.89215223,0,27.77839862,0.542225936,0.285199206,47167.90047,23056.2708,2.045773181,0.156603271,0.707139563,0.3246,1.031739563,Lyon,France,1246.557,1209.5042,21501.43968,2,1,0,21501.43968,1,1332187.502,83.38677609,15073.07271,0.104533333
140,4.049478012,2.036525858,9174868.825,9194464.008,203.4826215,203.9172085,2.712181466,31.69765592,0,21.24743599,0.76250572,0.379658496,47951.15961,22983.68427,2.086313014,0.15047335,0.736339005,0.4789,1.215239005,Lyon,France,1813.8941,1175.2221,19011.6925,2,1,0,19011.6925,1,1332187.502,77.48644752,14291.75795,0.0698
141,5.102678152,2.902707438,7853169.27,8094128.846,108.730351,112.0665352,6.223713611,31.07910919,0,17.73770267,0.919601539,0.437368133,48886.27928,22785.87222,2.145464471,0.131615823,0.67704527,0.6062,1.28324527,Lyon,France,2377.3955,1230.6172,10915.34649,2,1,0,10915.34649,1,1332187.502,72.07922998,13549.025,0.04885
142,5.903582103,2.681318645,7027495.941,7078182.673,80.81689452,81.39979693,8.13897752,29.45753926,0,20.38417013,0.874914905,0.373897682,45624.87928,20011.60375,2.279921182,0.153564123,0.907112119,0.5467,1.453812119,Lyon,France,2205.0429,1276.0797,9634.526892,2,1,0,9634.526892,1,1332187.502,60.1935537,12300.25626,0.05194
143,6.650770174,2.389487837,4984961.935,5419555.907,43.34601141,47.12496008,14.95403489,27.790499,0,16.69133315,0.926685516,0.369161996,46736.33418,19078.01573,2.449748173,0.143610756,0.824812339,0.6282,1.453012339,Lyon,France,2485.2245,1839.6989,10249.28316,2,1,0,10249.28316,0,1332187.502,48.68536242,10470.52518,0.03706
144,5.988807176,1.67939311,3141721.969,3358200.705,52.64411805,56.27153393,17.68066479,29.54084466,0,12.79842836,0.961061988,0.412548216,46715.68564,19881.64355,2.349689326,0.15740375,0.904078056,0.484,1.388078056,Lyon,France,1759.2443,1007.2195,13823.04291,2,1,0,13823.04291,1,1332187.502,58.79923974,12596.62605,0.058083333
145,4.717452264,2.574051557,3853722.685,4579696.521,25.61915095,30.44535014,5.289663597,32.11309088,0,20.85809406,0.412851009,0.295251114,45311.83907,22795.28038,1.987772833,0.147559527,0.795880884,0.3009,1.096780884,Lyon,France,1117.6507,1259.8324,7639.066006,2,1,0,7639.066006,1,1332187.502,50.12728709,11457.01432,0.1003
146,3.655718922,1.557523768,11799809.78,11799809.78,180.177376,180.177376,1.002778092,32.09715612,0,46.96532906,0.823585235,0.392388304,46229.47013,22770.61838,2.030224623,0.139622901,0.622522434,0.4296,1.052122434,Lyon,France,1773.6672,1104.9749,10776.20208,2,1,0,10776.20208,1,1332187.502,71.76587371,12779.16671,0.136171429
201,7.548632335,1.037532974,3237748.621,3501000.034,25.04254335,27.07867577,12.7965996,31.21866512,0,16.49933856,1.093073553,0.515275001,50257.85264,22236.44077,2.260157242,0.1702603,1.010402649,0.7465,1.756902649,Lyon,France,3361.5341,873.0028,12649.29713,2,1,0,12649.29713,1,1332187.502,44.45286653,10547.67042,0.035185714
202,7.329864058,0.528301969,3176812.027,3251881.721,74.39647694,76.15450378,17.06042799,29.43959289,0,11.6660985,0.977290978,0.366129743,51309.89233,20706.87529,2.477915747,0.159520464,0.895940952,0.4197,1.315640952,Lyon,France,1744.6122,1071.3542,9067.92447,2,1,0,9067.92447,1,1332187.502,50.27692079,10264.08586,0.04936
203,6.529325561,0.793526223,2508620.421,2508620.421,60.47125006,60.47125006,22.8711028,32.52361763,0,16.79850464,1.184208928,0.53244326,55924.62056,23262.6659,2.40405037,0.191998991,1.086190297,0.7397,1.825890297,Lyon,France,3162.3033,1386.252,8130.883262,2,1,0,8130.883262,1,1332187.502,54.68431319,11184.55313,0.0456
204,5.703272451,1.579960708,4489592.127,4489592.127,31.53787607,31.53787607,21.09641604,32.29149604,0,17.06975152,0.809321351,0.357264188,52388.58639,22507.02179,2.327655204,0.189199297,1.112067075,0.4734,1.585467075,Lyon,France,1886.0884,1271.2777,8440.041033,2,1,0,8440.041033,1,1332187.502,61.38382171,13519.10984,0.066983333
205,4.263363163,2.939473111,4875668.854,4875668.854,69.80667711,69.80667711,6.701963868,29.47643595,0,15.01512786,0.948903373,0.437607954,44624.29798,19455.97059,2.293604309,0.168961111,0.81932358,0.7274,1.54672358,Lyon,France,3061.5198,912.6403,13399.05327,2,1,0,13399.05327,0,1332187.502,46.42045243,10757.8868,0.1511
206,6.478231888,0.74199333,11748214.86,12244266.83,18.24618681,19.01660658,13.02558304,28.6761233,0,12.35409664,0.923128021,0.407606445,44921.33135,19358.84372,2.320455292,0.148021826,0.758022363,0.8073,1.565322363,Lyon,France,3503.8038,1254.6021,11031.27695,2,1,0,11031.27695,0,1332187.502,40.55979946,9561.363895,0.094433333
207,8.185025458,1.912918493,2902746.346,4126546.207,32.43789189,46.11372947,19.40343854,27.45724196,0,7.576161786,0.921285725,0.360681482,47169.59594,18022.6532,2.617239283,0.136149665,0.611352537,0.7297,1.341052537,Lyon,France,3207.2839,1246.7552,16479.79801,2,1,0,16479.79801,0,1332187.502,35.46998673,8460.762038,0.06985
208,6.977783027,2.607741394,3873381.357,3909311.047,89.97935357,90.81400679,12.79513609,26.12101014,0,14.93522149,1.004045085,0.345141255,44939.48207,15410.79835,2.916103439,0.141829978,0.641921602,0.5395,1.181421602,Lyon,France,2152.2026,1614.9005,21717.49528,2,1,0,21717.49528,0,1332187.502,52.39899861,10983.45214,0.06281
209,5.702568444,3.663088938,2796870.505,3068020.245,29.58929687,32.45790667,13.23652349,25.72088702,0,7.119300917,0.894381837,0.367630689,44000.19545,16682.55606,2.637497233,0.14299272,0.774778854,0.8384,1.613178854,Lyon,France,3559.5215,1254.6614,17864.54313,2,1,0,17864.54313,0,1332187.502,49.40462437,10240.36892,0.0439375
210,5.66114264,6.02772224,2404461.145,3053766.379,23.60047954,29.97359766,24.48926475,29.902405,0,2.151413167,1.122698302,0.449312404,48619.45381,20361.40122,2.387824555,0.164253071,0.938709752,1.0236,1.962309752,Lyon,France,4466.5935,1101.2908,10554.50131,2,1,0,10554.50131,1,1332187.502,43.76785515,9678.753058,0.094816667
211,4.481530897,6.325595323,4615150.264,5292191.69,72.1581251,82.74370458,11.92024919,32.73920472,0,7.76157808,0.831812039,0.405166168,45725.57638,22060.14071,2.072769027,0.17345248,0.8753058,0.9314,1.8067058,Lyon,France,4169.6268,1618.4365,11348.64456,2,1,0,11348.64456,1,1332187.502,52.52142618,9797.035139,0.12436
212,4.594423168,6.616695382,2834719.647,3060114.656,48.14531267,51.97345602,22.86299371,35.45998949,0,6.167646626,1.236607766,0.575905507,54585.11363,24693.77834,2.210480425,0.191181093,1.296219314,0.803,2.099219314,Lyon,France,3436.2447,981.5223,13487.90416,2,1,0,13487.90416,1,1332187.502,48.71596931,9712.933185,0.079175
213,3.256088281,5.347099742,2112746.791,2698246.461,28.32867238,36.17931893,20.33753569,37.24366348,0,6.730318264,1.191582573,0.544691481,58360.95524,25974.37448,2.24686663,0.194457853,1.139281053,0.991,2.130281053,Lyon,France,4275.0916,766.379,13075.21029,2,1,0,13075.21029,1,1332187.502,38.80273716,8561.454971,0.060116667
214,2.810097085,5.040384486,2324730.947,2482961.631,40.68538985,43.45460367,19.59479782,38.91493258,0,2.826247639,1.375013919,0.608497836,65135.12919,28586.8006,2.278503639,0.220860614,1.505402754,0.8617,2.367102754,Lyon,France,3580.7345,788.228,16606.1749,2,1,0,16606.1749,2,1332187.502,37.80679862,8329.720293,0.021442857
215,5.262929799,7.158187155,1025871.915,1757581.864,17.18797708,29.44741575,39.15029736,37.78389131,0,2.896504956,1.567550044,0.639649091,68578.04833,28163.99497,2.434954572,0.178149982,0.892101211,1.0185,1.910601211,Lyon,France,4482.4978,1128.3651,14138.31188,2,1,0,14138.31188,2,1332187.502,27.40045544,6400.912717,0.012571429
216,7.889197164,6.868465568,1194538.923,1690249.098,19.83438074,28.06525891,52.75315296,38.08820169,0,1.605976815,1.451418157,0.609570167,67183.01021,27753.5831,2.420696815,0.195506147,0.606208148,1.0894,1.695608148,Lyon,France,4695.6106,1246.1773,17074.10243,2,1,0,17074.10243,2,1332187.502,36.64665168,7634.85902,0.03122
217,4.658797545,4.746411953,1565496.135,2291067.639,29.55198594,43.24865271,18.08778768,37.55843873,0,3.722903826,1.153801741,0.516148934,61309.40551,27701.43542,2.21322125,0.193561764,1.151129862,0.9112,2.062329862,Lyon,France,3997.0864,1239.5087,23574.33472,2,1,0,23574.33472,2,1332187.502,39.38086734,9342.599232,0.094583333
218,5.264449503,2.473036488,2206936.766,2599557.257,19.07888526,22.47307462,23.13337761,40.63608537,0,3.425074045,1.158202666,0.513007874,67755.48581,29119.32775,2.326821772,0.232352579,1.225036413,0.6997,1.924736413,Lyon,France,2837.5196,994.8821,16222.25199,2,1,0,16222.25199,2,1332187.502,43.75085132,10048.06131,0.016975
219,9.167742088,4.76743607,1359938.412,1983738.519,9.491554227,13.84530473,64.59219659,43.99559363,0,0.220589003,1.506656406,0.637195866,83462.6303,32500.07155,2.568075278,0.186883018,1.004275397,1.1356,2.139875397,Lyon,France,4900.3383,1325.3993,8794.039059,2,1,0,8794.039059,2,1332187.502,21.22077825,5318.61593,0.01162
220001,8.997315385,1.812482508,1396448.206,1515440.496,24.02254839,26.06952589,62.92142742,38.66127572,0,0.549727594,1.466364779,0.57574716,83296.4842,30624.29713,2.719947624,0.164218987,0.803053712,1.0355,1.838553712,Lyon,France,3684.4924,2246.2686,1657.778539,2,1,0,1657.778539,2,1332187.502,44.6860619,9460.668786,0
220002,8.359400103,1.155799299,1867385.537,3132523.026,5.639278338,9.459840454,56.66974168,38.88376539,0,0.801450622,1.499559156,0.663616477,76659.13158,29424.80321,2.60525554,0.174068903,0.892180513,1.3811,2.273280513,Lyon,France,5740.9783,1760.1196,2264.982424,2,1,0,2264.982424,2,1332187.502,34.48376466,8098.446836,0
220003,8.515941474,1.687026105,467893.976,1242925.112,5.198261833,13.8087911,67.46055513,44.90760078,0,0.211777123,2.010151429,0.627112721,91707.36651,33990.18699,2.698054192,0.181740779,0.873144219,0.942,1.815144219,Lyon,France,3768.6988,1369.007,4888.277089,2,1,0,4888.277089,3,1332187.502,32.03521333,6522.794053,0.0039
220004,11.10641588,4.555793886,352849.3619,747021.8669,6.791931683,14.37928486,73.89342712,44.87225721,0,0.205046884,1.677434156,0.688023406,83329.78264,32608.31552,2.555476457,0.212146859,1.227130732,1.5054,2.732530732,Lyon,France,6014.2981,2198.0221,5587.429212,2,1,0,5587.429212,2,1332187.502,27.95429443,6186.730178,0
221001,5.772383064,1.548694861,3349483.147,3395539.031,47.08059131,47.72795634,24.06670128,37.08486989,0,4.979982287,1.269802893,0.505832814,59381.95349,25029.76167,2.372453812,0.213203358,1.302543124,0.8947,2.197243124,Lyon,France,3610.4287,1130.1318,3427.972061,2,1,0,3427.972061,1,1332187.502,44.07392407,10436.30284,0.0096
221002,6.458607371,0.869443197,2860205.037,3839228.286,14.15429204,18.99918281,29.11425131,38.80699188,0,1.885571667,1.416770337,0.632852551,63887.45274,26470.75631,2.413510668,0.207341092,1.187365691,0.9748,2.162165691,Lyon,France,4246.8745,1002.6273,2769.036632,2,1,0,2769.036632,2,1332187.502,45.70629162,10327.42617,0.0065
221003,14.52198117,8.044957078,220611.0482,1332127.949,2.33727041,14.11326977,79.45400807,44.82082458,0,0.032632472,1.542099101,0.646447912,81491.2176,31343.37748,2.599950106,0.200429469,1.072694248,1.9966,3.069294248,Lyon,France,8620.6665,615.2915,2964.879769,2,1,0,2964.879769,2,1332187.502,17.95604314,4647.370638,0
221004,8.791614602,1.90840073,848601.6428,1971167.289,4.176638978,9.701671214,59.78055424,45.86512683,0,0.269870639,1.71383271,0.674529009,82832.50153,32050.32475,2.58445124,0.168833637,1.128987517,1.728,2.856987517,Lyon,France,7318.1909,1784.7627,3694.243294,2,1,0,3694.243294,2,1332187.502,18.16008908,4242.138044,0
221005,13.84311989,6.822982006,530029.744,1223141.346,6.067365749,14.00156499,88.75220137,45.07925536,0,0.344344174,1.757729791,0.731178681,87013.41835,31928.56412,2.7252531,0.183242133,1.096436226,2.1123,3.208736226,Lyon,France,9865.923,507.3075,3645.649692,2,1,0,3645.649692,2,1332187.502,17.3439053,4536.034805,0.0453
222001,7.313056771,3.586286281,557281.4814,1088434.568,6.810548024,13.30178041,80.98104926,53.58536469,0,0.001295678,1.726047554,0.7024231,97337.53829,37777.44195,2.576604801,0.229185689,1.244185317,1.2904,2.534585317,Lyon,France,5431.8139,1596.5591,2113.755753,2,1,0,2113.755753,3,1332187.502,28.15834038,7408.369368,0
222002,6.700066129,4.338186912,829321.2392,1059054.894,10.62147266,13.56377008,54.74532589,45.25567076,0,0.362122423,1.493059688,0.539794929,82125.34096,32035.50528,2.563572519,0.189547304,0.997570981,0.7648,1.762370981,Lyon,France,2813.4361,2141.965,4223.921137,2,1,0,4223.921137,2,1332187.502,29.58666199,7272.245626,0
222003,7.820977073,2.755651002,445301.3742,876172.7226,6.268253484,12.33338372,80.30335604,53.30678913,0,0.004518471,1.69203086,0.712554599,97826.53782,37220.11016,2.62832478,0.217659347,1.218201433,1.116,2.334201433,Lyon,France,4669.7033,1969.3853,2474.781671,2,1,0,2474.781671,3,1332187.502,30.60689171,6969.134967,0
222004,6.162474447,2.281139746,1195815.328,1623676.151,11.29676902,15.33873501,54.00731475,48.89320413,0,0.782709125,1.797795828,0.687201722,87373.25927,35146.18418,2.485995602,0.21885137,0.955319652,1.5334,2.488719652,Lyon,France,7074.1925,805.5932,4860.568528,2,1,0,4860.568528,3,1332187.502,31.62712144,6891.985603,0.0051
223001,12.22840479,7.159957144,993299.9864,1817589.738,9.269318483,16.96146016,48.93498885,38.37232783,0,0.14569672,1.397257566,0.579541728,64348.98638,26497.85654,2.428460064,0.154741642,0.932240274,1.0403,1.972540274,Lyon,France,4777.1939,747.4331,2386.224116,2,1,0,2386.224116,2,1332187.502,27.75024849,5865.139281,0.029
223002,7.827655157,4.477632747,955574.1448,1348025.096,12.04102113,16.9862263,56.06437944,43.84105445,0,0.370000337,1.637625564,0.494025901,80031.11173,31730.3893,2.522222812,0.181101981,1.075570554,1.1557,2.231270554,Lyon,France,5058.538,1375.0935,4600.989065,2,1,0,4600.989065,2,1332187.502,25.0976512,7005.951793,0.0466
223003,10.79191275,6.364748649,969728.003,2405977.722,7.335765063,18.20065757,59.75397786,39.65152691,0,0.035207107,0.940888347,0.515299772,68703.77806,27729.32678,2.47765763,0.18207487,1.053447504,1.0241,2.077547504,Lyon,France,5065.2014,1212.5276,2306.066212,2,1,0,2306.066212,2,1332187.502,25.0976512,6190.754576,0.0563
223004,13.38085162,8.528574046,271172.5393,987160.8993,4.071812599,14.82279215,66.81207719,42.18963779,0,0.078986941,2.19727624,0.780187848,76429.53014,29565.91942,2.585055078,0.14433683,0.901753671,1.3223,2.224053671,Lyon,France,5820.4758,1342.8349,1197.837461,2,1,0,1197.837461,2,1332187.502,23.2612377,5147.692723,0.1478
223005,11.60687858,5.681292602,393876.4774,1757900.856,1.624659629,7.250980237,87.23534963,47.92741087,0,0.013382075,3,1.132257752,90258.01035,33558.24806,2.689592442,0.174148497,0.911374603,2.4645,3.375874603,Lyon,France,12430.7593,0,1075.081066,2,1,0,1075.081066,3,1332187.502,9.794205348,3077.877798,0
223006,17.32242539,11.17570504,543146.5805,2724847.826,4.986275804,25.01505721,50.80048248,37.79135167,0,0.051322489,1.250737812,0.554461186,58531.65403,24210.11715,2.417652656,0.161976498,0.716258537,2.0101,2.726358537,Lyon,France,8034.1582,2171.1329,8873.014154,2,1,0,8873.014154,1,1332187.502,16.52772152,4111.512524,0.0274
223007,14.68790302,9.137249069,307153.6157,1123690.016,5.280254542,19.31726995,56.40255692,37.63700826,0,0.238222017,2.069127935,0.784340694,67388.02715,26787.32653,2.515668261,0.14880957,1.000771022,2.1151,3.115871022,Lyon,France,10153.6549,1666.2877,2939.952029,2,1,0,2939.952029,2,1332187.502,17.75199719,4086.771953,0.1217
223008,9.367868338,5.454527383,304372.4626,953904.7728,5.238938925,16.41885998,66.13080502,41.65629244,0,0.011545018,1.270144906,1,78244.53535,30938.30196,2.529050736,0.175884154,0.95082165,0.3627,1.31352165,Lyon,France,1540.9264,0,1289.771626,2,1,0,1289.771626,2,1332187.502,24.89360526,5195.300519,0
224001,13.44171233,7.604523055,2514282.313,3152979.065,33.43263358,41.92544061,25.74884395,36.73434486,0,0.454870256,0.97760774,0.464195243,50450.67875,23964.74751,2.105203851,0.233760912,1.045280288,1.2213,2.266580288,Lyon,France,5670.8633,0,2231.580596,2,1,0,2231.580596,1,1332187.502,43.46178623,8484.030622,0.0444
224002,14.70670788,8.429629344,566195.6876,1882087.971,6.205943824,20.62914373,37.34427161,37.05472108,0,0.047074334,1.524370672,0.581801406,56694.77479,24196.57287,2.34309111,0.190552803,1.076967589,1.5284,2.605367589,Lyon,France,6482.2855,977.8036,1723.206111,2,1,0,1723.206111,1,1332187.502,34.68781061,6740.940796,0.0039
224003,13.71455199,7.567474312,2694030.514,3058535.981,29.55769444,33.55688493,31.55001182,37.12419191,0,0.295794872,1.131841926,0.624014724,54323.43086,24830.06018,2.18780907,0.223543003,1.128729488,1.4776,2.606329488,Lyon,France,6913.0239,49.0255,2903.958844,2,1,0,2903.958844,1,1332187.502,39.99300517,7779.85011,0.0034
224004,15.5479097,10.18047445,1375983.788,3305150.801,8.53456032,20.50024798,62.05402839,38.8397523,0,0.051609088,1.626372388,0.5705349,66554.11849,25939.57566,2.565736593,0.169552759,1.349663791,1.5721,2.921763791,Lyon,France,7162.3357,495.963,7154.323537,2,1,0,7154.323537,1,1332187.502,33.66758088,5941.391659,0
224005,14.38704965,7.300250826,289030.3251,1210625.209,4.396968064,18.41703074,74.14938027,40.55829941,0,0.020626344,2.246261153,0.757588734,83128.01843,30927.32224,2.687850496,0.14433144,0.877614982,2.0528,2.930414982,Lyon,France,9200.5016,762.324,3043.722598,2,1,0,3043.722598,2,1332187.502,25.0976512,4585.428411,0
224451,14.60713815,9.282901254,4470061.989,6635673.584,6.135133312,9.107422257,36.11144805,37.46914254,0,0.18761965,1,0.713094586,54722.23456,23652.25342,2.313616111,0.186928257,1.155417893,1.4262,2.581617893,Lyon,France,6058.701,0,691.1289088,2,1,0,691.1289088,1,1332187.502,22.03696203,4714.773339,0.1499
225001,11.50832528,4.319236882,234033.9552,1064404.962,4.037252771,18.36174532,85.26854662,41.68911105,0,8.89E-05,2.177646624,0.775618876,86841.4492,31687.40017,2.740567189,0.13283729,0.768015498,1.6839,2.451915498,Lyon,France,7064.4007,1283.6605,3466.525833,2,1,0,3466.525833,2,1332187.502,24.68955931,5079.607284,0
225002,12.10222503,6.337208665,327009.5635,1025878.183,4.874081034,15.29072526,72.66465354,41.25345809,0,0.041504663,2.5,1.25,75899.37009,29472.7854,2.575235732,0.150383151,1.029634418,1.5657,2.595334418,Lyon,France,7919.9559,0,1419.607483,2,1,0,1419.607483,2,1332187.502,22.03696203,5564.398208,0.0306
225003,10.23032761,4.503424653,582360.0743,983435.0494,9.274743619,15.66231676,76.22532984,44.20844698,0,0.006351632,2.05786091,0.626826568,89609.49001,33279.7104,2.69261628,0.179124429,0.914896684,1.747,2.661896684,Lyon,France,8100.0021,360.9821,2298.849386,2,1,0,2298.849386,3,1332187.502,32.03521333,7043.68254,0
225004,9.407893071,4.823311671,3121883.319,3398575.068,65.01579402,70.77812781,15.67257065,36.27458111,0,0.02672784,0.937639618,0.441818526,54705.93798,24769.26252,2.208621994,0.195374223,0.983913511,0.8888,1.872713511,Lyon,France,3615.5725,935.0103,1526.071119,2,1,0,1526.071119,1,1332187.502,36.72827005,8447.370911,0.0348
225005,8.880303346,3.818109141,1161180.347,1552167.672,22.82876834,30.51556659,19.6126627,37.14155536,0,0.246387137,1.317052112,0.62400072,58691.74013,25578.16395,2.294603328,0.19476648,1.11334492,1.1391,2.25244492,Lyon,France,4981.7636,1223.6658,4140.726417,2,1,0,4140.726417,1,1332187.502,29.38261604,7179.685692,0.0079
225006,8.441557581,2.936252856,1634267.594,2137206.852,39.11847554,51.15702855,22.42480472,36.75853043,0,0.363972685,0.929008458,0.547327792,61893.9228,25482.1015,2.428917521,0.170615931,1.123119363,0.713,1.836119363,Lyon,France,3547.6416,499.5771,1614.953377,2,1,0,1614.953377,1,1332187.502,29.38261604,7501.689169,0.0589
225007,9.956494719,5.462174351,749357.3554,1107198.586,11.54540328,17.05868915,54.75572337,40.84253461,0,0.036675498,1.648182953,0.582195111,70646.56026,28487.31509,2.479930455,0.164544901,1.000903558,1.7659,2.766803558,Lyon,France,6946.0572,2268.4625,1463.885152,2,1,0,1463.885152,2,1332187.502,37.34040789,7858.896693,0
225008,9.974659882,2.546184894,301337.1688,1309789.877,4.309491923,18.73160526,76.21364491,41.40458411,0,0.063182375,1.967370918,0.765922822,86680.14202,31882.70505,2.718719816,0.152735759,0.78084567,1.2977,2.07854567,Lyon,France,5080.4214,1658.5053,2219.149515,2,1,0,2219.149515,2,1332187.502,20.81268636,4501.518801,0
226,5.041886773,3.90813598,2660083.715,2877347.497,43.54179692,47.09809682,13.94184528,37.15678442,0,7.217513384,1.163576911,0.553337564,59584.19273,27591.11392,2.159542848,0.22117026,1.103385671,0.7057,1.809085671,Lyon,France,2960.357,1037.0302,20525.10458,2,1,0,20525.10458,2,1332187.502,35.01428412,8137.205057,0.04039
227,5.229510354,3.670272685,3227866.811,3814232.923,36.90102627,43.60437327,16.55654177,37.26173729,0,9.835980492,0.967893696,0.457579143,59492.13198,27406.74345,2.170711456,0.203199722,1.08140416,0.6513,1.73270416,Lyon,France,2819.2742,899.7998,21193.74502,2,1,0,21193.74502,2,1332187.502,35.41124623,8803.568203,0.032545455
228001,10.28343396,1.077160297,855386.6608,2796815.724,7.986453716,26.11291519,60.59790011,37.51357426,0,1.129473488,2.159272217,0.596278836,73226.36656,27320.08193,2.680312846,0.159605269,0.977719993,1.5167,2.494419993,Lyon,France,6537.1612,880.7502,5254.921576,2,1,0,5254.921576,2,1332187.502,30.19879982,6329.723943,0.0097
228002,7.441167822,1.785186054,761849.2454,1239140.337,14.41388713,23.44404627,41.05082671,35.63732724,0,2.25964162,1.650180946,0.691195261,65235.88662,23953.4677,2.723442277,0.158529676,1.146343782,1.2855,2.431843782,Lyon,France,5846.2438,621.3309,4390.31944,2,1,0,4390.31944,1,1332187.502,32.64735116,7839.908381,0
228003,9.204470725,0.397135249,2427914.389,2568130.656,47.93316226,50.70138552,13.82936709,32.26923767,0,4.925268675,1.278190471,0.661856326,47738.78278,19418.37369,2.458433623,0.17141063,0.828408202,1.1259,1.954308202,Lyon,France,5586.2681,581.9761,2751.556064,2,1,0,2751.556064,0,1332187.502,52.84789969,9944.060363,0.0305
228004,8.474157584,2.279620337,1924285.054,3084171.422,28.06309048,44.97846175,18.17252345,34.44298365,0,0.64215794,1.141750079,0.505268406,54965.03594,24163.2872,2.274733379,0.142358778,0.663966534,0.7244,1.388366534,Lyon,France,2661.9664,1602.9439,5371.709854,2,1,0,5371.709854,1,1332187.502,36.32017817,8384.634945,0.0227
228351,8.17145644,1.512496134,2765072.4,3400131.379,14.44945722,17.76808914,41.76154527,33.97924062,0,4.061881111,1.401768116,0.543260613,59945.53374,23944.68289,2.50350084,0.172800751,1.098570654,0.7954,1.893970654,Lyon,France,3668.2036,334.984,3732.647147,2,1,0,3732.647147,1,1332187.502,46.11438351,9271.257016,0.0288
229,8.793897832,0.447120596,3946176.184,4296453.938,88.25502846,96.08888375,11.99511848,31.94653157,0,7.131036477,0.809406799,0.318479265,47500.54338,18457.56524,2.573499959,0.163363271,0.9768265,0.6463,1.6231265,Lyon,France,2512.8252,1543.9535,15584.42322,2,1,0,15584.42322,0,1332187.502,48.1803487,9841.887263,0.0237625
230001,8.551967681,0.950117099,1568030.454,2364271.069,46.24785472,69.73236053,24.31253598,26.84182669,0,5.223075584,1.134517746,0.535874846,46792.68417,18257.76008,2.562892927,0.127019064,0.916495555,1.2335,2.149995555,Lyon,France,5039.6469,1138.5064,3915.127802,2,1,0,3915.127802,0,1332187.502,51.62362402,9378.936754,0.0297
230002,8.19190184,0.653133418,2765213.195,2778358.476,97.43053269,97.89369834,15.15478459,25.77329656,0,7.727827595,1.422530409,0.495367974,45374.5052,16946.99474,2.677436671,0.131932397,0.958579662,1.3117,2.270279662,Lyon,France,5844.4523,1006.9542,5162.096024,2,1,0,5162.096024,0,1332187.502,66.72302393,11028.62557,0.044
230003,8.437272029,0.895761958,1521575.998,1671147.737,56.95733785,62.55627481,35.70486571,26.7646448,0,4.826107366,1.063960105,0.493568468,51453.0923,18169.00439,2.831915894,0.114553284,1.023938598,0.7934,1.817338598,Lyon,France,3397.3498,654.6683,3184.751159,2,1,0,3184.751159,0,1332187.502,48.97102674,8320.931393,0.0262
230756,7.383976921,0.719568441,2921961.777,2975814.058,64.10849995,65.29003115,12.68666958,25.37742751,0,13.0690866,0.664781031,0.217253951,45148.45865,16174.76474,2.791289974,0.113120065,1.029729576,0.6822,1.711929576,Lyon,France,3003.1938,1498.5425,2619.192852,2,1,0,2619.192852,0,1332187.502,45.91033757,8879.546139,0.0166
231,7.631859667,0.415872023,6060256.389,6083534.444,110.6732973,111.0984046,10.75013729,25.30550095,0,11.12554378,0.812706881,0.281433839,45191.6593,15827.46629,2.855268081,0.134708323,0.465576547,0.6967,1.162276547,Lyon,France,2729.1579,1336.1062,16079.48414,2,1,0,16079.48414,0,1332187.502,64.41730476,11751.01161,0.0511
232,7.523072353,2.397843421,3914259.006,4389092.109,28.39815809,31.8430976,20.58058032,26.51212057,0,8.048478981,1.116345609,0.454104034,47429.82561,17999.81749,2.63501703,0.129958,0.677271618,0.8094,1.486671618,Lyon,France,3380.3751,1189.7749,14460.81962,2,1,0,14460.81962,0,1332187.502,43.29174794,8905.094222,0.0486
233,9.192504171,2.895173139,2477526.686,3288145.145,26.93630747,35.74955989,34.72197032,31.32602201,0,3.034171693,1.438227951,0.597510485,53774.94454,22442.7903,2.396089962,0.167068371,0.89108376,1.0553,1.94638376,Lyon,France,4581.854,749.2712,15229.52374,2,1,0,15229.52374,1,1332187.502,41.38731913,8112.7274,0.05165
234001,10.79893449,1.465212976,3413480.985,3414141.301,104.9662586,104.9865637,10.24349837,30.52411528,0,4.528869307,1.017310392,0.413369986,45222.84152,19745.48219,2.29028803,0.181517094,1.060668879,0.9773,2.037968879,Lyon,France,4161.6331,1906.8004,2575.98354,2,1,0,2575.98354,1,1332187.502,38.15659167,8484.724378,0.0142
234002,11.39105395,0.963622393,2439360.039,2532590.158,54.21552734,56.28759542,10.15677126,30.66592972,0,6.221319339,1.341011662,0.649265799,45113.02954,19785.24585,2.280134898,0.186153321,1.157895616,1.1555,2.313395616,Lyon,France,5224.1692,1994.9703,1843.576057,2,1,0,1843.576057,1,1332187.502,34.27971872,7662.430647,0.0158
234003,10.90044769,1.15559973,1505827.989,1505827.989,55.51366405,55.51366405,18.70086016,29.88724832,0,3.685870946,0.413168835,0.306658705,49199.16998,19470.24128,2.526890616,0.157776574,1.132262809,0.8716,2.003862809,Lyon,France,3534.1528,959.858,2434.218466,2,1,0,2434.218466,0,1332187.502,47.95079702,9648.925655,0.0189
234004,11.37990082,0.688966589,3428364.636,3428364.636,86.71612416,86.71612416,18.87159533,29.88650142,0,4.97207097,1.211990159,0.443995202,49203.12603,19407.87874,2.535214008,0.158141681,1.105675263,0.7344,1.840075263,Lyon,France,3112.6977,912.1565,2159.790675,2,1,0,2159.790675,0,1332187.502,42.64560245,9485.83418,0.0192
234005,11.96753531,0.468224081,6627691.37,16963924.96,8.51833219,21.80311966,41.56007876,34.2127893,0,0.52654698,2.114402441,0.747629699,59783.1453,24096.02305,2.481037853,0.180444226,1.251657702,1.4665,2.718157702,Lyon,France,6729.1244,932.6461,2039.811198,2,1,0,2039.811198,1,1332187.502,44.6860619,9228.065795,0.0099
234006,11.88113825,0.290186944,13329882.99,17077630.31,7.513195867,9.625559467,51.81068331,32.55432566,0,3.499964457,1.32419522,0.368298176,61839.86566,22745.90815,2.718724847,0.181646154,1.148486567,1.5809,2.729386567,Lyon,France,7267.0055,1340.4268,1249.557103,2,1,0,1249.557103,1,1332187.502,47.95079702,9690.527971,0.0224
235001,13.68569042,2.324532899,916984.5281,1111652.514,27.76154668,33.65508599,83.78795728,38.07238284,0,0.652555063,1.904370142,0.757203101,80155.15062,29880.64691,2.682510551,0.206717032,1.077929274,1.7169,2.794829274,Lyon,France,7596.7985,1863.0684,2324.865395,2,1,0,2324.865395,2,1332187.502,43.66583218,7075.304765,0.0592
235002,12.96564637,1.489332029,1238531.267,1254457.701,30.99505257,31.39362196,68.81144833,35.40111915,0,1.119510695,1.647437662,0.643844146,68203.64776,25878.73231,2.635509612,0.206341199,1.073580917,1.3694,2.442980917,Lyon,France,6067.171,824.6953,2746.795509,2,1,0,2746.795509,1,1332187.502,51.01148619,8401.348348,0.0693
235003,13.09785594,1.168148401,1169013.018,1175363.382,37.10654082,37.30811262,56.37573383,33.32956577,0,3.050032944,1.290748216,0.468158646,60393.22937,23869.89392,2.530100451,0.178466045,1.182756409,0.9956,2.178356409,Lyon,France,3873.7523,3361.7244,1988.544144,2,1,0,1988.544144,1,1332187.502,65.70279421,11639.91967,0.0661
235004,13.69220927,1.69493359,1402512.921,1402514.095,40.59593012,40.59596412,64.58494862,33.45058452,0,2.69651052,1.625134521,0.655213828,64012.44067,24823.25603,2.578728616,0.20705204,1.005872349,1.2458,2.251672349,Lyon,France,5746.2855,1074.3646,2646.66754,2,1,0,2646.66754,1,1332187.502,73.25249416,12137.63793,0.0567
235005,13.26419923,1.634841135,318842.5005,990916.2132,9.055825378,28.14419086,43.12819582,29.60872722,0,0.571061538,1.023699303,0.67341728,56772.56162,20916.56652,2.714239049,0.148525017,0.783446254,0.4327,1.216146254,Lyon,France,1768.7316,1622.5788,2730.343932,2,1,0,2730.343932,1,1332187.502,55.90858886,9433.216036,0.0228
235551,12.69120024,0.777360754,2024452.376,2457724.897,39.53874663,48.00081402,40.89597446,30.79325761,0,2.073227585,1.502838326,0.506854963,56438.43475,22004.86424,2.564816312,0.137596113,0.581200823,1.0183,1.599500823,Lyon,France,4436.15,692.154,3672.013847,2,1,0,3672.013847,1,1332187.502,51.21553213,10112.6372,0.0409
236,15.04079311,0.234933171,3519082.054,4536724.488,17.49791969,22.55793969,52.75840015,31.8609998,0,1.246641112,1.356705842,0.508654206,58743.59439,22977.5446,2.556565352,0.184168595,0.908343128,1.0347,1.943043128,Lyon,France,4697.6082,1652.7318,16325.30343,2,1,0,16325.30343,1,1332187.502,45.66919236,8220.596363,0.055763636
237001,17.53997258,3.475900372,319127.2289,893903.4952,7.613447059,21.32593624,89.09277289,36.62588216,0,3.27E-05,1.898517999,0.700858136,75580.34847,27320.98982,2.766383977,0.167965028,1.559192757,1.9266,3.485792757,Lyon,France,8292.163,2225.1441,4570.604105,2,1,0,4570.604105,2,1332187.502,37.74849978,7250.414546,0.0415
237002,16.50206246,1.630356471,533727.6053,1890076.287,2.742061792,9.710395188,94.48468435,35.94665937,0,0.297208545,2.346433524,0.77108967,76371.33066,26628.10143,2.868072697,0.177547781,1.574825455,2.3519,3.926725455,Lyon,France,10537.1731,1493.5335,1571.829362,2,1,0,1571.829362,2,1332187.502,18.16008908,4202.350309,0
238001,10.52575054,1.019325276,855401.5934,1531442.877,16.03985931,28.71648649,65.16647259,37.28408632,0,0.728955291,1.906186575,0.722163014,70692.92246,27631.17786,2.558447665,0.194488041,0.803616607,1.6334,2.437016607,Lyon,France,7228.0251,1968.3405,3185.162113,2,1,0,3185.162113,2,1332187.502,51.41957808,9245.578854,0.0395
238002,11.27810818,1.909927201,1270840.065,1299346.629,32.07937665,32.79895799,63.11492713,38.06988061,0,0.121068779,1.396025663,0.531555832,76805.7205,29319.04242,2.619653104,0.165497445,0.931803585,1.14,2.071803585,Lyon,France,4337.3607,1886.3376,2625.425287,2,1,0,2625.425287,2,1332187.502,48.76698079,8496.912858,0.011
238003,11.45863835,1.470410221,530280.5994,1147861.145,12.98151295,28.10016874,70.78947849,37.34914831,0,0.116798289,1.838715291,0.676440884,73660.1351,28086.1851,2.622646501,0.182472578,0.98609322,0.9534,1.93949322,Lyon,France,4525.2903,491.3814,3705.046885,2,1,0,3705.046885,2,1332187.502,53.86812941,9688.505468,0.0215
238004,10.36881445,1.289178633,1183519.451,1183519.451,28.91907888,28.91907888,82.68511981,41.15415253,0,0.219340844,1.930399252,0.74435124,79897.6651,30493.22133,2.620177916,0.247576618,0.768610615,1.5204,2.289010615,Lyon,France,7249.05,0,1769.548078,2,1,0,1769.548078,2,1332187.502,46.11438351,8225.825782,0.0244
239,11.62995388,1.964743295,3735683.55,4029241.769,102.3988258,110.4455505,7.819111349,29.43507829,0,12.03559632,1.008337564,0.390765139,48119.56009,18580.67854,2.589763339,0.162295952,1.188215575,0.7777,1.965915575,Lyon,France,3361.1888,1225.4549,8593.628998,2,1,0,8593.628998,0,1332187.502,43.97190109,9030.460424,0.166516667
240,10.90185504,2.141520074,4064914.559,4188178.055,87.387633,90.03755466,7.546384511,29.21105882,0,10.83472865,1.030551821,0.420124268,46418.68669,18957.15088,2.448610922,0.15425945,0.886986201,0.8835,1.770486201,Lyon,France,3653.986,1216.0076,12302.46684,2,1,0,12302.46684,0,1332187.502,52.4398078,10372.88781,0.134583333
241,9.989533758,2.490736122,1893130.559,2048733.295,50.90983058,55.09427993,34.33583285,32.58698554,0,7.987194814,1.495858427,0.622628061,58262.29655,23191.21861,2.512256796,0.173553581,0.860277764,1.3638,2.224077764,Lyon,France,5849.7591,1313.9984,11735.61305,2,1,0,11735.61305,1,1332187.502,54.58229022,10336.74862,0.0627
242001,13.16675591,0.52580402,1731318.883,4070825.795,4.345458304,10.21741513,56.46776315,34.79646171,0,1.23465611,1.65373251,0.655118367,63158.62217,23475.7423,2.690378066,0.203379647,0.964781247,2.1071,3.071881247,Lyon,France,9899.6147,1366.2408,2368.115979,2,1,0,2368.115979,1,1332187.502,17.75199719,4668.544282,0.0276
242002,11.41038039,1.660499282,521810.0854,1058403.066,18.2741605,37.06602851,40.97569632,32.56066025,0,2.477566799,1.613700965,0.610848144,57867.10465,22096.42531,2.618844625,0.206351063,0.912167764,1.1737,2.085867764,Lyon,France,4969.9419,1495.9935,2494.488696,2,1,0,2494.488696,1,1332187.502,43.46178623,9182.927363,0.1141
242003,9.673135822,2.066571881,5295845.239,6098797.397,10.58254721,12.18706524,17.15663302,27.93762315,0,2.518267418,1.310099613,0.59925335,48687.96869,19408.82904,2.508547455,0.121231862,0.934720933,0.9124,1.847120933,Lyon,France,3424.0049,1901.1543,5032.653313,2,1,0,5032.653313,0,1332187.502,32.23925927,6855.880285,0.0437
242004,12.05085184,0.871255525,2369043.017,3910274.081,3.163352818,5.22133893,81.48407053,36.69362359,0,0.956264311,2.452401004,0.636766939,85250.08467,29025.63291,2.937062042,0.133458247,0.856570924,2.0085,2.865070924,Lyon,France,7299.1725,3629.906,2740.01561,2,1,0,2740.01561,2,1332187.502,23.46528365,5649.21317,0.0131
242251,8.370609456,1.925889005,3221178.164,4973174.432,3.801531982,5.869182234,42.51773438,32.22807161,0,8.958263957,2,0.68066706,61917.53256,24251.11513,2.553182904,0.140246163,0.778631215,0.981,1.759631215,Lyon,France,4468.0638,1083.0613,1887.992604,2,1,0,1887.992604,1,1332187.502,25.0976512,7461.821448,0.0917
243001,12.39919791,1.453371051,3970278.222,5488348.554,9.06758468,12.53465437,72.48076796,32.86500291,0,0.311470829,2.122579682,0.660155645,68513.27815,24252.92547,2.824949024,0.147522683,0.696035938,1.6416,2.337635938,Lyon,France,6711.0251,1136.8913,3690.32999,2,1,0,3690.32999,1,1332187.502,32.44330521,7036.89434,0.078
243002,13.75710498,1.561922257,1613881.536,1778877.603,37.61354051,41.45898154,60.43235524,33.62205097,0,0.177062141,1.619229889,0.708829266,64067.4223,24795.49612,2.583833047,0.147887136,0.540813315,2.0978,2.638613315,Lyon,France,9409.1459,716.3583,4985.596481,2,1,0,4985.596481,1,1332187.502,58.96927803,9684.427201,0.016
243003,13.3585775,1.97874927,260983.5723,651328.1727,6.604250231,16.48201148,88.84483926,33.66076291,0,0.047657425,2.027652725,0.75625232,72253.37704,25719.41877,2.809292764,0.16491238,0.737091011,1.4266,2.163691011,Lyon,France,6327.6781,1273.1199,2184.005044,2,1,0,2184.005044,1,1332187.502,45.29819973,6923.075676,0
243004,14.14725591,2.109076505,381578.1126,1096251.392,10.36598199,29.78085431,69.71761524,34.44460957,0,0.107074058,1.852802719,0.677446484,69348.24816,25945.67055,2.672825434,0.164741558,0.631551845,1.8141,2.445651845,Lyon,France,7918.6943,1135.3354,3089.196601,2,1,0,3089.196601,1,1332187.502,56.72477264,9367.828085,0.0131
244001,11.03076918,2.26071544,1716102.76,1811034.898,39.47912754,41.66305153,51.66878328,33.3142377,0,0.086180128,1.382279889,0.693319564,60636.24596,24033.74151,2.522963224,0.171998728,1.01037252,1.1661,2.17647252,Lyon,France,5319.9986,576.2284,2964.118187,2,1,0,2964.118187,1,1332187.502,48.35888891,9827.097962,0.1484
244002,10.55815633,2.432144886,886283.6584,1549971.27,20.07380674,35.10594315,63.61139508,33.93923242,0,0.071914229,1.727054721,0.600238051,62879.61685,24343.37246,2.583028171,0.161347546,0.896776596,1.4322,2.328976596,Lyon,France,6454.9275,825.5554,3745.116309,2,1,0,3745.116309,1,1332187.502,38.56468356,7788.416571,0.1302
244003,12.10309918,2.675008744,594763.0613,1201438.877,8.117700029,16.39799282,67.37012815,35.21690024,0,0.034594207,2.065464226,0.764321973,64780.66029,24999.91996,2.591234708,0.205787189,0.994418814,1.5627,2.557118814,Lyon,France,7104.6115,501.9238,3584.041217,2,1,0,3584.041217,1,1332187.502,25.50574309,5280.659059,0.1175
245001,8.870238008,5.665063455,1415069.987,1983875.467,6.225021304,8.727248232,44.37519638,31.27129649,0,1.365663971,1.878070016,0.581421259,55787.01219,21356.5601,2.612172182,0.146701164,0.615012336,1.1167,1.731712336,Lyon,France,4763.7976,1391.881,2958.079389,2,1,0,2958.079389,1,1332187.502,39.17682139,8797.500897,0
245002,8.417658009,4.175771942,613797.8527,1570232.852,8.574908249,21.93654242,67.22865214,32.59724363,0,3.007153862,1.460765184,0.627795308,65130.63534,23621.02469,2.757316255,0.156932618,0.554390398,0.9632,1.517590398,Lyon,France,4272.2305,710.4383,3562.267092,2,1,0,3562.267092,1,1332187.502,39.78895923,7485.980284,0.0034
245003,9.895122812,5.469255778,772228.4408,1715788.957,18.35003105,40.77133005,35.7146804,31.23783435,0,2.043621852,0.917582666,0.389476064,51650.04762,20402.59973,2.531542466,0.144325206,0.861750412,0.6473,1.509050412,Lyon,France,2727.2519,1070.3383,3133.266323,2,1,0,3133.266323,1,1332187.502,30.60689171,6302.780084,0
245004,11.90196858,7.876365906,569622.4883,1651175.542,6.748027774,19.56063647,63.75041067,37.77472261,0,0.194878923,1.918207693,0.765280039,66673.09283,26572.57944,2.509093744,0.167625049,0.702057105,1.6689,2.370957105,Lyon,France,7185.6398,869.0532,5461.684284,2,1,0,5461.684284,2,1332187.502,23.66932959,5408.445484,0.0222
246001,11.80790483,10.65476661,558310.2756,1012694.643,15.62024613,28.33288275,80.91950737,43.25955205,0,0.0001354,1.921406382,0.733198694,87434.50002,32441.7322,2.695124277,0.182714057,1.094558022,1.7092,2.803758022,Lyon,France,7515.4378,1396.1516,7731.439167,2,1,0,7731.439167,2,1332187.502,23.05719176,5373.867859,0
246002,7.210390165,5.886533717,3531736.152,4477852.265,9.76175119,12.37682482,62.65917202,31.85573004,0,0.407336406,1.273156225,0.651309446,62797.07561,22745.50839,2.760856101,0.173780364,0.904803615,1.1985,2.103303615,Lyon,France,5470.1706,360.3494,1908.516851,2,1,0,1908.516851,1,1332187.502,22.24100798,5468.889606,0.0895
246003,8.596839749,7.122241834,839233.1311,1571042.973,17.16046818,32.12436682,48.02394255,37.27415437,0,0.065953026,1.501513511,0.543440505,62146.10615,25458.09864,2.441113416,0.1886758,0.849368071,0.9704,1.819768071,Lyon,France,3439.7059,1069.8552,4676.327433,2,1,0,4676.327433,1,1332187.502,24.07742148,6259.123434,0.0848
246004,9.365950601,7.930094751,300254.5189,1040763.009,4.939974733,17.12328256,54.05158521,37.9250764,0,0.039145178,1.607726407,0.618038647,69791.79407,26572.85743,2.626431661,0.154271906,1.042687513,1.666,2.708687513,Lyon,France,7729.8797,200.3214,2129.199898,2,1,0,2129.199898,2,1332187.502,20.20054853,5433.375818,0.0655
246005,11.67188677,9.625387055,632672.9722,1429081.44,11.18721928,25.26968614,47.68413554,37.34791038,0,0.000233311,1.715361714,0.580851861,67014.74391,26288.74488,2.549180047,0.149934522,1.029343177,1.394,2.423343177,Lyon,France,5493.2359,2050.3895,4661.77408,2,1,0,4661.77408,2,1332187.502,23.66932959,5217.238518,0.0196
247001,5.93240425,7.947130702,1162829.464,1337781.863,20.86730471,24.00687514,49.05090889,40.98419992,0,2.173264621,1.62009852,0.868175492,74250.64219,30126.98784,2.464588978,0.199580369,0.967624655,1.5917,2.559324655,Lyon,France,7435.4772,895.0354,2965.985029,2,1,0,2965.985029,2,1332187.502,40.605143,8217.590896,0.0584
247002,7.623298223,9.218744494,1027332.405,2043950.955,8.040792767,15.99772962,64.17591951,40.89112479,0,0.697124246,1.655110879,0.738476176,80893.06048,30283.70878,2.671174164,0.192498877,0.821792334,0.9377,1.759492334,Lyon,France,4209.1695,811.7475,4359.221064,2,1,0,4359.221064,2,1332187.502,31.83116738,7078.59827,0.0339
247003,8.821724044,9.210635416,1887440.92,2666242.777,20.51327354,28.97752551,51.81700507,35.18141812,0,0.92160821,1.192645494,0.617317981,63977.27609,24694.03926,2.590798347,0.140640194,0.940939289,1.3315,2.272439289,Lyon,France,5890.0638,628.9002,3011.495778,2,1,0,3011.495778,1,1332187.502,33.46353494,7670.679817,0.0659
247004,5.939003453,7.235858359,2945069.647,4522051.483,15.05953875,23.12339527,20.14110115,36.07608594,0,4.660444523,2,0.558303721,52045.80086,24183.69165,2.152103228,0.216181834,1.003954687,1.019,2.022954687,Lyon,France,4498.8167,586.6821,420.9263827,2,1,0,420.9263827,1,1332187.502,56.5207267,10247.44648,0.0632
247005,6.686257367,7.361790794,4019119.078,4027904.158,73.21686388,73.37690293,35.13408849,30.99669231,0,4.526672374,2.527426515,0.82734799,55451.91635,22029.34015,2.517184626,0.143115385,0.659443347,1.771,2.430443347,Lyon,France,6955.7495,1518.7015,1234.652896,2,1,0,1234.652896,1,1332187.502,52.23576186,10267.95392,0.0656
247006,7.116882744,7.562526303,2095376.78,2134758.158,56.35223319,57.41134036,30.83873135,35.27422252,0,3.316937265,1.213013016,0.436734261,53797.20459,23956.11666,2.245656312,0.20996772,0.869046642,1.4317,2.300746642,Lyon,France,6112.1696,417.4416,2359.510669,2,1,0,2359.510669,1,1332187.502,49.99125646,9256.879939,0.0564
247007,7.569306507,7.922344013,804198.5061,1161210.993,20.277724,29.27973111,68.7417333,37.86818909,0,1.620112502,1.425155841,0.606812369,72985.91161,28410.63463,2.568964494,0.234765579,0.864145923,1.1641,2.028245923,Lyon,France,4912.6106,699.2498,2732.508825,2,1,0,2732.508825,2,1332187.502,44.6860619,8726.999759,0.056
247008,7.162646986,8.470869286,2263765.742,2263765.742,34.05756555,34.05756555,21.55895617,38.23943578,0,3.168154338,1.23431126,0.550177358,57610.45616,27138.83593,2.122804983,0.227764739,0.832015273,0.9117,1.743715273,Lyon,France,3413.4197,2618.0428,2247.032978,2,1,0,2247.032978,2,1332187.502,48.35888891,9734.218697,0.0502
247009,6.44658891,7.937842063,2257574.584,3134084.599,31.62516473,43.90372856,20.51223912,37.90864678,0,4.222317916,1.353752239,0.506640035,57266.84105,26882.29856,2.130280672,0.218758432,0.920953159,0.5427,1.463653159,Lyon,France,2504.9208,89.5099,2416.364355,2,1,0,2416.364355,2,1332187.502,50.39934835,9631.310369,0.0501
247451,6.522976511,6.802882665,3601763.281,3922763.453,5.113926783,5.569695596,31.09523463,31.71614732,0,3.532570361,1.666666667,0.384615385,52292.50323,21887.30936,2.389170015,0.171705819,0.74947613,0.7437,1.49317613,Lyon,France,2896.4719,1450.1933,494.0300041,2,1,0,494.0300041,1,1332187.502,46.72652135,10131.59919,0.0923
248,16.83716965,13.73307672,1761123.878,3163452.465,20.52840319,36.87453705,47.5494063,32.82507483,0,0.008444082,1.489185112,0.612384008,55425.2268,21704.54085,2.553623557,0.153264744,0.784059079,1.6249,2.408959079,Lyon,France,6932.8041,1545.1193,11507.67146,2,1,0,11507.67146,1,1332187.502,33.87162683,7220.290478,0.14585
249001,18.48236593,15.30538315,2385823.07,2852365.255,27.62110474,33.02234791,15.24970434,31.36332117,0,0.101859862,0.840109546,0.494095552,39689.33246,17239.54882,2.302225707,0.180666789,0.941079258,0.9667,1.907779258,Lyon,France,3962.5469,1266.7362,2056.717682,2,1,0,2056.717682,0,1332187.502,45.70629162,9447.391312,0.0636
249002,19.92035916,16.01890705,342947.5667,1602899.406,7.448574056,34.81382023,47.2023014,33.10017291,0,0.049538428,1.551852576,0.567160303,50328.19742,20065.1949,2.508233669,0.165951567,1.080670138,1.429,2.509670138,Lyon,France,6619.6171,1059.9541,6040.532726,2,1,0,6040.532726,1,1332187.502,22.64909987,6022.741513,0.1235
249351,19.19270423,15.73068669,3978339.665,5147625.427,64.18515753,83.05000998,18.09844622,32.46948278,0,0.178689402,1.061558484,0.391880194,40501.47717,17650.41511,2.294647289,0.176080715,0.951351778,0.9187,1.870051778,Lyon,France,3981.6595,993.623,3372.015403,2,1,0,3372.015403,0,1332187.502,42.23751056,9029.376668,0.0401
249451,19.41445762,16.66307935,9421754.909,10056246.35,6.24536828,6.665951573,49.50304165,31.66095864,0,0.096231348,1.270146766,0.541000157,50530.50533,20147.86243,2.50798344,0.176882793,0.94344137,1.4822,2.42564137,Lyon,France,6430.7265,12.9556,465.3867889,2,1,0,465.3867889,1,1332187.502,29.1785701,7664.142389,0.0154
250,19.06190125,16.78418788,974327.267,2414077.267,14.15404022,35.06927075,35.8376811,30.69478121,0,0.047570587,1.198222173,0.464828104,48964.97142,18842.88393,2.598592211,0.150063915,1.018648326,1.0613,2.079948326,Lyon,France,4589.9141,2051.1164,10364.67594,2,1,0,10364.67594,0,1332187.502,28.61744375,6572.903197,0.04075
1,0.970466909,1.277378195,15727657.56,15727657.56,158.1731252,158.1731252,7.005934942,38.47790526,0,32.48793753,0.334778718,0.225473919,40331.38681,23564.56448,1.711526935,0.164926307,0.56741117,0.1732,0.74061117,Montpellier,France,570.3277,975.2904,5642.484097,2,1,0,5642.484097,1,435764.0739,124.0599344,17524.76805,0.021836364
2,0.555220983,1.68306287,15741782.64,15837048.8,131.2559278,132.0502628,4.422500398,38.48292105,0,38.91245447,0.359719514,0.223435516,37324.39073,22001.49037,1.696448291,0.190391853,0.560097923,0.2714,0.831497923,Montpellier,France,948.9375,1582.8322,4469.106768,2,1,0,4469.106768,1,435764.0739,125.0801641,18248.60596,0.013785714
3,0.640912562,2.05332881,10347532.18,11866822.61,121.2466718,139.0488786,4.926481223,37.20153646,0,32.2551561,0.60728996,0.364210701,37813.63727,21572.99722,1.752822609,0.178283176,0.560123612,0.3279,0.888023612,Montpellier,France,1336.4045,1000.3655,12376.02116,2,1,0,12376.02116,1,435764.0739,127.970815,18126.91095,0.016416667
4,1.625632069,1.87726253,5790985.615,5827958.087,86.34672069,86.8980002,13.75084732,35.05008379,0,11.84156234,0.890328946,0.471453679,40085.60412,20815.65034,1.925743537,0.192468003,0.678158338,0.5417,1.219858338,Montpellier,France,2405.7575,516.4957,5201.628045,2,1,0,5201.628045,1,435764.0739,112.9734381,16762.23724,0.0178
5,1.523012588,1.188017497,5172774.743,5172774.743,60.17112056,60.17112056,12.56074498,38.30451648,0,20.45701792,0.693354576,0.392492106,43874.99911,24095.79305,1.820857235,0.178433557,0.576966457,0.4755,1.052466457,Montpellier,France,2151.9969,673.3107,5225.383626,2,1,0,5225.383626,1,435764.0739,117.1563799,16541.28698,0.031483333
6,2.043105463,0.207416848,5002164.272,5002164.272,55.74813302,55.74813302,10.17673753,36.65221819,0,18.68011369,0.800538348,0.486129929,41444.53922,23495.9055,1.763904746,0.188719729,0.590322689,0.4258,1.016122689,Montpellier,France,1945.7241,729.3847,9243.277031,2,1,0,9243.277031,1,435764.0739,88.65796299,14107.20917,0.0688625
7,1.56959894,1.066156126,5278158.235,5315581.242,60.15370371,60.58020333,8.83867234,38.86453157,0,20.3215741,0.838152056,0.507717941,41362.97498,24022.64977,1.721832328,0.20754565,0.509036097,0.591,1.100036097,Montpellier,France,2490.818,743.2476,7155.679203,2,1,0,7155.679203,1,435764.0739,92.61645432,14616.34923,0.02845
8,1.592534958,1.838730698,2376425.321,2834897.138,47.04590396,56.12223424,15.27490222,37.46695854,0,13.71270477,0.972100123,0.502941604,43677.07176,23186.04575,1.883765444,0.211161094,0.456304848,0.6352,1.091504848,Montpellier,France,3057.5589,699.6959,3856.947953,2,1,0,3856.947953,1,435764.0739,84.74708239,14182.09613,0.028633333
9,0.619019642,2.195251224,9847605.741,10025974.75,72.25210103,73.56079836,4.85977106,36.72699077,0,29.63689104,0.793653382,0.503930313,37221.06861,21808.77684,1.706701337,0.198347802,0.43729561,0.6828,1.12009561,Montpellier,France,3034.3725,624.6599,8416.453657,2,1,0,8416.453657,1,435764.0739,111.7151547,17546.09743,0.01409
10,1.169669375,2.449450053,3292689.945,3615330.82,46.82847872,51.41706179,17.77023492,35.62685891,0,15.9594693,1.082258057,0.524162407,43203.67561,22317.75675,1.935843109,0.191242584,0.527606743,0.6388,1.166406743,Montpellier,France,2997.1746,645.7783,7507.586409,2,1,0,7507.586409,1,435764.0739,87.58672178,14447.76179,0.0076375
11,1.78700861,1.840511635,5321602.457,5641535.035,42.7337368,45.30287169,14.42691604,32.42659948,0,7.170035426,0.97964027,0.468274327,41244.73719,19115.96605,2.15760674,0.156166091,0.568006515,0.708,1.276006515,Montpellier,France,3347.0587,908.8341,10276.28903,2,1,0,10276.28903,0,435764.0739,86.58349589,14368.30921,0.012777778
12,1.457768581,1.371219408,4565160.225,4972962.258,83.87651076,91.36913095,10.39431486,35.9807509,0,13.28353531,0.948661074,0.460542958,39133.96099,19519.35626,2.004879693,0.232679471,0.827673425,0.5092,1.336873425,Montpellier,France,2486.1931,727.501,10161.39283,2,1,0,10161.39283,0,435764.0739,109.7767183,16682.16684,0.019661538
13,2.944726772,0.325440284,3749408.229,4643549.898,32.36275859,40.08048075,17.48792028,33.26824257,0,4.946202041,1.072774584,0.467848556,42816.87005,20354.64513,2.103542939,0.140938317,0.392252021,0.8084,1.200652021,Montpellier,France,3739.6233,676.283,11902.01014,2,1,0,11902.01014,1,435764.0739,61.083936,11117.07279,0.015809091
14,2.785153179,1.29825644,4188236.193,4967355.096,55.1938265,65.46128792,16.79166921,33.78374489,0,2.734168436,1.074607759,0.514306019,42285.23847,20096.9832,2.104059005,0.154242018,0.496532457,0.7989,1.295432457,Montpellier,France,3463.7049,870.5485,16590.23015,2,1,0,16590.23015,1,435764.0739,90.00466623,14961.67741,0.02315
15,2.866586248,2.467459564,2945310.364,3047140.715,52.54453921,54.36119968,21.30649283,36.12022027,0,4.667161101,1.261697642,0.631972602,43994.14759,21085.31091,2.086483229,0.209018144,0.682634569,0.6588,1.341434569,Montpellier,France,2940.374,809.7487,6319.602255,2,1,0,6319.602255,1,435764.0739,91.50003151,16308.39216,0.0182
16,4.047385279,3.000565709,1014399.969,1574447.704,23.13941554,35.91463012,42.71760752,34.60933862,0,1.510078397,1.415495339,0.614197821,49954.61224,21657.18252,2.306607159,0.173269793,0.455465165,0.988,1.443465165,Montpellier,France,4387.0354,707.5751,7293.379853,2,1,0,7293.379853,1,435764.0739,58.21139309,10806.96445,0.012657143
17,2.888158101,1.758255643,3626573.214,3659589.238,44.99783003,45.40748657,16.92508541,35.18299011,0,9.159415114,1.00968409,0.566346137,43629.07041,21398.54109,2.038880605,0.183988598,0.80886887,0.6665,1.47536887,Montpellier,France,3182.3288,747.1742,7905.965851,2,1,0,7905.965851,1,435764.0739,91.25954879,15581.81375,0.033075
18,3.881090762,2.447038771,4487794.642,4543989.945,85.24138698,86.30876327,13.38132236,29.23891251,0,11.31928997,0.856617436,0.379599146,38256.58851,17046.12264,2.244298561,0.147049696,0.53637669,0.4902,1.02657669,Montpellier,France,2179.1966,850.9952,11873.19567,2,1,0,11873.19567,0,435764.0739,80.01151608,13746.84903,0.024975
19,5.296819964,3.805592306,4442079.442,5734078.601,28.23013513,36.44099928,16.7504891,27.67711602,0,13.75355725,0.932011768,0.437280807,41085.40884,16204.95491,2.535360887,0.144443244,0.359827212,0.6106,0.970427212,Montpellier,France,2783.4627,1019.9899,8741.444033,2,1,0,8741.444033,0,435764.0739,62.00729543,11671.56398,0.009222222
20,5.707050973,4.069332515,7280851.512,7280851.512,251.0763734,251.0763734,2.22764579,23.48710534,0,16.8631875,0.781792286,0.251871734,39488.9711,12906.59418,3.059596555,0.12801709,0.661535933,0.4061,1.067635933,Montpellier,France,1722.394,1271.3604,10248.69843,2,1,0,10248.69843,0,435764.0739,48.05281999,9012.112188,0.00775
21,3.475495357,1.616439631,3561541.096,3579403.563,72.73236052,73.09714064,12.83153587,30.76748728,0,12.39833182,0.855547736,0.486130573,36017.28266,18900.83918,1.905591721,0.14042935,0.504972895,0.7083,1.213272895,Montpellier,France,3212.8156,710.4264,5151.828285,2,1,0,5151.828285,0,435764.0739,81.95845447,13528.83413,0.064233333
22,3.598796795,1.40736081,5252665.117,5329258.051,30.57248277,31.0182824,21.04888425,33.2279294,0,14.45714008,0.800968726,0.529533464,38236.58763,21503.7964,1.778131959,0.141997051,0.479727628,0.5066,0.986327628,Montpellier,France,2223.3887,876.454,7560.065239,2,1,0,7560.065239,1,435764.0739,65.11106097,11755.85511,0.07156
23,5.273765592,3.168277978,2965527.556,3471990.632,29.82505414,34.91868027,14.72931855,30.59593532,0,12.75733128,1.080732316,0.538074377,40119.74497,19590.40786,2.047928009,0.084779251,0.349544993,1.1229,1.472444993,Montpellier,France,5209.9729,647.3904,7868.119045,2,1,0,7868.119045,1,435764.0739,58.73122443,11173.45619,0.055816667
24,6.338263557,4.395924696,2234976.226,2747495.29,59.64308786,73.32028908,30.95024224,26.22411225,0,9.9937679,1.186207988,0.40181959,47798.48739,15608.05914,3.062423519,0.127599874,0.444974445,0.7863,1.231274445,Montpellier,France,3632.8313,841.2098,9088.4677,2,1,0,9088.4677,0,435764.0739,51.13391375,9437.729778,0.0083
25,3.908424566,1.718409788,2298373.309,3092808.404,9.743859985,13.1118352,20.36374793,37.20562566,0,2.801309253,0.631673584,0.430574367,38937.25336,22270.35611,1.748389347,0.155412694,0.414013665,0.6903,1.104313665,Montpellier,France,3047.2616,1311.5299,3584.444424,2,1,0,3584.444424,1,435764.0739,39.66339249,8052.936083,0.093984615
26,3.112114513,1.455019107,1408106.472,1546643.364,20.48867119,22.50445401,31.62058532,40.51149396,0,3.498668874,1.053250038,0.571326228,49760.69523,25470.03854,1.953695325,0.211591582,0.776822303,0.7379,1.514722303,Montpellier,France,3218.6231,853.3865,8229.312011,2,1,0,8229.312011,1,435764.0739,59.27534695,10200.5981,0.046041667
27,2.482962421,1.243765778,1691123.808,2637225.769,14.0813825,21.95923479,21.02525059,35.48582438,0,3.120542038,1.337275267,0.625412033,45106.87718,22080.65495,2.042823335,0.174537055,0.36847736,1.0805,1.44897736,Montpellier,France,4928.7414,420.327,7847.86994,2,1,0,7847.86994,1,435764.0739,55.68413832,10800.90703,0.02109
28,2.459291097,0.681028139,5988086.091,11123393.88,26.50344476,49.23246771,6.599145196,34.58617791,0,12.31166274,0.839891071,0.5099338,41750.37152,22704.14992,1.838887237,0.140545274,0.451560379,0.6908,1.142360379,Montpellier,France,3074.463,709.5882,14643.6614,2,1,0,14643.6614,1,435764.0739,67.61208126,12147.73284,0.008378571
29,3.775867049,2.823953818,1989044.608,3020159.157,22.48650427,34.14343827,35.91060077,36.83571795,0,4.675297197,1.306206068,0.558741542,48719.15644,23627.191,2.061995285,0.173749302,0.499098787,0.859,1.358098787,Montpellier,France,4141.3761,772.0623,13263.18838,2,1,0,13263.18838,1,435764.0739,52.84789969,10260.79966,0.0131
30,4.580822426,3.803269877,1122271.139,1420776.731,13.38308166,16.94276039,59.24748556,43.97842221,0,1.719589552,1.669529749,0.658046218,63267.14172,27787.62609,2.276809883,0.221246215,0.556769148,0.9562,1.512969148,Montpellier,France,4468.1324,885.0784,7128.857727,2,1,0,7128.857727,2,435764.0739,53.05194563,10112.26727,0.0193
33001,4.584041698,3.583938926,1113201.692,1288918.758,21.46443187,24.85255732,62.1151203,42.98002354,0,2.042162483,1.514672808,0.69750838,61407.53283,27468.87266,2.2355316,0.291388911,0.422229871,1.0838,1.506029871,Montpellier,France,5413.2893,346.3112,4315.160919,2,1,0,4315.160919,2,435764.0739,54.2762213,9658.773729,0
33004,3.040431232,3.158781684,1700177.914,2718495.379,14.64126521,23.41061573,20.48433214,37.48425715,0,1.377563507,0.819099614,0.563349527,45339.28523,24314.73347,1.86468362,0.240739503,0.264613826,1.0784,1.343013826,Montpellier,France,5043.1063,205.889,2220.707847,2,1,0,2220.707847,1,435764.0739,57.54095642,10801.34348,0
33005,4.179234909,2.955273298,1297036.482,1312873.671,33.35163092,33.75886392,76.14014629,43.87580957,0,3.005649066,1.811850931,0.69468803,64104.02094,27427.65136,2.337204163,0.309158396,0.599870371,0.9973,1.597170371,Montpellier,France,4765.6981,397.887,1411.855401,2,1,0,1411.855401,2,435764.0739,51.21553213,9031.142278,0
33006,4.317522402,2.870366336,131318.8619,877455.8281,2.215652685,14.80470766,42.64696246,39.52955453,0,0.68297943,1.40992938,0.725951034,51742.24483,25449.6124,2.033125063,0.265643251,0.339039807,1.2903,1.629339807,Montpellier,France,6062.6367,73.016,2999.041114,2,1,0,2999.041114,1,435764.0739,53.05194563,9988.106944,0
33012,4.32978029,2.083703698,4870787.338,7975593.198,8.727810072,14.29121368,45.37912298,37.02182066,0,4.323299685,1.81199307,0.530871213,54545.79172,25081.10753,2.17477604,0.131059411,0.240590137,0.8202,1.060790137,Montpellier,France,3938.9988,0,1242.135801,2,1,0,1242.135801,1,435764.0739,35.70804033,7493.204735,0
33014,3.826330939,2.232966592,1349309.523,1765779.369,20.28535537,26.54651241,47.70168977,37.49621606,0,3.586522957,1.49530915,0.586573512,54262.31295,24808.09933,2.187282154,0.142954913,0.393130931,0.928,1.321130931,Montpellier,France,4247.5603,358.6169,1577.600375,2,1,0,1577.600375,1,435764.0739,27.3421566,7147.72516,0
34001,5.069599015,3.148728599,1339341.561,2099437.412,16.65356276,26.10470227,71.45685641,38.90536855,0,0.00069989,1.468273685,0.636725225,54251.11435,24063.58456,2.254490149,0.26136972,0.82382269,1.0285,1.85232269,Montpellier,France,4768.8214,410.6526,2967.636777,2,1,0,2967.636777,1,435764.0739,23.87337554,4245.877186,0
34004,3.687287152,2.002392994,216391.9996,1213755.983,0.577854631,3.241222027,49.40237361,37.08569347,0,0.082249738,1.201648405,0.448958983,50278.70741,21550.03505,2.333114879,0.163154223,0.620186505,0.9225,1.542686505,Montpellier,France,5311.8943,0,626.3844019,2,1,0,626.3844019,1,435764.0739,31.0149836,5754.185626,0
35001,5.195177319,2.640908139,1474301.432,1499242.721,36.60392956,37.22317143,65.99502198,39.14474224,0,1.718908452,1.634892381,0.667402901,64922.86365,26373.72432,2.461649437,0.202908679,0.501323396,0.942,1.443323396,Montpellier,France,4412.6724,1123.6849,2662.316282,2,1,0,2662.316282,2,435764.0739,53.05194563,9231.263807,0
35002,5.194032807,2.725200189,625440.0791,1230185.177,11.19953474,22.02849177,68.74202792,38.88367281,0,0.496839821,1.360096486,0.515498782,61973.4407,25228.65328,2.456470427,0.194417401,0.458943302,0.9607,1.419643302,Montpellier,France,4644.3003,106.0783,3784.237648,2,1,0,3784.237648,1,435764.0739,58.56118614,10073.36203,0
35003,5.211542474,2.407346883,937840.0772,2185725.438,7.561042491,17.62172817,62.5719555,37.81733119,0,1.715056388,1.658123795,0.716201857,60578.30423,24886.10595,2.434221905,0.172605636,0.482318105,1.4759,1.958218105,Montpellier,France,6915.4999,293.4653,4644.232941,2,1,0,4644.232941,1,435764.0739,52.84789969,10505.92413,0
36,6.772771946,1.148340202,1162638.331,1857758.449,17.43936684,27.86604416,68.88522634,37.8898058,0,0.638265158,1.64226039,0.6757413,60505.26535,24962.46331,2.423849946,0.202385214,0.558308484,1.2327,1.791008484,Montpellier,France,5418.8465,884.8602,9997.789966,2,1,0,9997.789966,1,435764.0739,54.29889307,9295.052401,0.009377778
37001,9.539377206,1.819806142,1042229.86,1052625.549,33.56946515,33.90430271,79.27772686,36.47601825,0,0.078021192,1.368055586,0.655721153,60314.893,23840.76296,2.529906157,0.181474484,0.398035939,1.1454,1.543435939,Montpellier,France,5067.1665,0,2528.018671,2,1,0,2528.018671,1,435764.0739,49.99125646,9084.657204,0
37002,9.076848965,1.561349161,1930299.998,1940504.636,37.11034063,37.30652652,67.78476572,37.76070753,0,0.167686056,1.585359741,0.631611293,59331.19053,24436.13309,2.428010615,0.162306736,0.437917297,1.2436,1.681517297,Montpellier,France,5762.5784,638.1392,3440.279672,2,1,0,3440.279672,1,435764.0739,53.25599158,10241.56588,0
37003,9.780537402,1.992528273,591133.09,3874565.505,0.681591186,4.467470597,81.04575163,35.62108668,0,0.005951682,2,1,58610.50131,23201.56973,2.526143791,0.192357513,0.424955481,0.2115,0.636455481,Montpellier,France,1026.0496,0,76.86150111,2,1,0,76.86150111,1,435764.0739,32.03521333,6651.879027,0
37007,8.615063995,0.810582583,3138782.92,8537229.097,2.368544157,6.442243574,82.16816767,39.78598515,0,0.116574909,2,0.666666667,70274.58651,27026.55901,2.600204728,0.165918418,0.400025351,2.5943,2.994325351,Montpellier,France,10274.5605,4234.1119,1491.67035,2,1,0,1491.67035,2,435764.0739,46.11438351,8562.818882,0
37011,11.70779344,3.90264163,1133766.702,1433793.693,19.74685045,24.97243002,75.5714412,40.61131034,0,0.273014526,1.784337297,0.758320561,59450.68677,25035.37646,2.374667177,0.215396952,0.41661569,2.0291,2.44571569,Montpellier,France,8936.3223,967.9172,3248.644827,2,1,0,3248.644827,1,435764.0739,41.01323489,7397.383535,0
37016,10.74470209,2.934460294,872462.3596,1915682.72,9.013052041,19.79013519,78.59914034,37.45262758,0,0.103550132,1.638677511,0.652036908,59806.13779,24219.84424,2.469303155,0.176898998,0.473754744,1.7432,2.216954744,Montpellier,France,8223.8975,1000.0131,2388.671828,2,1,0,2388.671828,1,435764.0739,42.03346462,7778.718267,0
37018,12.85570353,5.047505331,58335.83366,789395.9543,0.522875226,7.075506809,88.03834168,45.55506522,0,0.016654259,2.589267063,0.687209047,70572.88723,27450.51677,2.570912883,0.20415228,0.496530158,0.8451,1.341630158,Montpellier,France,4476.5918,0,1031.827344,2,1,0,1031.827344,2,435764.0739,10.20229724,2283.180465,0
38001,6.21479725,5.104440671,1364732.684,2341484.2,14.34261139,24.60774799,61.13816755,39.83449106,0,2.002540503,1.531465608,0.714417029,53316.26924,23222.65521,2.295873092,0.236854182,0.520194492,1.0564,1.576594492,Montpellier,France,4981.6108,356.7349,3746.344942,2,1,0,3746.344942,1,435764.0739,44.6860619,9686.042429,0.0012
38003,6.700825444,5.251524542,576339.3391,1481871.431,9.3572363,24.05912664,55.61820869,35.12905503,0,1.447704466,1.904990055,0.706893307,54825.41071,22257.6281,2.463218923,0.153264571,0.437704182,1.7561,2.193804182,Montpellier,France,8067.0568,824.8521,7870.472057,2,1,0,7870.472057,1,435764.0739,53.05194563,11718.31637,0.001
39001,9.022795385,7.031941382,102623.3003,686962.7124,1.861424407,12.46041742,73.77045603,42.96561409,0,0.000836535,1.722673004,0.717746128,66013.53191,26682.72493,2.474017631,0.211911247,0.458642946,1.4631,1.921742946,Montpellier,France,6087.1263,1110.1762,1728.224203,2,1,0,1728.224203,2,435764.0739,23.87337554,4485.637497,0
39002,7.008741108,4.891774594,639817.7377,1796677.745,9.933912093,27.8955048,44.09801231,34.99558169,0,1.386716072,1.278311079,0.621120056,48465.52371,21866.46215,2.216431876,0.13451585,0.345669929,1.1569,1.502569929,Montpellier,France,5295.9053,1121.9523,7178.785731,2,1,0,7178.785731,1,435764.0739,32.44330521,6035.763317,0
41001,7.103769151,4.988688586,504122.3044,1057340.134,6.8770108,14.42376078,80.11829797,54.2759065,0,0.039241549,1.924008892,0.793157032,76885.55208,31556.45233,2.436444734,0.245183231,0.627411945,1.3692,1.996611945,Montpellier,France,6183.3686,189.1817,5174.104091,2,1,0,5174.104091,2,435764.0739,26.93406471,5656.332945,0.0288
41006,9.841110279,7.869786062,716748.7177,1124956.326,18.71434007,29.37265841,78.12413251,41.64637924,0,0.009941851,1.664965046,0.759243017,67753.97641,26777.81749,2.530227732,0.162853056,0.331075891,1.4831,1.814175891,Montpellier,France,6790.5009,475.4422,4867.602772,2,1,0,4867.602772,2,435764.0739,28.97452415,5907.32272,0
41007,10.49400343,8.46261825,143773.3472,936095.374,3.32689148,21.66109216,72.78461351,40.31409603,0,0.000395514,1.606985865,0.489943199,61747.55843,25691.1945,2.40345222,0.203562981,0.493444003,1.0635,1.556944003,Montpellier,France,4960.1099,558.1763,2065.8688,2,1,0,2065.8688,1,435764.0739,31.83116738,6837.716523,0.0005
42,6.73929986,3.33709524,1155798.075,1728691.242,21.27945051,31.82701244,68.40577768,37.31200154,0,0.225566189,1.575104055,0.624900137,62397.38725,24908.80558,2.505033293,0.163169831,0.415863422,1.2184,1.634263422,Montpellier,France,5711.8732,819.4629,7228.793156,2,1,0,7228.793156,1,435764.0739,45.13496298,8255.777768,0.02984
43,6.428664448,0.212484714,1660892.421,3224359.845,14.33099036,27.8213503,52.01685528,37.71295248,0,2.06866668,1.548514119,0.660068687,49582.03916,24370.45611,2.034514206,0.258857834,0.462656149,1.1321,1.594756149,Montpellier,France,5091.7587,704.3001,12412.91577,2,1,0,12412.91577,1,435764.0739,43.19495692,8110.032706,0.027892308
45001,8.180812103,5.812023564,2067581.181,2364689.121,44.89119258,51.34198148,66.95658158,35.95140171,0,1.85E-13,1.0125024,0.459516917,53633.16304,22685.87965,2.364165017,0.181156631,0.325405622,0.9613,1.286705622,Montpellier,France,4353.4806,1293.2718,3046.809221,2,1,0,3046.809221,1,435764.0739,55.70454292,9920.539578,0.0214
45002,7.886644462,5.321336524,107701.0218,900301.3115,0.977009679,8.167082178,66.21309653,36.26836766,0,0.000171678,1.765929514,0.66475754,52548.55564,22450.1774,2.340674405,0.163141076,0.358194446,1.1662,1.524394446,Montpellier,France,4980.7969,1178.4995,2906.6615,2,1,0,2906.6615,1,435764.0739,49.58316457,8184.839277,0.0341
45005,8.806481693,6.394253038,956849.4528,1529288.56,29.91738526,47.81558362,81.8583898,37.28255826,0,2.09E-19,1.674965278,0.645608605,60379.59978,24016.56589,2.514081325,0.194364952,0.272548186,1.2757,1.548248186,Montpellier,France,5229.7043,1217.8694,3083.385975,2,1,0,3083.385975,1,435764.0739,50.6033943,8194.484121,0.0259
46001,9.389807638,6.717275073,517757.5754,1264108.096,8.60056412,20.99832672,66.13477184,37.0950314,0,0.043535464,1.887988526,0.730765827,53690.50803,23185.98863,2.315644543,0.183197891,0.402996729,1.4679,1.870896729,Montpellier,France,6685.1607,1146.2845,2481.950602,2,1,0,2481.950602,1,435764.0739,31.42307549,6288.365055,0.0371
46003,10.62774512,7.89315654,100013.2629,903938.6935,0.583048113,5.269698574,79.49459206,38.88355782,0,0.00396984,1.814580208,0.600316414,57413.50302,23669.91134,2.425590117,0.179012479,0.409345168,1.5958,2.005145168,Montpellier,France,7334.8364,462.7173,1569.61697,2,1,0,1569.61697,1,435764.0739,17.54795125,4054.977106,0
46004,10.5777214,7.881708732,781233.6356,1685051.244,14.04892563,30.30227903,79.99276332,39.80478084,0,0.028518611,1.496533968,0.672886836,55191.06718,23475.27847,2.351029286,0.225319724,0.525561912,1.3047,1.830261912,Montpellier,France,6827.1132,193.3263,2807.920882,2,1,0,2807.920882,1,435764.0739,37.34040789,7141.745797,0
47001,6.660426242,4.57275641,386222.2204,1855426.815,4.629595966,22.24076204,68.67650595,38.74466837,0,0.019412659,1.727963844,0.673805127,57283.22445,23887.31465,2.398060447,0.205375165,0.534460341,1.2592,1.793660341,Montpellier,France,5891.209,622.0573,3314.318245,2,1,0,3314.318245,1,435764.0739,30.40284577,5876.818055,0
47005,9.241195733,6.774707142,267505.7518,1238060.994,4.604027334,21.30820222,88.41321092,40.16800568,0,0.004107755,1.349079345,0.60125396,67025.88727,25338.29947,2.645240157,0.158501426,0.581724524,2.0854,2.667124524,Montpellier,France,10094.8108,537.4596,1682.581465,2,1,0,1682.581465,1,435764.0739,10.20229724,2823.296406,0
47007,10.38800413,8.219709926,325043.5822,1604865.082,4.689391991,23.15333042,65.93540757,37.21281355,0,1.58E-05,1.386852318,0.602852543,54386.80682,22796.22948,2.38578081,0.169450797,0.454030649,1.2658,1.719830649,Montpellier,France,5925.0496,235.9584,2270.756664,2,1,0,2270.756664,1,435764.0739,40.40109706,7097.414979,0.0191
47008,10.58385838,8.580384602,93168.30953,817745.4354,2.334924721,20.49381428,84.13939218,37.95979579,0,0.001846237,1.699553558,0.754777581,65974.9113,24979.78941,2.641131605,0.168807366,0.440388918,1.4134,1.853788918,Montpellier,France,6396.4275,0,2805.921492,2,1,0,2805.921492,1,435764.0739,35.70804033,6399.116092,0.0212
47010,9.444804014,7.363241496,407215.6797,1769815.356,5.432880525,23.61204605,69.9412987,37.54332849,0,0.000373073,2.059282081,0.758758361,56255.63987,22895.59206,2.457051109,0.176493207,0.484564586,1.9886,2.473164586,Montpellier,France,9056.1257,402.625,2008.733285,2,1,0,2008.733285,1,435764.0739,38.36063761,6779.195942,0.02
48001,15.52795513,12.99293903,201099.564,1487715.31,3.629164122,26.84820851,86.1846683,35.72454366,0,4.45E-17,1.729407719,0.656194637,63428.12169,23086.00617,2.747470534,0.144373404,0.330034985,1.7435,2.073534985,Montpellier,France,7250.31,2149.6324,4429.166378,2,1,0,4429.166378,1,435764.0739,33.05544305,6396.116413,0
48004,14.59038489,12.19642133,80662.66361,1136453.793,1.456387808,20.51900315,75.91079774,37.74629919,0,1.71E-17,1.571787883,0.596388444,54529.29625,22294.60019,2.445852169,0.170405075,0.319711809,1.9236,2.243311809,Montpellier,France,8980.5202,1184.4977,2883.950218,2,1,0,2883.950218,1,435764.0739,43.86987812,7750.037773,0
48005,13.81023031,11.33687039,230239.7519,1118054.456,3.775426537,18.33363887,75.19673801,36.45861157,0,4.78E-06,1.68810823,0.623329945,55836.66162,21569.86366,2.588642307,0.156525213,0.305687809,1.6895,1.995187809,Montpellier,France,6967.0355,1937.3269,3365.142491,2,1,0,3365.142491,1,435764.0739,35.29994844,6879.178047,0
49001,8.246683371,7.035303106,2038752.294,2039407.791,42.9961076,43.00993165,72.21762883,40.222269,0,0.256390925,1.880045462,0.717850233,57979.94075,24349.29793,2.381175051,0.198253631,0.480895949,1.1636,1.644495949,Montpellier,France,5048.1353,528.8038,2510.403499,2,1,0,2510.403499,1,435764.0739,46.5224754,7980.80129,0
49002,8.798534473,7.581308663,258697.9648,1114294.271,3.250778079,14.00213331,75.61193923,40.69252114,0,0.118633322,1.401794677,0.577216149,63561.2478,25145.19059,2.527769578,0.194037566,0.471149895,1.2511,1.722249895,Montpellier,France,5652.1331,1369.4211,2837.242517,2,1,0,2837.242517,1,435764.0739,40.80918895,7083.164206,0
49008,11.75642848,10.17604456,112836.9542,1042949.873,1.819076916,16.81369416,88.35290664,39.90034296,0,0.000874571,1.947746308,0.746251074,65609.03237,24737.92931,2.652163467,0.153064099,0.47462673,1.4316,1.90622673,Montpellier,France,5937.6758,1348.1265,1846.797245,2,1,0,1846.797245,1,435764.0739,17.13985936,3920.583264,0
53001,17.32173522,10.71831143,54460.94693,659315.5886,1.000604488,12.11352675,88.5969311,44.77698289,0,3.61E-27,1.495490452,0.602719604,64331.6548,24939.77177,2.579480493,0.177782101,0.382690215,2.3515,2.734190215,Montpellier,France,11011.1689,800.8308,1286,2,1,0,1286,1,435764.0739,11.8346648,4040.716335,0
53005,15.92862667,8.764978841,144100.7172,918671.6367,2.674689089,17.0516917,84.08398073,40.78391708,0,4.94E-13,2.170444555,0.610112368,71594.23788,26020.07881,2.751499656,0.165241503,0.295320847,1.9212,2.216520847,Montpellier,France,8564.5894,1992.7955,2798,2,1,0,2798,1,435764.0739,15.30344586,3607.130537,0
53012,15.24757354,7.54371221,232914.6562,899005.1017,4.259752668,16.44181368,86.83437993,42.72406379,0,1.55E-05,1.594204023,0.763553103,70639.30473,26869.84831,2.62894319,0.189884164,0.349634854,1.8469,2.196534854,Montpellier,France,9005.5939,1647.0261,2758.25305,2,1,0,2758.25305,2,435764.0739,18.36413503,4079.30632,0
53016,17.77378789,10.04135377,128508.4084,742310.3029,2.656098601,15.34257083,83.20547925,39.99737915,0,2.52E-15,1.721365344,0.615067121,66687.79731,25085.32217,2.658438941,0.16459903,0.323317125,2.0577,2.381017125,Montpellier,France,9157.4963,1636.5901,2076.350469,2,1,0,2076.350469,1,435764.0739,18.36413503,4115.232485,0
53020,18.05646373,10.25763312,151801.1591,988054.7963,3.166654203,20.61135693,83.10690326,39.84233401,0,8.82E-16,1.821483642,0.785926437,65690.64945,24824.75676,2.646174949,0.132587237,0.303654847,2.6554,2.959054847,Montpellier,France,11435.3092,651.5738,1990.860318,2,1,0,1990.860318,1,435764.0739,16.32367558,3615.200962,0
53024,15.76732279,7.995443617,134934.7687,1121617.786,1.82298781,15.15321492,88.94054973,43.82763981,0,1.44E-07,1.184075264,0.568695636,65418.62457,26296.16141,2.487763273,0.170530431,0.402769347,1.3382,1.740969347,Montpellier,France,6553.0125,139.9314,1996.570639,2,1,0,1996.570639,2,435764.0739,17.75199719,4381.480816,0
54001,12.7881255,5.541569437,1245267.951,1856879.689,21.03088886,31.36018263,60.66509649,37.45728381,0,3.86E-07,1.627603048,0.738331722,54290.25557,23264.20077,2.333639402,0.168472231,0.412669064,1.531,1.943669064,Montpellier,France,6879.5192,402.0721,3365.742206,2,1,0,3365.742206,1,435764.0739,42.03346462,7070.747807,0
54003,12.03077364,4.790845367,1708775.338,1846923.105,30.21380879,32.65647642,67.32301706,38.82961729,0,4.50E-06,1.438558457,0.911103483,57601.97788,23924.21737,2.407684941,0.189110094,0.536745266,1.1725,1.709245266,Montpellier,France,4991.3359,0,1319.167874,2,1,0,1319.167874,1,435764.0739,45.09415379,7451.053332,0
54005,10.84363353,3.841906426,1176412.911,3115430.886,4.557930385,12.07052129,81.69049168,40.97425974,0,0.000229447,1.68564881,0.584523073,67316.52244,26280.18401,2.561493573,0.177978266,0.459568586,1.5407,2.000268586,Montpellier,France,6943.9771,834.4348,2582.797209,2,1,0,2582.797209,2,435764.0739,44.27797001,7455.581519,0
54010,14.05478333,6.832738475,365027.4816,1326046.516,10.23748268,37.19001699,72.56490465,37.43378116,0,3.50E-10,2.090344871,0.671352975,59297.52167,23722.33152,2.499649819,0.146398929,0.542655754,1.842,2.384655754,Montpellier,France,8278.2461,591.8686,4888.39158,2,1,0,4888.39158,1,435764.0739,29.99475388,6627.709784,0
57,5.90533153,4.289622642,401807.036,1100738.431,6.720712227,18.41119136,84.52449732,42.78138541,0,0.019445424,1.638519006,0.645030744,69467.6413,27597.69785,2.517153484,0.206440253,0.536771881,1.173,1.709771881,Montpellier,France,5080.5126,675.3812,5149.80636,2,1,0,5149.80636,2,435764.0739,37.7776492,7153.86531,0.060828571
1,0.528917507,1.709807554,11674970.66,11893164.01,129.2287656,131.6439201,3.241625031,39.71974212,0,53.27902405,0.619759861,0.390008492,48535.67051,27204.65537,1.784094297,0.146595737,1.091381581,0.5283,1.619681581,Nantes,France,2215.8326,1409.9142,10206.20231,2,1,0,10206.20231,2,621823.3638,98.45216834,15333.47683,0.5842
2,1.152012159,1.19629788,10935088.58,13024733.49,63.62859046,75.78772018,1.676269229,35.21640174,0,49.47853044,0.659303018,0.465481905,37261.3662,22943.16968,1.624072294,0.096289408,0.681677946,0.4075,1.089177946,Nantes,France,1714.0842,1303.8328,5991.590473,2,1,0,5991.590473,1,621823.3638,88.75998597,14582.46803,0.51065
3,0.587785795,2.442617006,8620948.884,9102582.728,125.5978745,132.6147572,6.813972191,40.07310704,0,32.0029614,0.795030704,0.504679726,49767.4544,27602.99317,1.802973108,0.159436367,0.980556402,0.5253,1.505856402,Nantes,France,2096.6742,1034.8357,8012.341815,2,1,0,8012.341815,2,621823.3638,95.2894562,14930.41056,0.4047
4,0.593405324,2.206106681,7243567.837,7446377.289,83.81988843,86.16672441,15.46284634,39.30794657,0,32.88495129,0.736732821,0.444535507,52574.30201,28046.7509,1.874523797,0.167272712,0.84129391,0.7203,1.56159391,Nantes,France,3068.2743,986.9107,10941.4943,2,1,0,10941.4943,2,621823.3638,100.6529496,16044.26917,0.603971429
5,1.42797756,1.652202369,7693899.318,8124655.113,74.45134883,78.61963186,14.48221811,38.1749835,0,26.68337212,0.809072932,0.474135515,49457.0703,26816.15065,1.844301628,0.151693939,0.818095345,0.7317,1.549795345,Nantes,France,3106.4506,1482.6854,7702.03879,2,1,0,7702.03879,2,621823.3638,80.90421709,13304.79093,0.78355
6,2.103669482,0.95829218,4242366.655,5076964.985,55.88420864,66.87827658,15.96347788,34.07325677,0,22.81620085,0.965078408,0.552418733,46359.75279,23777.53806,1.949728886,0.104713454,0.752777696,0.7239,1.476677696,Nantes,France,3079.0095,1381.2683,11103.71327,2,1,0,11103.71327,1,621823.3638,71.68814192,11711.04723,0.759066667
7,1.901137221,1.017198071,5885344.954,8866505.638,31.6857311,47.73581084,3.328126981,35.62758328,0,21.33132244,0.76679439,0.477987684,38620.35069,21596.81332,1.788243021,0.147763168,0.595590785,0.808,1.403590785,Nantes,France,3403.0433,1311.1899,14761.64038,2,1,0,14761.64038,1,621823.3638,62.98218161,11370.03902,0.38435
8,2.200810382,3.801223121,3299930.964,3433747.92,69.30928758,72.11987907,34.13202269,35.60842839,0,19.40481968,1.042998834,0.519063962,49943.06846,24505.18388,2.038061363,0.147579482,0.955671085,1.0292,1.984871085,Nantes,France,4418.4468,1121.4703,10422.28882,2,1,0,10422.28882,1,621823.3638,81.08785844,13680.14598,0.35716
9,1.161535662,3.126158829,4520163.434,4520163.434,98.78493441,98.78493441,14.56143975,39.47583069,0,17.08400328,0.938076435,0.542298001,49625.18229,27449.3618,1.807881096,0.179413364,0.907111844,0.8186,1.725711844,Nantes,France,3547.7615,819.9038,8396.497317,2,1,0,8396.497317,2,621823.3638,94.88136431,15461.22381,0.32266
10,0.873273522,3.09172488,4659260.997,4659260.997,91.53858888,91.53858888,18.86497914,40.9576905,0,11.78572968,1.058740276,0.536700695,55268.55687,28434.60972,1.943707243,0.206125938,1.369414388,0.612,1.981414388,Nantes,France,2714.782,398.2539,10630.18947,2,1,0,10630.18947,2,621823.3638,98.04407645,15858.60957,0.40905
11,1.425529055,2.931998077,4133755.503,4261330.025,92.8914059,95.7581881,28.03314779,38.39470633,0,17.19033074,0.961852693,0.5336487,55380.49627,28077.90988,1.972386709,0.169680914,0.988480511,0.7579,1.746380511,Nantes,France,3392.3238,1046.1435,10015.4925,2,1,0,10015.4925,2,621823.3638,83.86288329,14448.00042,0.588625
12,2.637241199,1.5097757,2859908.94,3272681.543,53.76329965,61.52299327,22.80621247,34.97663775,0,12.37322242,0.936323207,0.457163093,48217.95652,23412.67861,2.059480563,0.141983168,0.885461917,0.5586,1.444061917,Nantes,France,2299.0299,983.8095,10512.21961,2,1,0,10512.21961,1,621823.3638,63.98880827,10554.36664,0.80876
13,1.6404504,3.778109823,3441226.199,3441226.199,85.43268176,85.43268176,34.85072966,37.90055604,0,12.07192075,1.031186432,0.547283999,56192.66418,27030.6903,2.078846805,0.177527724,0.941955952,0.8811,1.823055952,Nantes,France,3927.5567,974.4434,9594.642875,2,1,0,9594.642875,2,621823.3638,93.38502738,15481.9243,0.2759
14,3.529831213,3.38770795,3440937.893,3484454.138,56.45254969,57.16648382,30.81478933,32.06507042,0,11.12369059,0.954321803,0.404142053,44243.86374,19343.01392,2.287330398,0.140177289,0.843118099,0.6958,1.538918099,Nantes,France,3014.7119,1179.5409,12920.40087,2,1,0,12920.40087,0,621823.3638,72.93185054,12329.72043,0.239471429
15,2.549858789,2.873839379,2270152.363,2270152.363,54.95045174,54.95045174,31.81633425,33.31671789,0,6.437853229,0.857426962,0.382279177,47927.67559,21407.90856,2.238783647,0.152086706,1.10681041,0.6006,1.70741041,Nantes,France,2468.3097,1064.5164,12451.26705,2,1,0,12451.26705,1,621823.3638,88.14784813,14433.88544,0.294025
16,2.359764552,2.676548457,3711203.418,3711203.418,70.86032967,70.86032967,25.32700118,36.98085055,0,9.78603003,0.990588996,0.488201652,47950.22665,23292.89794,2.058577116,0.18753395,1.117416611,0.642,1.759416611,Nantes,France,2679.9401,1282.812,15482.0075,2,1,0,15482.0075,1,621823.3638,78.11558918,13802.26403,0.4171
17,2.510834865,3.651910757,3439077.866,3506569.051,52.38795176,53.41605438,32.38587026,37.99968203,0,10.60273271,1.268993859,0.675056657,53014.339,25965.71196,2.04170558,0.178911895,1.031031306,0.7526,1.783631306,Nantes,France,3336.843,836.6519,14984.61016,2,1,0,14984.61016,1,621823.3638,67.7885972,11793.53285,0.416233333
18,4.155922922,3.986453573,4167699.97,4521910.189,40.82964959,44.29973603,28.52971931,36.54782702,0,9.321294854,1.119303515,0.569980395,47807.24067,23595.58821,2.026109298,0.161422432,0.816470859,0.8694,1.685870859,Nantes,France,3801.7406,1061.0277,13432.08646,2,1,0,13432.08646,1,621823.3638,65.56676358,11197.9582,0.595133333
19,4.37417314,3.740129901,4444226.262,4560481.158,63.1512751,64.8032263,22.90920035,32.37042485,0,15.07919351,0.982983205,0.455944716,42099.88884,20298.31788,2.074058013,0.1431694,0.8904882,0.6765,1.5669882,Nantes,France,2759.6009,1019.4227,16387.92736,2,1,0,16387.92736,1,621823.3638,80.7730447,13158.14609,0.6213
20,4.357197137,3.005040354,1052917.247,1836891.939,20.61098737,35.95739045,48.11659637,35.38859281,0,5.552911568,1.172604384,0.530432498,52953.9502,23624.01304,2.241530688,0.157279446,0.919047638,0.8738,1.792847638,Nantes,France,3844.0649,648.1654,14723.21101,2,1,0,14723.21101,1,621823.3638,56.81545973,9517.411152,0.8422
21,6.069287465,0.746491772,955864.7866,1638746.865,12.02686549,20.61901264,74.46058928,37.89474081,0,0.886830055,1.394859567,0.58891986,56745.68691,24330.14164,2.33232045,0.199832801,1.044496027,1.1844,2.228896027,Nantes,France,5227.0922,961.0028,8669.592143,2,1,0,8669.592143,1,621823.3638,51.74265082,9638.429413,0.52355
22,4.317355949,2.094512488,1715033.713,1751817.322,39.31167054,40.15481731,50.40050284,39.19680008,0,4.57303331,1.42306285,0.67381138,51777.88574,24779.47765,2.089547103,0.214709139,0.966766478,0.9493,1.916066478,Nantes,France,4199.3953,603.7267,17735.9409,2,1,0,17735.9409,1,621823.3638,68.9902011,12107.34558,0.397455556
23,3.497738254,1.984479518,2633274.189,3125997.083,36.34678001,43.14777731,31.70190246,35.96520178,0,15.37675346,0.925085707,0.501427355,45462.72581,22430.75845,2.026802879,0.153071778,0.743490542,0.8464,1.589890542,Nantes,France,3698.8828,1246.3855,10719.49477,2,1,0,10719.49477,1,621823.3638,69.04172785,11844.71857,0.380627273
24,2.757751149,3.002760604,3057268.489,3813290.257,24.83034116,30.97055374,28.43255974,36.20754806,0,9.454407181,1.15104253,0.56965019,41445.46165,21719.64337,1.908201758,0.161654654,0.766836399,0.9517,1.718536399,Nantes,France,4125.2061,1219.216,9495.242031,2,1,0,9495.242031,1,621823.3638,61.72389829,10229.36449,0.356575
25,4.006596319,2.157405673,1878816.056,2404141.18,33.26593302,42.56723228,24.04764485,33.34392769,0,7.482443768,1.10222001,0.494308896,42071.05933,18644.57923,2.256476738,0.174657998,1.044956511,0.8734,1.918356511,Nantes,France,3891.5005,800.3161,11733.97819,2,1,0,11733.97819,0,621823.3638,66.07378684,12165.14297,0.179445455
26,3.519513612,1.95792223,2040435.646,2078050.733,34.04861144,34.67629185,35.92451785,36.19681399,0,2.50083683,1.323727609,0.620297015,47426.5955,21771.25135,2.178404665,0.193086026,1.275843751,1.0609,2.336743751,Nantes,France,4872.0186,711.5499,9271.435423,2,1,0,9271.435423,1,621823.3638,76.00711442,12514.42587,0.3282
27,4.359966142,0.666939417,3667497.381,3834845.841,34.95162613,36.54647411,29.08375961,38.19243926,0,10.47822024,1.246640743,0.582203557,46563.36529,22758.53847,2.045973442,0.21425284,1.170022595,0.8861,2.056122595,Nantes,France,3764.1609,1027.7575,8141.438099,2,1,0,8141.438099,1,621823.3638,61.97895572,11266.36593,0.350125
28,4.623769039,0.708263369,1916089.914,2144117.669,28.52529946,31.92000445,52.80780664,41.73480395,0,7.402295387,1.314284282,0.594510087,58022.73118,26156.88177,2.218258724,0.238475829,1.138211982,0.8811,2.019311982,Nantes,France,3881.1223,677.9086,13439.45429,2,1,0,13439.45429,1,621823.3638,66.45096267,12242.59039,0.317966667
29,5.196436845,2.434316954,1548823.981,1667587.604,23.14662355,24.92150367,45.81752174,36.32008908,0,8.916739919,1.064622981,0.49099786,49952.3777,22049.13318,2.265503015,0.169920509,0.695037693,0.9615,1.656537693,Nantes,France,4371.8074,1034.0955,10597.31097,2,1,0,10597.31097,1,621823.3638,51.92969294,11009.05413,0.074566667
30,4.06504091,3.931171314,2333320.246,2826142.06,21.3680235,25.88117514,32.45659833,34.43841666,0,12.30359904,0.878606905,0.506177116,44195.8518,21540.1127,2.051792969,0.167247328,0.788720024,0.8223,1.611020024,Nantes,France,3536.8068,1440.1355,11005.71637,2,1,0,11005.71637,1,621823.3638,47.03259026,9525.109029,0.198183333
31001,5.570377132,4.259099239,5014627.76,5525901.532,23.14518468,25.50498613,18.29979845,32.69102454,0,6.759070067,0.952640246,0.553824112,40502.56065,19020.31522,2.129436877,0.117854773,0.62023408,1.2922,1.91243408,Nantes,France,5608.262,1280.0015,4959.147159,2,1,0,4959.147159,0,621823.3638,43.46178623,8258.401105,0.2318
31004,8.181236392,2.814003593,1103058.949,1920962.931,4.679411668,8.149135058,71.07807131,40.82018938,0,0.273748647,1.325229225,0.677108175,68999.46731,27859.63342,2.476682528,0.110413901,0.839208209,1.2426,2.081808209,Nantes,France,6668.9839,1543.9219,1327.102203,2,1,0,1327.102203,2,621823.3638,18.56818097,3605.67018,0.0525
31006,6.905476338,3.352268388,1210514.037,2429278.335,14.59863133,29.29675965,53.80832023,36.21367647,0,0.448356227,1.48148849,0.573288399,59741.54874,24889.55442,2.4002659,0.103287003,0.840351043,1.3654,2.205751043,Nantes,France,5628.0869,1612.1105,3977.451949,2,1,0,3977.451949,1,621823.3638,46.72652135,8615.330514,0.1307
31009,6.332319715,3.889555508,1664980.009,1755810.706,49.53066538,52.23274278,37.11995911,33.17796204,0,4.218657575,1.434081223,0.55509195,48781.84934,21677.24134,2.250371649,0.104232311,0.738701287,1.0427,1.781401287,Nantes,France,4619.8437,834.4733,4573.330581,2,1,0,4573.330581,1,621823.3638,47.33865918,8661.015585,0.2535
31010,6.109208768,3.325034942,3385064.851,4000523.384,7.326570521,8.658657362,57.53219793,36.17070319,0,1.048563195,1.579504392,0.60748334,49725.85929,23018.93544,2.16021542,0.179361988,0.928803653,2.0807,3.009503653,Nantes,France,10816.4171,40.9067,1400.856029,2,1,0,1400.856029,1,621823.3638,56.72477264,11669.87545,0.4434
32,3.787906894,2.237894624,2624814.255,2645572.949,45.64367912,46.00465825,45.33316428,35.57013344,0,13.49668103,1.269683762,0.640000361,47383.92054,22082.13432,2.145803474,0.181815079,1.016879932,0.783,1.799879932,Nantes,France,3449.551,793.572,9398.314169,2,1,0,9398.314169,1,621823.3638,78.35364278,12482.10897,0.237033333
33,8.510626501,0.747609228,3565356.321,7271366.731,10.92397442,22.27890204,56.92177209,35.83555986,0,0.202891569,1.474444391,0.629620141,52162.87012,23136.37093,2.254583066,0.150576671,0.894606004,1.4586,2.353206004,Nantes,France,6458.1205,1032.6138,10523.74341,2,1,0,10523.74341,1,621823.3638,30.45385725,5225.005349,0.13235
34,5.560589781,0.570850298,5592379.175,6067850.687,16.34305654,17.73256493,47.27090973,34.66406225,0,4.872977768,1.399158198,0.599945733,51931.01546,22757.62881,2.281916797,0.143499194,0.665881684,1.1006,1.766481684,Nantes,France,4870.9803,706.8917,8162.311514,2,1,0,8162.311514,1,621823.3638,49.09855545,9921.834607,0.0793375
35001,7.152018756,2.165703682,993492.6126,1287924.16,25.78793835,33.43045376,98.80893151,38.03558766,0,0.028266128,1.540032584,0.546615252,64686.672,24270.86527,2.665198429,0.195918027,1.058621814,1.229,2.287621814,Nantes,France,5118.0952,528.499,1736.757381,2,1,0,1736.757381,1,621823.3638,34.27971872,7512.928428,0.0679
35003,7.850176907,2.886782152,869957.8064,2136694.384,6.23502268,15.31377482,73.61885607,39.27809723,0,0.107887182,1.468651226,0.565601677,68156.72874,26475.86529,2.574296552,0.153632055,0.795697789,0.8617,1.657397789,Nantes,France,3916.4635,626.5671,3042.307569,2,1,0,3042.307569,2,621823.3638,39.78895923,7686.116912,0.0238
35009,9.492396289,4.711698844,1149909.025,1202976.892,27.10645482,28.35740747,69.51742264,44.11010311,0,0.087510268,1.616610632,0.640504724,63357.37368,27532.53698,2.301181825,0.238406759,1.185245552,1.2981,2.483345552,Nantes,France,5665.3019,549.4163,3282.166908,2,1,0,3282.166908,2,621823.3638,42.8496484,8123.300244,0.103
35012,10.29371058,5.39418858,402542.6673,562204.3943,9.931037697,13.87001549,77.38663901,48.03325635,0,0.033396715,1.81072761,0.822498883,70767.42748,29331.7448,2.412656593,0.230123654,0.856396471,1.4609,2.317296471,Nantes,France,6443.0972,0,3124.21203,2,1,0,3124.21203,2,621823.3638,38.97277545,7781.302101,0.0307
36001,7.777767379,4.198506058,193396.495,488477.0048,3.629303121,9.166821344,79.7750283,44.57542229,0,0.328491557,1.935963005,0.847538378,74451.01576,29358.71901,2.535908183,0.186988743,0.891266152,1.5453,2.436566152,Nantes,France,6547.2999,1357.3383,2272.479415,2,1,0,2272.479415,2,621823.3638,40.19705112,7406.350538,0.2158
36003,11.27624192,6.260518565,114783.5582,784982.3483,2.785397986,19.04879311,77.54673525,39.44841064,0,0.007999489,1.880798579,0.646537835,71733.40226,27051.79764,2.651705562,0.119262535,0.722707544,1.6073,2.330007544,Nantes,France,7409.8008,962.1333,3977.29906,2,1,0,3977.29906,2,621823.3638,46.72652135,7784.385848,0.0547
36005,6.979970153,4.962329824,215580.0028,668424.0691,6.699316846,20.77179965,92.83725547,40.94063027,0,0.262407732,2.04770482,0.737761708,77818.73646,28127.41742,2.766650607,0.143480719,0.761635221,2.1289,2.890535221,Nantes,France,9437.2232,1090.3801,2900.626552,2,1,0,2900.626552,2,621823.3638,12.03871074,3423.907481,0.0441
36007,5.320766946,4.706435061,1319032.618,2241834.809,14.36814265,24.42017119,97.99297651,39.47439482,0,1.278049696,1.773473824,0.822230532,69327.9504,26523.33718,2.613847191,0.239672424,0.964970976,1.2609,2.225870976,Nantes,France,5323.7493,1121.7535,904.8861676,2,1,0,904.8861676,2,621823.3638,37.74849978,8559.099533,0.1576
36009,5.82018966,5.150890174,792231.0634,835509.5928,23.51444784,24.79901085,99.49533183,39.01871649,0,0.785587236,1.768905941,0.629509782,70297.69157,26562.09863,2.64654132,0.234890294,1.29489254,1.4781,2.77299254,Nantes,France,6894.8243,460.2004,1373.285989,2,1,0,1373.285989,2,621823.3638,35.0959025,7507.508559,0.0971
37,9.035374876,5.15466417,732650.1778,1301325.026,16.14280869,28.67267567,62.74044616,38.34569302,0,0.00666425,1.487020787,0.616135696,60536.04222,25969.82161,2.331014943,0.191465921,0.710723469,1.5164,2.227123469,Nantes,France,6777.9406,1253.9159,9263.667972,2,1,0,9263.667972,1,621823.3638,50.84824943,8673.224633,0.08522
38001,10.28888952,0.604130408,1063337.498,1409302.441,20.92045912,27.72708963,54.51048098,40.37231132,0,0.878368414,1.443010057,0.649679426,58503.80815,25990.90092,2.250934215,0.159602479,0.799852601,1.1282,1.928052601,Nantes,France,4474.6031,1704.5834,3164.238637,2,1,0,3164.238637,1,621823.3638,54.07217536,10093.57197,0.1741
38003,10.53113272,0.419636021,1877797.682,2023230.057,18.76945826,20.22312227,54.71588345,39.56523743,0,0.623871621,1.37898522,0.611415221,58557.7343,25542.9483,2.292520567,0.146757276,0.785614773,1.3542,2.139814773,Nantes,France,5462.7355,1855.806,3353.641531,2,1,0,3353.641531,1,621823.3638,51.21553213,10480.43798,0.1523
38007,8.84246119,1.34106908,768507.0533,835333.1883,17.89890818,19.45532182,97.27580928,41.74249301,0,0.01519894,1.464918633,0.548145524,71542.25638,27727.75842,2.580167329,0.244684381,1.091234282,1.3225,2.413734282,Nantes,France,5425.4948,2275.4839,2654.078646,2,1,0,2654.078646,2,621823.3638,37.13636194,8468.543126,0.1408
38009,8.559462537,2.125094735,1113248.561,1194937.188,10.57986263,11.3561982,84.35306814,43.9897791,0,0.275460754,2.188053942,0.731090312,78148.40324,29499.01565,2.649186812,0.158930574,0.994452715,1.5025,2.496952715,Nantes,France,6748.6929,1492.8172,3140.03108,2,1,0,3140.03108,2,621823.3638,46.31842946,8581.455827,0.1126
38013,10.25463273,1.222586313,1239345.958,2275946.349,11.07961636,20.34670968,51.730842,39.26411916,0,0.26561665,1.224127598,0.596829015,64162.62437,26990.87408,2.377196981,0.110036032,0.636236205,1.2929,1.929136205,Nantes,France,5996.6789,493.629,3088.336664,2,1,0,3088.336664,2,621823.3638,38.36063761,7260.787018,0.1861
39001,7.212473075,2.230944623,1130564.975,1130564.975,30.34363997,30.34363997,81.16892546,40.22070791,0,0.038502433,1.984859251,0.698044857,67115.13331,26590.87849,2.523990824,0.187763635,0.872765755,2.0688,2.941565755,Nantes,France,8724.2846,335.5509,2140.979281,2,1,0,2140.979281,2,621823.3638,60.39759965,11955.81626,0.3118
39002,6.672427522,2.94888375,929715.4882,1111829.221,24.20498053,28.94627979,63.40339416,42.2282804,0,0.036750461,1.642503335,0.695393259,55640.82222,26049.42854,2.135970935,0.296374644,0.908914735,1.9232,2.832114735,Nantes,France,9042.5982,239.1469,2209.645964,2,1,0,2209.645964,1,621823.3638,54.07217536,10477.12958,0.5659
39004,7.195274718,2.4787942,1037502.621,1058973.694,32.95627231,33.63830099,72.72809137,39.51697686,0,0.051574115,1.970449787,0.716045991,59700.37547,25026.57572,2.385479186,0.20926223,0.820264265,1.0229,1.843164265,Nantes,France,4304.4754,1092.6092,1637.844586,2,1,0,1637.844586,1,621823.3638,63.05019693,11587.81022,0.4425
39006,7.062207846,2.919939839,1114256.639,1233665.025,27.69790856,30.6661319,78.87108011,39.93898981,0,0.026907949,1.096006608,0.398975545,59396.18789,24863.25667,2.388914239,0.20828996,0.805927904,1.1891,1.995027904,Nantes,France,5071.4645,1351.4438,1882.844637,2,1,0,1882.844637,1,621823.3638,59.58141587,11576.82132,0.4307
39008,8.305350875,2.022865545,432811.8688,998410.0457,9.014576148,20.79481649,62.96724014,35.54030226,0,0.020577356,1.738654633,0.707238835,57766.06178,23699.5922,2.437428513,0.106851172,0.754720748,1.748,2.502720748,Nantes,France,7865.0156,216.2291,5449.87991,2,1,0,5449.87991,1,621823.3638,44.6860619,9210.924711,0.1341
39009,8.809982503,0.624370094,3437388.304,4959260.425,5.71345528,8.243035162,73.7574694,33.68364527,0,0.02051268,1.850276121,0.776771505,67158.44672,24237.47042,2.770852137,0.05934716,0.417523676,1.9042,2.321723676,Nantes,France,8039.9985,1723.8591,1445.465984,2,1,0,1445.465984,1,621823.3638,56.72477264,11168.87532,0.1455
39012,10.19130762,1.853184474,642961.1762,1225674.768,14.88428692,28.37386703,72.95647712,38.99289059,0,0.004002408,1.545005668,0.652217084,62243.39668,25490.28729,2.441847594,0.159658818,0.761106171,1.914,2.675106171,Nantes,France,8884.0012,906.6471,3066.386652,2,1,0,3066.386652,1,621823.3638,37.13636194,6838.802456,0.0365
39013,10.93316133,1.597210445,1144063.783,1730026.906,10.9478174,16.55503735,75.92055702,38.08269065,0,0.000122858,1.766630383,0.661350864,64105.34724,25278.67918,2.535945284,0.140347047,0.570541167,2.0281,2.598641167,Nantes,France,9340.1082,208.4792,2962.599345,2,1,0,2962.599345,1,621823.3638,45.91033757,8706.17483,0.0287
40001,10.97015137,1.415892888,1449127.089,6436870.568,1.217897227,5.40977177,91.75090341,42.25517411,0,0.015748209,1.767963521,0.622159465,72624.56879,26778.59619,2.712037938,0.141300751,0.715471039,2.0619,2.777371039,Nantes,France,9993.5133,640.2961,3766.512073,2,1,0,3766.512073,2,621823.3638,19.38436475,4716.635462,0.0211
40003,15.98644541,6.578818863,126558.4445,598977.6681,2.953678847,13.97921471,91.27988462,40.93468759,0,1.77E-23,1.913795151,0.764309101,64211.19135,25057.30761,2.562573455,0.165533133,0.845699857,1.6505,2.496199857,Nantes,France,7167.7437,766.8452,4285.772908,2,1,0,4285.772908,1,621823.3638,5.917332398,2277.852621,0
40005,11.86121317,2.723801886,246749.0838,1009649.443,6.158157777,25.19798848,81.6000872,37.44387769,0,3.73E-07,1.527574692,0.562292122,66101.45426,25010.01368,2.642999524,0.123102637,0.831610113,1.4731,2.304710113,Nantes,France,6625.7867,1424.11,4866.691268,2,1,0,4866.691268,1,621823.3638,12.03871074,2999.110758,0
41001,7.152748927,3.2482023,441258.5038,1009885.561,7.936072483,18.16287945,64.97780161,40.48986138,0,0.864513049,1.467282638,0.661505363,56924.24838,25337.71804,2.246620958,0.18012455,0.918314891,0.7371,1.655414891,Nantes,France,2974.8389,1035.5515,2921.58894,2,1,0,2921.58894,1,621823.3638,43.05369434,8243.303133,0.1296
41003,7.544958315,2.817230418,506641.7619,676610.5991,14.38437778,19.21006755,90.82853453,42.72739321,0,0.863928511,1.604247681,0.555975277,75500.88833,28190.2728,2.678260295,0.178094467,0.69033146,1.0567,1.74703146,Nantes,France,4421.0193,920.3918,3374.399906,2,1,0,3374.399906,2,621823.3638,43.25774029,8554.847623,0.0568
41004,7.939978662,2.859731008,2083869.297,3993911.225,4.598067599,8.812584275,97.27871815,42.66849963,0,0.090649831,1.879234461,0.712275488,77580.58228,27782.29434,2.792446921,0.139419139,0.778517802,1.5471,2.325617802,Nantes,France,6810.6757,705.9391,3552.932753,2,1,0,3552.932753,2,621823.3638,27.54620254,6140.301155,0.004
42,6.670585345,0.987679534,1382241.825,1902873.629,11.86264532,16.3308001,79.44242564,41.06863939,0,1.337571406,1.64734924,0.669888293,63328.33479,26402.27864,2.398593533,0.17984708,0.82857592,1.3475,2.17607592,Nantes,France,6040.7362,602.0977,11790.517,2,1,0,11790.517,2,621823.3638,40.51769474,8394.982727,0.2425
43001,8.825204417,2.628417941,1172840.195,1479699.748,18.4577588,23.28700974,58.34498793,41.62602839,0,0.217953637,1.670566373,0.68928577,56487.06867,25726.79008,2.195651633,0.2293229,1.010383435,1.1403,2.150683435,Nantes,France,4657.0682,1864.3558,4537.021333,2,1,0,4537.021333,1,621823.3638,46.11438351,8167.687583,0.107
43003,8.787909357,2.427129847,831581.1528,1664235.318,7.410020491,14.82960234,90.45013763,43.41309259,0,0.104499194,1.446317338,0.710326136,66475.23878,26924.56091,2.46894421,0.197416641,0.810799885,1.5123,2.323099885,Nantes,France,6552.6769,691.2893,2988.829631,2,1,0,2988.829631,2,621823.3638,35.50399439,6813.884161,0.0329
43006,10.69916857,4.342044143,161019.3563,551486.5216,4.432077614,15.17973443,94.74927698,41.75774916,0,0.004144005,1.953220014,0.78146644,67027.19786,25913.95203,2.586529364,0.171157229,1.021746342,1.3875,2.409246342,Nantes,France,5877.1874,893.3272,3511.945022,2,1,0,3511.945022,1,621823.3638,15.5074918,3693.774362,0
44001,7.888600429,2.61662364,637506.7826,901158.1821,14.55310651,20.57178271,86.24408213,37.60725497,0,0.000176398,1.743260606,0.716049671,61840.17255,24354.8536,2.53913136,0.168645937,0.767919279,1.4216,2.189519279,Nantes,France,6276.2482,1008.2023,4550.166359,2,1,0,4550.166359,1,621823.3638,46.93056729,8356.660654,0.0449
44004,9.781893982,4.363883072,2594215.664,6265276.641,4.771428862,11.52345282,78.17075979,38.72169008,0,2.68E-05,1.764683631,0.668653812,59171.40249,24286.00275,2.436440574,0.1673388,0.720438929,1.7185,2.438938929,Nantes,France,7596.26,924.1425,4793.285943,2,1,0,4793.285943,1,621823.3638,36.32017817,7606.410037,0.0445
44010,10.64248908,5.55658129,402405.3177,2005101.101,2.407493841,11.99603569,97.9237374,40.86589869,0,8.48E-05,2.088546685,0.781115795,73191.37241,26812.88097,2.729709369,0.128029507,0.770370986,2.1971,2.967470986,Nantes,France,10154.816,585.2634,3321.500696,2,1,0,3321.500696,2,621823.3638,5.509240508,1301.419115,0
45,4.543831476,1.480241481,1463143.715,1563895.098,40.40664541,43.18902786,56.39043295,36.30205978,0,3.658390113,1.407295962,0.635180992,51872.67284,23292.82315,2.226980925,0.182138005,0.975451855,1.0767,2.052151855,Nantes,France,4804.144,692.0487,10695.04202,2,1,0,10695.04202,1,621823.3638,85.2912049,13240.37288,0.1715
46,6.253370779,0.656296375,2404862.183,3311484.463,16.34272463,22.50385867,62.79308074,36.03384025,0,0.374034697,1.605706434,0.667927969,54417.80445,23253.44979,2.340203494,0.148295721,0.876602412,1.3215,2.198102412,Nantes,France,5584.7413,1570.3843,11607.64942,2,1,0,11607.64942,1,621823.3638,52.87704911,9701.894467,0.117185714
47001,4.475185821,2.388484099,1181441.731,1193819,35.74761677,36.12212348,73.15883783,37.47580352,0,10.75123779,1.276378987,0.552122105,52007.23396,22960.15835,2.265107808,0.198330194,0.932879703,0.7098,1.642679703,Nantes,France,3246.6515,1079.4873,2734.052157,2,1,0,2734.052157,1,621823.3638,39.99300517,8903.318104,0.3157
47002,3.959129088,2.756997665,1113140.477,1336824.859,31.57551611,37.9205821,66.36869133,36.47833402,0,9.844695525,1.376334803,0.568689162,52356.82798,22806.11694,2.295736188,0.155383025,0.893233438,1.3975,2.290733438,Nantes,France,6217.3044,565.9982,2974.497325,2,1,0,2974.497325,1,621823.3638,50.39934835,9385.734137,0.3663
47003,5.961593548,1.320708256,1482406.314,3640452.565,6.270208718,15.39820574,78.1292528,36.3016817,0,1.396885526,1.526076599,0.603507539,58672.58852,23480.9869,2.498727535,0.159431919,0.868052643,1.1005,1.968552643,Nantes,France,4529.8564,1002.5575,3455.82594,2,1,0,3455.82594,1,621823.3638,12.44680263,3126.187919,0.1584
47007,6.23636032,0.533700763,3583686.128,5576988.676,1.447291058,2.252297091,88.53405371,37.46156683,0,1.192008532,1.205833727,0.53952235,56084.38432,22838.0305,2.455745224,0.202520269,0.891428007,1.3608,2.252228007,Nantes,France,5965.5848,1187.7584,1243.266821,2,1,0,1243.266821,1,621823.3638,35.91208628,8900.772019,0.2358
47013,4.108328866,3.929425843,3420401.306,5689439.524,1.045471372,1.739019961,53.36891969,32.30497513,0,2.073089635,0.679858325,0.542583263,51500.02942,23226.40765,2.217304983,0.092786578,0.696567522,1.029,1.725567522,Nantes,France,3860.6906,1802.3545,372.6346594,2,1,0,372.6346594,1,621823.3638,22.24100798,4945.686626,0.0673
48001,6.309161932,3.210908157,1310340.228,1317827.204,34.28196998,34.4778491,58.73828688,35.56520543,0,0.461919375,1.17225644,0.49976137,49736.14507,21288.02684,2.33634359,0.131697442,0.811803897,1.3678,2.179603897,Nantes,France,6495.0139,288.3742,3149.11337,2,1,0,3149.11337,1,621823.3638,40.605143,7747.724505,0.1661
48003,6.547108538,2.715121763,1176107.381,1214734.735,19.37024086,20.00642526,64.1959185,36.63533106,0,0.407219841,1.292884298,0.518105705,51562.72358,21903.18734,2.354119644,0.16220296,0.651521407,1.2779,1.929421407,Nantes,France,5974.3237,732.1397,1808.961823,2,1,0,1808.961823,1,621823.3638,46.31842946,9516.493104,0.1603
48005,7.889256098,3.901258753,168720.4323,657344.718,3.216915279,12.53329095,95.28509277,37.19253645,0,0.062977547,1.712064953,0.612733136,65966.10525,24691.03207,2.671662532,0.142804579,0.702469617,1.7879,2.490369617,Nantes,France,7932.2328,1001.9186,4372.169991,2,1,0,4372.169991,1,621823.3638,12.65084857,3135.77257,0
49001,11.88113533,4.838317774,1641650.893,2464391.612,12.72162695,19.09728242,72.83120034,37.41411749,0,0.005130837,1.825900071,0.847781799,59182.94722,24081.22925,2.45763813,0.151596337,0.814939326,1.7884,2.603339326,Nantes,France,7642.8136,750.5116,4520.306548,2,1,0,4520.306548,1,621823.3638,16.73176747,4035.335235,0.0183
49004,10.75765692,5.212164768,227737.803,823766.7514,3.469041597,12.54811932,90.7750272,38.97006011,0,0.003755514,1.829114963,0.809817676,66868.25151,25201.50858,2.653343204,0.137077128,0.786710115,1.8418,2.628510115,Nantes,France,7429.5586,1967.6805,3681.780035,2,1,0,3681.780035,1,621823.3638,30.60689171,5791.341372,0.0813
49011,8.209382828,1.502102867,1262902.706,4016361.465,2.917005564,9.276841905,98.28568644,39.99570816,0,0.008159793,1.887378576,0.640375062,64817.1737,24698.44638,2.624342143,0.140623819,0.940013875,2.0962,3.036213875,Nantes,France,9050.4953,1501.9224,5278.43685,2,1,0,5278.43685,1,621823.3638,8.365883735,2750.169808,0
50001,13.46780321,4.686392985,90351.17519,537537.2652,1.986023811,11.81569366,97.37179003,38.1820959,0,0.009349453,1.79812998,0.838174489,65806.94611,24387.8544,2.698349146,0.126442151,0.572918603,1.8492,2.422118603,Nantes,France,8011.6899,1267.2638,3080.198707,2,1,0,3080.198707,1,621823.3638,8.569929679,2423.279839,0
50005,15.59274755,6.739845435,82818.99271,780984.5553,1.810629468,17.07426767,84.11118511,36.74244554,0,0.070375743,1.298752629,0.488651911,56303.41277,22560.47494,2.495666111,0.147664295,0.693732673,1.4079,2.101632673,Nantes,France,6361.3205,1071.0417,5716.100392,2,1,0,5716.100392,1,621823.3638,5.305194563,2179.074795,0
50009,12.94988022,5.252446163,540219.5312,2220149.442,4.402041929,18.09114697,88.50910963,38.89812707,0,0.005488555,2.155860424,0.730096761,59854.1377,24038.30853,2.489947978,0.137611442,0.550804094,1.9523,2.503104094,Nantes,France,8712.7422,657.5711,2956.099018,2,1,0,2956.099018,1,621823.3638,11.01848102,2750.759909,0.0053
51001,9.785775856,1.681548458,717768.5254,1076028.863,9.939401012,14.90046162,83.01730328,36.34743446,0,0.484091361,1.582508547,0.763208277,55447.05049,23012.55355,2.409426246,0.18274967,0.948696213,1.0605,2.009196213,Nantes,France,4835.8782,228.2138,2060.432152,2,1,0,2060.432152,1,621823.3638,44.07392407,8283.391428,0.0968
51003,9.598503586,0.80627908,892120.1269,1329066.94,26.95671161,40.15969727,84.35719575,34.3731547,0,0.55174851,1.504992438,0.568972661,56950.2555,22905.12165,2.48635464,0.144713712,0.992019129,1.9457,2.937719129,Nantes,France,8729.5203,687.6962,4211.494353,2,1,0,4211.494353,1,621823.3638,42.44155651,7621.954053,0.1111
51005,12.0688665,3.088027225,355544.109,1174678.61,7.071632124,23.36389434,89.43818866,34.80053569,0,0.394822665,1.514241007,0.473616709,57615.17588,22408.54304,2.571125476,0.132183823,0.804013597,2.0028,2.806813597,Nantes,France,8385.316,1880.5065,2038.695845,2,1,0,2038.695845,1,621823.3638,20.81268636,4320.840198,0.0185
51007,11.94967122,2.911834673,153455.5687,566729.1086,4.481553359,16.55089328,89.67548347,36.01025253,0,0.227967372,1.731640928,0.70365804,59480.09436,23307.85523,2.551933405,0.145385434,0.823503639,2.1664,2.989903639,Nantes,France,9571.4968,672.3659,3927.736272,2,1,0,3927.736272,1,621823.3638,20.40459447,5466.743043,0.0024
52,10.51705511,2.375388504,1609449.454,2530346.861,18.18318899,28.58727565,74.5203058,35.5304748,0,0.557527648,1.524008881,0.650318849,55208.92655,22928.8268,2.407839138,0.165695346,0.86221184,1.6868,2.54901184,Nantes,France,7724.5198,604.8495,16018.44763,2,1,0,16018.44763,1,621823.3638,37.79951126,6694.694319,0.0915
53001,13.56364801,5.496628765,70816.24764,964230.2843,1.837966758,25.02565822,79.75928147,34.20922582,0,0.037184352,1.853974735,0.787858839,63653.80088,23675.48652,2.688595262,0.111132529,0.699985449,2.3021,3.002085449,Nantes,France,10514.2546,1548.7187,3165.732301,2,1,0,3165.732301,1,621823.3638,10.61038913,3324.916835,0.005
53003,11.53258709,5.474018463,90217.44135,622552.6315,1.23895947,8.549538394,92.65163836,39.41955394,0,0.030695975,1.873909401,0.732034317,66524.24875,25111.28813,2.649177072,0.161629385,0.862722541,2.4448,3.307522541,Nantes,France,10336.7912,1041.7554,1924.450698,2,1,0,1924.450698,1,621823.3638,8.365883735,3060.686519,0
53004,8.593696143,3.248116454,805730.6449,2391401.867,1.281355,3.803051005,95.46608641,43.41064008,0,0.00183936,2.21795061,0.607017119,71850.29245,26980.20133,2.663074733,0.171779698,0.924193008,2.3942,3.318393008,Nantes,France,11414.0114,870.5037,903.7321737,2,1,0,903.7321737,2,621823.3638,9.590159403,3469.843732,0.0526
53006,8.12175279,3.487135518,407221.0198,2414655.337,3.28799171,19.49645609,74.97976902,38.60641904,0,0.029106062,1.776536861,0.689813473,66911.79718,25609.25933,2.612797048,0.135815873,0.521415712,1.2862,1.807615712,Nantes,France,5038.1024,1464.4524,4700.14842,2,1,0,4700.14842,1,621823.3638,8.365883735,2365.826826,0
53010,6.51874301,1.219051599,880569.9032,2556368.047,2.615312443,7.592470669,66.05386256,37.24185861,0,0.569099969,1.937520927,0.714266836,59192.18733,24387.28188,2.427174444,0.143297806,0.744249487,1.17,1.914249487,Nantes,France,5136.5206,555.848,2820.139642,2,1,0,2820.139642,1,621823.3638,46.5224754,8671.196458,0.2399
53018,10.58480225,5.771186384,346253.1731,1848204.244,1.693608862,9.040018485,81.69421048,47.01964112,0,0.010341934,1.997214415,0.728511296,72149.06324,28605.81236,2.522181938,0.205895993,0.748660657,1.2694,2.018060657,Nantes,France,5875.5101,1165.988,2267.670869,2,1,0,2267.670869,2,621823.3638,36.932316,6863.678921,0.1514
1,0.379563267,2.734964561,15407078.97,15407078.97,148.5913038,148.5913038,5.744192504,39.02916788,0,7.831384377,0.552607211,0.363033077,32753.10322,19762.89296,1.657303072,0.2110506,0.66181943,0.3553,1.01711943,Nimes,France,1328.2705,498.2188,4865.960822,1,1,0,4865.960822,1,148569.5,160.6861815,20641.83094,0.016225
2,0.717845329,2.283993015,8623265.276,8623340.787,126.2757967,126.2769025,6.358348818,35.84626068,0,10.42455502,0.631710789,0.382776208,31387.07026,18394.72114,1.706308566,0.211733389,0.65009359,0.4416,1.09169359,Nimes,France,1976.2508,251.4053,10183.92128,1,1,0,10183.92128,0,148569.5,148.1373559,18965.02922,0.001416667
3,0.744489941,2.502843388,10604928.93,10995274.8,106.0559507,109.9596546,8.102253336,37.6920955,0,14.20745312,0.677611616,0.407956932,34366.54674,19815.02043,1.734368474,0.233315212,0.663698458,0.4623,1.125998458,Nimes,France,2009.6678,316.2968,11002.88907,1,1,0,11002.88907,1,148569.5,153.7741251,20158.84394,0.0180125
4,0.977206663,1.92419466,6136149.033,6166422.771,91.01755567,91.46660631,12.63396314,39.10463453,0,12.35853868,0.899615575,0.53642732,36788.85221,20897.78126,1.760419049,0.260675202,0.647911738,0.6347,1.282611738,Nimes,France,2918.3959,247.102,5673.250995,1,1,0,5673.250995,1,148569.5,132.7658947,18318.24258,0.026566667
5,1.4364052,1.446644786,2387935.304,2399818.614,36.93013148,37.11391041,26.44536877,38.12237227,0,6.983815138,1.085757403,0.555110395,42858.14292,20895.25658,2.05109436,0.24991357,0.868181693,0.6432,1.511381693,Nimes,France,2936.3052,217.3922,10905.15666,1,1,0,10905.15666,1,148569.5,94.91051373,15607.29805,0.0226
6001,2.26958076,2.517832939,745327.2267,748523.513,11.33276507,11.38136488,80.34718102,46.90765165,0,0.570479253,1.454654728,0.727449379,62355.2944,27315.3931,2.282789567,0.284649597,0.873460179,1.1871,2.060560179,Nimes,France,5357.8775,47.7616,3077.378263,1,1,0,3077.378263,2,148569.5,44.89010784,9923.73453,0
6005,1.575127294,3.332368305,535912.894,825581.3201,7.707231377,11.8730979,64.30953665,43.90047692,0,0.258438739,1.607937092,0.730846909,56518.32483,25909.66474,2.181360716,0.258514912,0.946538127,0.9551,1.901638127,Nimes,France,4436.702,0,1894.644861,1,1,0,1894.644861,1,148569.5,16.73176747,5604.659942,0
6009,2.364993956,3.858964837,497250.7025,643856.7868,6.679311664,8.648595415,87.07062679,47.67845192,0,0.352638682,1.874824671,0.776936078,64927.37208,27548.67867,2.356823456,0.268110867,0.650719358,1.1933,1.844019358,Nimes,France,5271.5276,209.0429,3034.878067,1,1,0,3034.878067,2,148569.5,20.60864042,6451.311861,0
6011,0.532272835,3.023393225,2223340.11,2249969.881,31.70006529,32.07974876,42.01270364,43.13373061,0,1.404118199,1.087669438,0.47498047,47138.82432,23991.10492,1.964845908,0.243828366,1.000302918,0.6689,1.669202918,Nimes,France,2985.6523,14.4562,1862.24357,1,1,0,1862.24357,1,148569.5,104.6755697,14631.4087,0.0036
7,1.53987073,1.815683416,2977826.115,3317760.86,23.74514996,26.45578556,37.04025573,38.03746148,0,4.590590021,1.034026493,0.539765773,43367.47794,21493.31005,2.017719832,0.228452899,0.906763496,0.7919,1.698663496,Nimes,France,3519.6831,582.1675,5094.264063,1,1,0,5094.264063,1,148569.5,98.670789,14691.69405,0
8,2.670684987,0.470750617,4026132.548,4039151.794,107.8163981,108.1650424,23.39845813,30.47444536,0,10.525949,0.662209622,0.268171156,36313.43872,15592.48904,2.328905836,0.200685781,0.718759484,0.4218,1.140559484,Nimes,France,1684.9802,779.9326,5488.536567,1,1,0,5488.536567,0,148569.5,76.38119865,12351.93616,0
9,1.861281346,1.257486987,3558053.6,3611182.706,72.12838394,73.20541002,25.97417919,32.56431278,0,8.679286593,0.96298185,0.482060799,37242.90181,17510.62954,2.12687395,0.201724109,0.768921113,0.4092,1.178121113,Nimes,France,1781.9913,292.5133,9504.462144,1,1,0,9504.462144,0,148569.5,116.5918528,16897.97587,0
10,1.908012288,2.08535824,2501276.521,2904845.145,35.6685004,41.42343693,34.62578483,34.0115993,0,4.535445099,0.96747753,0.408633812,42589.10564,19497.22041,2.184368066,0.187416746,0.677253866,0.3565,1.033753866,Nimes,France,1552.3043,156.0221,6495.075991,1,1,0,6495.075991,0,148569.5,84.37299815,13798.3642,0.0031
11,1.785776082,2.435652911,4710198.183,4882927.668,64.35197676,66.7118528,13.73110264,33.78907568,0,10.47857621,0.965365161,0.490068868,37125.00565,18995.68235,1.954391791,0.200320809,0.652216106,0.5195,1.171716106,Nimes,France,2229.5892,230.5138,6823.342746,1,1,0,6823.342746,0,148569.5,101.9821632,16489.53816,0.03326
12,2.49058103,0.351973722,9509803.163,9509803.163,127.8585862,127.8585862,9.990260179,26.18099085,0,9.497428624,0.836054786,0.288763135,37520.31513,13139.31383,2.855576448,0.141499304,0.510340363,0.3586,0.868940363,Nimes,France,1419.8762,686.4756,7989.668019,1,1,0,7989.668019,0,148569.5,69.68169013,13945.09879,0.01675
13,2.546252174,1.07033653,5088010.721,5258405.475,67.06311234,69.30902005,26.64387877,26.04973055,0,8.581596301,0.828424863,0.27199544,43486.10407,13967.72653,3.113327282,0.130821075,0.504040739,0.4592,0.963240739,Nimes,France,1868.1547,806.2352,3472.645013,1,1,0,3472.645013,0,148569.5,51.48759339,11366.51375,0
14,4.111315574,1.297830092,5888579.421,6634267.492,10.57914859,11.91881718,48.35566614,33.08036687,0,4.241645097,1.395312504,0.600294927,45134.35108,17556.17606,2.570853182,0.173655541,0.607652909,0.7842,1.391852909,Nimes,France,3616.5227,332.53,5538.037016,1,1,0,5538.037016,0,148569.5,39.27884436,8614.9203,0.01228
15,3.770723093,3.31666848,669531.2835,1013766.515,13.77100515,20.85127946,70.1943605,40.72334094,0,0.299923715,1.457811788,0.640984145,56515.10157,24748.48407,2.283578316,0.219256829,0.76496735,1.0525,1.81746735,Nimes,France,4976.2637,364.0399,3923.642757,1,1,0,3923.642757,1,148569.5,30.86194914,7559.383874,0
16001,3.912400749,2.178012318,378242.2542,660704.1288,7.258165326,12.67838203,77.10822179,41.86994316,0,1.179981459,1.809175168,0.727833822,61285.71452,24307.3455,2.521283721,0.209684918,0.715152642,1.1067,1.821852642,Nimes,France,5189.7347,227.2556,4335.783906,1,1,0,4335.783906,1,148569.5,40.80918895,9221.456747,0
16006,5.721816974,4.894247968,291240.4256,476247.52,11.78432861,19.27018635,99.20625691,48.96514679,0,0.199109503,1,0.5,76092.3127,27053.53592,2.812656834,0.160851175,0.753115263,0.7091,1.462215263,Nimes,France,4016.587,0,242.5916995,1,1,0,242.5916995,2,148569.5,3.468781061,1703.900761,0
16007,3.715982398,5.364401043,45986.25447,499768.2173,0.932077268,10.12960502,92.81111381,42.58327273,0,0.014850952,1.859639388,0.689090615,67551.29569,26218.5442,2.576470119,0.162014135,0.694894678,1.7462,2.441094678,Nimes,France,8155.3349,196.3065,5724.960656,1,1,0,5724.960656,2,148569.5,7.345654011,2077.233628,0
17,2.848893568,2.331912932,459739.9258,673020.6361,8.244576835,12.06936799,60.41521343,39.27390017,0,1.257784294,1.613586109,0.701427404,53815.5905,22784.42853,2.361946029,0.219005673,0.749273099,1.1278,1.877073099,Nimes,France,5120.7593,220.7002,6916.903565,1,1,0,6916.903565,1,148569.5,30.81093766,7228.158665,0
18,4.096444507,1.994165782,813707.989,1619075.281,18.73259236,37.27317127,46.68804791,32.43742696,0,2.821106855,1.186067139,0.482098689,44937.85729,17975.68108,2.499925154,0.1813087,0.692157887,1.1139,1.806057887,Nimes,France,5137.6149,836.0302,6411.250799,1,1,0,6411.250799,0,148569.5,25.22007877,5678.105627,0
19,4.356668783,1.361398159,1519421.783,2852007.785,7.186316178,13.4889666,52.5206528,32.36639857,0,2.567710411,1.48757075,0.585513957,44423.85414,17911.71904,2.480155815,0.188175538,0.549988027,1.0159,1.565888027,Nimes,France,4668.8211,366.2314,7176.433898,1,1,0,7176.433898,0,148569.5,33.19147368,6635.680934,0
20001,2.192067305,1.349609747,3730848.511,4016992.031,67.10693661,72.25381273,14.52251713,32.72680866,0,11.13392131,1.038478943,0.560951686,37139.31533,17677.78618,2.100903075,0.195249404,0.548680928,0.4974,1.046080928,Nimes,France,2240.148,106.8222,2322.109813,1,1,0,2322.109813,0,148569.5,84.67906707,15676.94278,0.0257
20002,2.608965477,0.852323917,8051940.706,8445004.145,4.805272754,5.03984689,17.36807069,31.91151846,0,7.176882359,1.039594569,0.513344127,38470.52614,16592.2101,2.318589621,0.193490486,0.754086653,0.54,1.294086653,Nimes,France,2381.9002,0,172.7669391,1,1,0,172.7669391,0,148569.5,68.76348338,14103.67733,0.0449
20003,2.615062478,1.922574787,5998701.301,6240302.458,12.92870359,13.44941459,17.15494113,33.33910512,0,4.328617683,1.083841728,0.675877651,36408.22629,19048.04096,1.911389542,0.187968366,0.593064147,0.6403,1.233364147,Nimes,France,2640.5758,220.711,1969.700856,1,1,0,1969.700856,0,148569.5,73.04844822,13507.21941,0.0414
20007,4.267697276,3.416287384,427100.5692,2236300.119,1.729619162,9.056292164,76.36404314,39.95467525,0,0.384448739,2.087881925,0.945429745,54030.6423,22628.94272,2.387678601,0.232397254,0.888330075,1.5864,2.474730075,Nimes,France,7248.2378,0,6466.999976,1,1,0,6466.999976,1,148569.5,16.93581341,4026.292939,0
75101,0.981636937,1.323038601,22717266.06,24996722.53,91.73236607,100.9368159,1.659304458,32.05051528,0,172.9635737,0.213574991,0.128204939,69814.66187,38537.74087,1.811591969,0.168221985,0.9471702,0.1078,1.0549702,Paris,France,265.8859,2452.408,16767.43679,3,1,0,16767.43679,3,7127148.101,86.51548057,14095.07679,0.4905
75102,1.411924915,0.90607323,23934200.79,23934200.79,232.8464479,232.8464479,1.419478635,29.81964003,0,157.2865125,0.42289699,0.305017568,67274.27026,36770.88224,1.829552792,0.140847661,0.505577327,0.3192,0.824777327,Paris,France,1203.5803,3150.9639,23152.67464,3,1,0,23152.67464,3,7127148.101,87.94380219,14391.97731,0.4875
75103,1.089557599,2.299082386,18589492.95,18589492.95,286.4668324,286.4668324,1.366985736,30.09510489,0,126.7555847,0.365408972,0.215168084,67353.89751,36598.79785,1.84033087,0.155377958,0.806003386,0.236,1.042003386,Paris,France,1013.2674,2080.2073,33575.78208,3,1,0,33575.78208,3,7127148.101,81.00624006,14264.22741,0.5929
75104,0.530286913,2.622545083,16756676.9,19646182.28,157.3528094,184.4865777,1.631472303,32.03725663,0,146.2039248,0.598420938,0.310946879,70439.88498,38270.13666,1.840596641,0.189391772,1.015276601,0.2693,1.284576601,Paris,France,1217.538,2476.2559,25495.83221,3,1,0,25495.83221,3,7127148.101,84.67906707,13885.7736,0.493
75105,1.295425306,3.438188244,17825659.73,18252211.55,190.8000348,195.3657061,1.602150094,30.89056655,0,100.3603574,0.33503262,0.189038292,70196.17282,37760.3911,1.85898956,0.220365202,0.991330181,0.2742,1.265530181,Paris,France,970.6565,2431.2525,48034.07462,3,1,0,48034.07462,3,7127148.101,91.41258325,13655.6208,0.4193
75106,1.407177252,2.657576896,16103230.48,16386495.35,175.2243885,178.306684,3.317057376,37.0570844,0,130.4800294,0.366808937,0.19711976,82004.22218,43942.23593,1.866182283,0.249850102,1.323532466,0.2372,1.560732466,Paris,France,845.956,2647.522,37437.22018,3,1,0,37437.22018,4,7127148.101,94.06518053,15318.86704,0.3703
75107,2.533929368,2.351291928,13435931.7,14148352.07,114.007846,120.0529432,4.554424098,39.12049546,0,105.5230387,0.603545212,0.358513978,89352.02954,46070.20608,1.93947536,0.229179263,1.376293618,0.1591,1.535393618,Paris,France,558.0042,1322.1071,46712.68581,3,1,0,46712.68581,4,7127148.101,82.02646979,14202.1046,0.2218
75108,3.201522586,1.429533218,20095572.93,20974128.6,117.6640729,122.8082128,4.963587369,36.64314649,0,141.7759176,0.675304219,0.329236944,89788.77457,44220.47497,2.030479651,0.166931164,1.441727617,0.2621,1.703827617,Paris,France,1047.9302,2291.4257,45077.81559,3,1,0,45077.81559,4,7127148.101,93.0449508,16527.68337,0.0823
75109,2.389952468,0.494150921,21648544.11,21653405.72,264.9499837,265.0094835,2.34458314,29.636963,0,148.888056,0.497191974,0.262824708,70784.23862,36901.12132,1.918213758,0.137844683,0.972448936,0.2024,1.174848936,Paris,France,657.2937,2229.756,56972.56607,3,1,0,56972.56607,3,7127148.101,110.796948,17309.39909,0.3719
75110,2.361975025,2.064567406,19355161.13,21518930.73,328.482271,365.2042567,1.086143146,26.07153224,0,120.3945908,0.338712957,0.178483521,59642.80603,29715.07746,2.007156337,0.136416503,0.708471796,0.1975,0.905971796,Paris,France,747.7499,2713.2767,94563.94728,3,1,0,94563.94728,2,7127148.101,87.33166435,15125.94119,0.467
75111,2.303517296,3.819351041,15662632.56,15662632.56,395.9391844,395.9391844,0.614538561,26.42532553,0,100.0377556,0.375248138,0.214753079,57052.13312,30482.19047,1.871654636,0.158533849,0.69181991,0.2382,0.93001991,Paris,France,853.2399,2247.3813,144589.6931,3,1,0,144589.6931,2,7127148.101,96.92182376,16197.14832,0.3796
75112,3.873687136,3.027604446,5686070.77,6088281.098,83.94661744,89.88467166,0.849084926,27.5844907,0,42.70003617,0.543435869,0.296791043,62245.02252,31378.49149,1.983684351,0.174483467,0.857299565,0.2848,1.142099565,Paris,France,998.7065,2867.2283,140167.7295,3,1,0,140167.7295,2,7127148.101,67.53920771,12742.84167,0.2814
75113,3.18722492,5.28338956,21687195.48,23304205.14,225.7254842,242.555705,1.198048452,27.12481813,0,77.48977557,0.566852525,0.293929838,57662.46041,28050.41767,2.055672079,0.187077419,0.812652834,0.2481,1.060752834,Paris,France,779.7114,2687.9893,161270.3681,3,1,0,161270.3681,2,7127148.101,75.90509145,13925.08163,0.2483
75114,3.321215583,3.130475306,12081372.39,12259823.56,228.8372336,232.2173357,1.629882939,28.89482097,0,76.54661696,0.560759846,0.31066795,63106.58524,32558.85723,1.938230964,0.196438777,0.957658505,0.3113,1.268958505,Paris,France,1111.7854,2757.9326,130425.7345,3,1,0,130425.7345,2,7127148.101,88.14784813,15283.1994,0.2524
75115,4.441116471,1.012444912,17075863.21,18013542.26,247.1750781,260.74809,1.618653454,29.67774381,0,76.11441148,0.563187403,0.310983045,68643.72151,35554.65646,1.930653488,0.191855558,0.952859642,0.2414,1.194259642,Paris,France,884.9022,2481.9571,210566.3727,3,1,0,210566.3727,3,7127148.101,92.84090486,15483.20584,0.205
75116,5.409290149,0.445614401,7012283.245,7348866.834,96.9016604,101.5528571,7.727285005,39.62589528,0,42.71384748,0.734038427,0.375364612,92675.19742,44160.00607,2.098622841,0.222436241,1.765349339,0.3628,2.128149339,Paris,France,1503.772,1819.0364,159984.9888,3,1,0,159984.9888,4,7127148.101,81.82242384,15183.99634,0.1511
75117,4.587459295,2.437501229,14173992.46,14771204.62,282.6116985,294.5193627,3.061143174,30.41208829,0,73.2980814,0.516343392,0.276636139,75874.8113,36787.87611,2.062495021,0.164623722,1.098395144,0.2669,1.365295144,Paris,France,915.0226,2291.5534,159682.0073,3,1,0,159682.0073,3,7127148.101,99.77846698,17527.80824,0.1462
75118,4.025275631,2.463611531,14364110.44,15951631.42,291.037184,323.2026035,1.057693847,24.88410109,0,79.73479513,0.366926621,0.198791276,54672.89711,27815.80031,1.965533852,0.141760217,0.761953659,0.2561,1.018053659,Paris,France,999.8919,2675.9652,176419.7543,3,1,0,176419.7543,2,7127148.101,93.24899675,16535.11656,0.3887
75119,4.338722319,2.929613476,12443354.72,13250316.23,259.8823238,276.7359005,1.111662384,24.48701566,0,55.39860708,0.446957241,0.205726367,54427.91944,24229.31092,2.246366792,0.143733462,0.66416786,0.2415,0.90566786,Paris,France,863.7663,2760.6661,178193.1802,3,1,0,178193.1802,1,7127148.101,64.88661043,13097.64369,0.2634
75120,3.915872344,2.528884783,10656174.84,10668753.18,304.2807417,304.6399089,1.733159702,25.49179081,0,58.0436529,0.453121027,0.224285374,54108.18396,25914.45097,2.087954092,0.154557803,0.813145895,0.2229,1.036045895,Paris,France,818.7019,2746.759,181216.6869,3,1,0,181216.6869,1,7127148.101,89.16807785,15485.45892,0.2998
91027,16.87761097,5.94944244,2386922.629,2678520.834,39.32705302,44.1314392,32.64051422,27.09003563,0,5.855576817,1.325590806,0.501721391,57999.63493,22877.25031,2.535253762,0.129334314,0.796619988,0.7415,1.538119988,Paris,France,3526.0747,1958.545,32288.13738,3,1,0,32288.13738,1,7127148.101,59.98950776,11083.61799,0.0232
91326,18.56882151,7.570237042,3028543.321,3347687.909,77.2542709,85.39524163,31.49643773,29.43821055,0,15.88256865,1.168209508,0.521529521,57321.98538,25332.40997,2.262792425,0.139732914,0.874851389,0.6319,1.506751389,Paris,France,2564.1488,3657.2321,18210.40951,3,1,0,18210.40951,1,7127148.101,74.88486172,13946.53033,0.0035
91432,17.29607536,6.610843674,3176809.675,3942692.957,48.14173866,59.74802188,48.00279824,29.91347242,0,2.058667924,1.409216366,0.670283236,62603.3473,24754.70324,2.528947598,0.150531872,0.790650862,1.07,1.860650862,Paris,France,4502.958,1600.6906,24119.95769,3,1,0,24119.95769,1,7127148.101,51.41957808,11091.30746,0.0442
91479,14.35322259,3.381488825,6475232.29,6668749.276,13.3428673,13.74162851,59.74914921,28.80089443,0,7.465149358,1.585060147,0.54757288,61353.84057,23885.11661,2.568705925,0.184992064,0.922360307,0.3694,1.291760307,Paris,France,1830.1722,69.8957,8400.841251,3,1,0,8400.841251,1,7127148.101,19.5884107,4735.518486,0
91589,19.33732106,8.458600333,1956387.644,1992044.503,70.59491479,71.88156825,51.77405057,30.0879009,0,5.54754327,1.230350166,0.539298046,63055.92755,25300.41529,2.492288242,0.153360301,0.943444339,0.8669,1.810344339,Paris,France,3883.9696,3421.3755,48597.45876,3,1,0,48597.45876,1,7127148.101,82.23051573,15874.75491,0
91687,20.85793432,9.858602173,2578753.946,2800097.168,82.3118312,89.37693562,29.83069982,26.68742624,0,6.960128,1.027270433,0.417783456,55859.01967,20756.09182,2.691210857,0.130657137,0.834238508,0.6845,1.518738508,Paris,France,3100.2531,2023.979,49440.84638,3,1,0,49440.84638,1,7127148.101,55.70454292,10959.12568,0
92002,12.51425108,4.64667055,3365521.056,3442119.069,95.95997235,98.14398579,28.81004078,31.89819143,0,12.62117221,1.156499188,0.505081925,72224.41741,29799.10009,2.42371136,0.167615563,0.932163958,0.6083,1.540463958,Paris,France,2582.51,2631.2056,92529.62559,3,1,0,92529.62559,2,7127148.101,77.12936711,13446.00909,0.0544
92004,7.991946103,0.27414619,6225885.902,6801025.616,180.6572736,197.3461713,9.618592692,26.28934132,0,21.65325508,0.921244834,0.415666892,66047.00473,28295.17859,2.334214097,0.123451652,0.772894249,0.4239,1.196794249,Paris,France,1732.2898,1841.4885,92126.86253,3,1,0,92126.86253,2,7127148.101,109.9807642,18782.73916,0.1113
92007,7.06371441,4.404712151,4497529.666,4844817.068,89.09920733,95.9792136,9.645581081,25.85298811,0,18.57784616,0.830887201,0.352671361,54672.07679,22644.84129,2.414328106,0.130791642,0.792563713,0.2813,1.073863713,Paris,France,1027.7815,2048.1604,39266.08782,3,1,0,39266.08782,1,7127148.101,46.5224754,9362.018285,0.0031
92009,8.782144527,1.249170132,5252276.232,5535687.501,140.4810157,148.0613297,19.89643928,28.68120669,0,14.42427592,0.783731977,0.406105026,74605.25355,32227.58448,2.314950213,0.133301712,0.907470541,0.2623,1.169770541,Paris,France,1148.8617,2371.1928,27220.91847,3,1,0,27220.91847,2,7127148.101,122.8356587,17767.77627,0.002
92012,8.2828556,3.15310402,10419742.47,11445991.96,187.4720645,205.9363511,3.34064309,29.60601879,0,33.50749422,0.920002092,0.459879479,75493.14487,35661.35957,2.116945225,0.169868658,0.885676713,0.3969,1.282576713,Paris,France,1700.8054,1909.2184,117105.9084,3,1,0,117105.9084,3,7127148.101,70.59989688,15016.05979,0.0184
92014,8.689357632,4.322076854,4941206.698,5011696.715,110.8304919,112.4115719,21.1625441,31.884915,0,23.0742688,0.738455505,0.270424487,75348.60058,32528.57747,2.316381669,0.178947603,0.976654307,0.2469,1.223554307,Paris,France,999.2393,1470.8423,16136.19346,3,1,0,16136.19346,2,7127148.101,63.25424287,12948.67057,0.2043
92019,11.48862616,7.173653744,2328375.801,2353987.24,49.8415136,50.38975537,13.95165098,30.97012004,0,6.39541431,1.233870821,0.467886727,66623.99524,28746.5935,2.317630965,0.153671132,0.885913602,0.6887,1.574613602,Paris,France,3039.4527,1547.1049,33441.9003,3,1,0,33441.9003,2,7127148.101,43.46178623,9232.399527,0.0456
92020,7.380168216,3.472567003,6954691.678,7103566.015,130.4038058,133.195271,14.07061286,28.81645774,0,12.98688167,1.083918584,0.481394435,67160.95388,29807.6832,2.253142367,0.136241952,0.821819068,0.6442,1.466019068,Paris,France,2817.6936,1177.833,36297.66868,3,1,0,36297.66868,2,7127148.101,68.35539149,12459.48368,0.034
92022,12.81422692,7.445366409,2120368.529,4012571.655,81.61317108,154.4442357,28.7378828,31.21957118,0,4.76696285,1.668178204,0.546820495,82609.13541,34337.03719,2.405831783,0.157159099,0.923611809,0.5167,1.440311809,Paris,France,2029.4123,2930.0161,29488.93371,3,1,0,29488.93371,3,7127148.101,39.38086734,7963.444938,0.017
92023,9.635058831,4.749811597,3174957.306,3209530.275,62.77359099,63.4571496,25.59392935,29.6254079,0,12.18133428,1.062313693,0.489487715,73442.033,30362.89143,2.418808932,0.154596728,0.901849803,0.4139,1.315749803,Paris,France,1673.1334,1897.5465,54944.35179,3,1,0,54944.35179,2,7127148.101,42.03346462,8526.021033,0.3105
92024,6.064047432,1.52704931,9926248.559,11270063.78,194.6320249,220.9813024,1.133764835,23.12541269,0,29.84456562,0.690853537,0.312662575,51712.43572,23027.01,2.245729503,0.127355639,0.651754776,0.3499,1.001654776,Paris,France,1397.7245,1802.1495,56643.11352,3,1,0,56643.11352,1,7127148.101,74.47676983,13108.19103,0.0652
92025,10.51860053,2.973949289,4847838.038,5092467.176,112.4108124,118.0832297,20.83651694,26.7796764,0,19.03108291,1.088048926,0.427393661,64018.05418,25293.58806,2.53099932,0.130441172,0.827592739,0.4354,1.262992739,Paris,France,1763.4555,1526.4739,86511.34288,3,1,0,86511.34288,1,7127148.101,91.41258325,14578.39389,0.0138
92026,8.396585461,0.32222349,14893514.72,15985543.65,202.2816081,217.1133904,4.325687203,28.71660797,0,31.53438806,0.772443446,0.372423505,71707.81173,32456.9857,2.209318278,0.136005899,0.780967146,0.2736,1.054567146,Paris,France,1083.8093,2261.1584,86680.9973,3,1,0,86680.9973,2,7127148.101,83.25074546,16062.76713,0.0392
92032,8.675426295,4.824223142,4250256.178,4287301.711,86.60895469,87.36384447,15.89586936,30.18339587,0,11.35763229,0.917437209,0.424229069,67948.5377,29266.7246,2.321699426,0.160454433,0.871369333,0.2927,1.164069333,Paris,France,1241.6639,1600.837,22362.66132,3,1,0,22362.66132,2,7127148.101,60.1935537,12223.50658,0.0869
92033,11.77831012,5.032338615,2552384.059,2565947.373,66.78663335,67.14153609,27.25444519,35.9855279,0,2.641727791,1.174095901,0.519279465,95221.27309,38710.8814,2.459806381,0.175189967,1.055461265,0.5541,1.609561265,Paris,France,2645.1629,1789.5432,16291.88558,3,1,0,16291.88558,3,7127148.101,35.70804033,7651.145274,0
92035,9.491917983,1.365911057,5965382.26,5996600.29,159.081259,159.9137628,15.61155814,28.82177305,0,16.55587046,0.884709462,0.401102908,75761.53874,33247.73209,2.278697944,0.125698365,0.828512518,0.536,1.364512518,Paris,France,2017.527,2515.2431,26891.5343,3,1,0,26891.5343,3,7127148.101,88.96403191,15457.14571,0.0299
92036,9.34095347,2.122069738,7633962.006,8665044.832,38.05952069,43.20003856,8.842079439,23.25701399,0,15.73580352,0.777423426,0.299318777,53306.33994,20180.59834,2.641464789,0.126296683,0.624025833,0.4031,1.027125833,Paris,France,1545.9918,2836.6862,45329.56077,3,1,0,45329.56077,1,7127148.101,60.80569153,13337.37666,0.0545
92040,6.914831687,1.556662135,9814415.323,10592134.67,157.5555128,170.0406142,7.70059624,28.44520899,0,31.52058164,0.788008932,0.376726839,73155.62111,33228.23062,2.201610491,0.133462614,0.767035846,0.3416,1.108635846,Paris,France,1403.562,2073.2453,64899.60754,3,1,0,64899.60754,3,7127148.101,63.25424287,12747.06011,0.2104
92044,6.223515237,2.274051657,12951286.89,14075769.9,258.0312858,280.4346038,1.824305173,28.15907009,0,34.87138095,0.796046468,0.367870486,77759.17062,35537.78853,2.188070047,0.145066654,0.787713659,0.2825,1.070213659,Paris,France,1154.898,1676.6153,61845.90652,3,1,0,61845.90652,3,7127148.101,79.7819644,15613.08476,0.0325
92046,5.69954542,2.182699656,6981542.687,7074999.567,139.3988407,141.2648725,9.567358682,27.38123864,0,36.88687794,0.801175657,0.345582373,59228.38492,27867.08494,2.125388609,0.158197175,0.856247284,0.3102,1.166447284,Paris,France,1232.2902,1677.7223,29727.58115,3,1,0,29727.58115,2,7127148.101,90.39235352,15560.34847,0.2765
92048,10.3728234,5.069050816,2211735.287,2700805.164,48.75182548,59.53207095,14.48145337,29.99304609,0,6.516140519,1.081652736,0.443320804,75155.74111,31817.82015,2.362064427,0.161076985,0.928081531,0.5571,1.485181531,Paris,France,2266.0601,2229.8325,47480.48135,3,1,0,47480.48135,2,7127148.101,21.4248242,4477.759283,0.1675
92049,5.044111134,3.241989007,11023708.18,11029479.54,206.8512143,206.9595091,5.540350302,27.70626188,0,38.32722677,0.786864859,0.385021312,61585.42229,29175.80611,2.110838757,0.146016101,0.809368207,0.405,1.214368207,Paris,France,1612.1529,2256.6284,42951.88631,3,1,0,42951.88631,2,7127148.101,82.02646979,14902.96508,0.2984
92050,11.08827053,1.473554119,7657598.79,8293417.766,75.95638786,82.26313154,13.18421828,26.00400115,0,14.22509415,0.907122928,0.372478022,61205.29917,24214.55361,2.527624509,0.113396289,0.682162553,0.3528,1.034962553,Paris,France,1499.022,1921.0646,93216.16759,3,1,0,93216.16759,1,7127148.101,59.58141587,14026.01704,0.1189
92051,6.722345654,1.894069962,8540646.093,9156333.56,160.2789419,171.8333062,7.780304399,37.95863445,0,37.45496846,0.903266286,0.540908104,96969.82777,43974.46159,2.205139626,0.209884238,1.230833695,0.3902,1.621033695,Paris,France,1737.1425,1595.3583,61625.44647,3,1,0,61625.44647,4,7127148.101,63.86638071,14320.80548,0.0335
92060,11.00092241,6.449820693,5788084.264,5823368.464,82.60978148,83.11337125,12.43726843,30.0329025,0,13.4516365,1.367436915,0.587093988,69159.68985,29831.73907,2.318325783,0.147804794,0.796964221,0.7236,1.520564221,Paris,France,3150.138,1324.0243,27652.86678,3,1,0,27652.86678,2,7127148.101,55.50049697,11096.88873,0.1156
92062,8.79181184,1.008266587,14730004.95,15882974.78,139.9659968,150.9216328,3.502518794,28.30162558,0,41.93306534,0.91875441,0.431979124,68200.11005,31028.76611,2.197963974,0.129628763,0.742016133,0.4835,1.225516133,Paris,France,2083.8119,1954.2017,42084.76403,3,1,0,42084.76403,2,7127148.101,75.29295361,15231.65474,0.0303
92063,12.52396326,1.761383121,3026351.973,3098610.975,64.80105198,66.34828093,22.47118244,31.51077726,0,6.294135263,1.16065885,0.497694116,82053.35921,33813.03757,2.426678142,0.154045409,0.905201115,0.5259,1.431101115,Paris,France,2356.1276,1793.2663,93677.61555,3,1,0,93677.61555,3,7127148.101,69.7837131,13142.3218,0.2155
92064,9.866102901,4.930242745,2441630.945,2547276.326,39.55624372,41.26777777,16.45242519,35.10768797,0,10.81286548,1.133658449,0.53525431,95673.30591,39962.605,2.394070805,0.175023908,1.099257401,0.4357,1.534957401,Paris,France,1789.9729,2080.5252,29705.74917,3,1,0,29705.74917,4,7127148.101,51.01148619,11280.16239,0
92071,9.429575446,5.333660897,2966343.73,3039575.921,56.10222941,57.48726418,19.92056147,35.00499517,0,14.05599684,0.840537833,0.506796737,83676.61611,36122.32086,2.316479509,0.196964384,1.073572773,0.2948,1.368372773,Paris,France,1234.6553,2840.4619,21113.13557,3,1,0,21113.13557,3,7127148.101,49.58316457,10311.68056,0.2928
92072,10.71350521,5.411399521,2860010.043,3655784.438,61.26229734,78.30803034,19.96638387,32.5328674,0,9.893628812,1.121154859,0.521722169,85276.56255,35103.88799,2.42926261,0.160374994,0.976883522,0.5434,1.520283522,Paris,France,2652.7311,1442.8496,24789.86914,3,1,0,24789.86914,3,7127148.101,53.46003752,11829.23452,0.0367
92073,9.397720153,3.219179192,5973983.683,6258030.74,121.4035621,127.175979,12.60552037,28.76566524,0,26.0919991,1.175773701,0.523823527,77273.13662,33016.53579,2.340437444,0.124694318,0.804302483,0.4903,1.294602483,Paris,France,2227.2367,1244.9286,46058.27595,3,1,0,46058.27595,3,7127148.101,63.86638071,12559.23643,0.0555
92075,5.691085797,1.196868526,11307618.87,11800964.91,176.3185972,184.011294,7.868610437,28.11417625,0,39.1086925,0.629706822,0.365754138,63810.11944,29598.72322,2.155840269,0.161383581,0.905853333,0.5052,1.411053333,Paris,France,2015.7244,2162.8167,28281.14161,3,1,0,28281.14161,2,7127148.101,85.49525085,15230.35231,0.2303
92076,13.80930882,5.994337547,1654297.76,1666258.264,41.72100809,42.02264924,42.4346084,41.01992908,0,2.096097983,1.960372819,0.787447281,106795.3601,40917.1069,2.610041819,0.162795772,1.301869753,0.8567,2.158569753,Paris,France,3739.6884,1489.283,13669.85483,3,1,0,13669.85483,4,7127148.101,34.27971872,8350.619058,0
92077,12.39916232,7.193732002,1136277.318,3077018.503,36.28451262,98.25780636,19.23322211,35.90601345,0,2.057996883,1.512459578,0.6635423,89623.02521,36652.24967,2.445225764,0.194409951,1.087863221,0.7269,1.814763221,Paris,France,3264.7726,2795.4151,13717.71346,3,1,0,13717.71346,3,7127148.101,23.2612377,5203.766181,0.0222
92078,8.579567728,0.633139325,8681512.047,9565785.102,79.67449453,87.78990211,7.595726836,22.50524159,0,14.67783653,0.754554498,0.271444111,50309.88684,18382.00809,2.736909188,0.122271957,0.704506232,0.5273,1.231806232,Paris,France,2189.6498,2009.3438,22936.28489,3,1,0,22936.28489,0,7127148.101,47.95079702,10639.21164,0.0689
93001,6.414434635,1.061097854,10379137.76,10704253.12,132.8540657,137.0155769,5.302238627,19.51741737,0,38.44958555,0.557481366,0.223140114,44416.14668,15760.79374,2.818141485,0.101940442,0.572773412,0.3005,0.873273412,Paris,France,1136.9634,2325.0499,80443.94455,3,1,0,80443.94455,0,7127148.101,57.94904831,11947.40426,0.0599
93005,14.63130446,0.991188355,5595600.837,5787835.351,51.23770401,52.99795379,39.03954083,24.22803218,0,7.008676285,0.977148478,0.343878732,56089.06136,19013.68954,2.949930431,0.131425934,0.765172245,0.4855,1.250672245,Paris,France,1987.9117,2557.98,83712.96359,3,1,0,83712.96359,0,7127148.101,51.01148619,11367.29593,0.0105
93006,5.487356861,1.882161597,6895581.731,6895581.731,144.2293757,144.2293757,7.612574952,23.6227159,0,28.65961695,0.556843694,0.282294339,47594.55748,18812.97189,2.529879796,0.136312844,0.74786597,0.2601,1.00796597,Paris,France,911.6964,2008.8303,35679.63798,3,1,0,35679.63798,0,7127148.101,74.68081578,15699.73471,0.1189
93007,12.38739275,1.755825437,4309240.76,4512567.693,69.69187395,72.98021074,35.6816276,22.64164427,0,9.698229749,0.961737586,0.369928023,52963.3178,17674.42542,2.996607615,0.115472478,0.721045038,0.3932,1.114245038,Paris,France,1557.2177,2138.841,56695.37404,3,1,0,56695.37404,0,7127148.101,58.56118614,11226.37425,0
93008,8.548576846,5.041282995,5305179.959,5733556.216,80.53471826,87.03763832,15.90799416,21.20350512,0,25.75005593,0.621333216,0.194560541,48728.23135,16200.48538,3.007825396,0.109876923,0.615620319,0.2194,0.835020319,Paris,France,756.6807,2619.563,54665.69568,3,1,0,54665.69568,0,7127148.101,56.92881858,11960.48361,0
93010,11.16009706,5.817403478,3334435.568,3505258.561,89.88133331,94.48595021,31.36279753,23.19897509,0,21.13982718,0.967368232,0.362300237,51478.56959,18420.91588,2.794571667,0.120747212,0.729917023,0.465,1.194917023,Paris,France,1923.3665,1946.0328,49148.62266,3,1,0,49148.62266,0,7127148.101,76.31318334,15164.83316,0.0006
93013,10.79099299,3.527725863,8861997.264,9296892.073,73.77349733,77.39386755,17.47155771,21.99231382,0,15.61578399,1.041570788,0.43944323,47989.89551,17932.08901,2.67620217,0.107400764,0.630059939,0.409,1.039059939,Paris,France,1597.5049,3597.0795,14903.95007,3,1,0,14903.95007,0,7127148.101,53.25599158,10690.35963,0.0079
93014,15.30974134,7.612630614,2138863.567,2419799.91,66.34933358,75.06421351,24.43046723,21.68591643,0,9.074127395,0.776858437,0.2219903,53172.05875,16303.40868,3.261407464,0.105293843,0.650111194,0.3239,0.974011194,Paris,France,998.9408,2656.1761,29489.07366,3,1,0,29489.07366,0,7127148.101,59.78546181,11834.12387,0
93015,17.95836511,9.07429869,315988.768,615820.4322,14.84491604,28.93078343,71.2362908,31.56355294,0,3.325800426,1.46242218,0.887697639,67202.68554,24265.89716,2.769429256,0.155176967,0.910447139,0.7969,1.707347139,Paris,France,3300.2724,1086.9086,6374.942734,3,1,0,6374.942734,1,7127148.101,35.0959025,6304.824013,0
93027,8.71253043,2.900601514,4926020.018,5192446.607,55.60394642,58.61131743,10.86344266,19.76493361,0,19.74068466,0.845461359,0.278363473,47420.59955,15373.16491,3.084634806,0.104953774,0.630803737,0.3507,0.981503737,Paris,France,1490.5797,2020.6407,40425.76892,3,1,0,40425.76892,0,7127148.101,51.62362402,10849.21083,0.0246
93029,9.839666467,4.352126911,3803604.868,4192475.379,90.50813702,99.76144979,35.14676131,23.66600445,0,15.88988902,0.824862783,0.312551765,50057.97476,18318.83407,2.732596112,0.129975503,0.72885822,0.4651,1.19395822,Paris,France,1989.6415,2155.2321,71710.16176,3,1,0,71710.16176,0,7127148.101,81.00624006,14361.83055,0.0033
93030,11.81239924,3.296213161,3756776.633,3783034.556,30.9973891,31.21404479,15.99568764,23.53738718,0,2.738657702,0.548383031,0.21318907,51276.19922,17188.25007,2.983212311,0.09333137,0.668165827,0.3837,1.051865827,Paris,France,1483.2705,2112.0365,12645.57489,3,1,0,12645.57489,0,7127148.101,36.932316,7239.821297,0.0386
93031,11.24524998,3.183331611,3756671.466,4062932.601,161.2416718,174.3868344,19.48471065,25.2014034,0,12.41933032,0.682836854,0.274310823,54333.79496,20188.7601,2.691289346,0.129068988,0.747415709,0.3576,1.105015709,Paris,France,1232.4938,2820.6896,76728.62409,3,1,0,76728.62409,1,7127148.101,54.68431319,10396.87912,0.0147
93032,14.51550618,8.772871526,1807549.467,2037083.954,63.86806508,71.97845088,44.72654621,27.29403085,0,5.51252115,0.883270859,0.412290361,59233.32998,22095.23686,2.680818963,0.140294628,0.852969828,0.4063,1.259269828,Paris,France,1376.9605,3872.6931,45466.53046,3,1,0,45466.53046,1,7127148.101,66.92706988,12128.30874,0
93033,16.68238398,7.292006915,1465040.701,1627146.311,94.49343588,104.9490608,50.76674715,32.32434391,0,1.161140214,1.624720785,0.579046125,64718.64115,25304.9376,2.557549921,0.153584458,0.863027575,0.9888,1.851827575,Paris,France,3076.8129,4308.3717,15120.86485,3,1,0,15120.86485,1,7127148.101,60.1935537,12482.08177,0.0019
93039,8.26536493,0.910290939,5074769.2,8847079.307,40.97194994,71.42829087,10.06346768,24.09698855,0,16.8294861,0.857451947,0.360375816,51031.09447,19483.12383,2.619246016,0.128594125,0.709920548,0.2801,0.990020548,Paris,France,1065.5068,1786.8498,7210.432038,3,1,0,7210.432038,0,7127148.101,51.41957808,10459.45308,0.0758
93045,5.884803289,3.149390931,6940010.252,6940010.252,184.9060381,184.9060381,9.842470548,26.26975917,0,28.24746924,0.699531141,0.36318671,50534.4865,22273.73256,2.26879291,0.143265187,0.780498576,0.3977,1.178198576,Paris,France,1474.6578,2894.2786,23179.2026,3,1,0,23179.2026,1,7127148.101,69.98775905,13577.7889,0.0374
93046,15.46462868,6.125907915,2436936.636,2674781.111,60.69906823,66.62328383,38.07919675,27.35884097,0,7.709697683,1.379286325,0.565942131,53971.19856,21224.30669,2.542895716,0.13855842,0.811605096,0.7452,1.556805096,Paris,France,3144.497,2545.9363,43645.39192,3,1,0,43645.39192,1,7127148.101,68.55943744,13673.2269,0.0058
93047,16.63604765,9.403359961,1653299.279,1698453.488,57.01776118,58.57500609,60.05757278,26.9221881,0,8.327759799,1.160245845,0.391314923,61787.12054,20759.66983,2.976305551,0.132256857,0.761598896,0.6342,1.395798896,Paris,France,2653.3111,1516.645,30511.84636,3,1,0,30511.84636,1,7127148.101,43.66583218,9492.291418,0
93048,6.908282814,1.243741599,5686467.495,5746926.413,127.55863,128.9148423,14.03476696,25.12690937,0,23.0796293,0.678219798,0.29146169,52812.27883,21922.95841,2.408994163,0.129254192,0.775222702,0.2913,1.066522702,Paris,France,1173.0809,1914.2749,117557.8365,3,1,0,117557.8365,1,7127148.101,75.29295361,13695.72807,0.1897
93049,11.95590236,5.943653471,2450819.763,2491656.553,66.07842336,67.17945523,36.62664995,28.36618693,0,6.424035969,1.106333911,0.508479234,61465.83779,24420.92926,2.516932797,0.143302984,0.866239723,0.6017,1.467939723,Paris,France,2384.8114,4162.2101,22370.17228,3,1,0,22370.17228,1,7127148.101,76.72127523,13658.20055,0.0113
93050,13.52703194,7.329505759,2197490.529,2439493.382,47.98407699,53.26841536,24.72180187,26.34973994,0,6.93261696,1.028439037,0.401795705,55171.84515,21083.77264,2.616791885,0.124133145,0.745896414,0.6116,1.357496414,Paris,France,2450.0626,2683.3018,31997.32178,3,1,0,31997.32178,1,7127148.101,59.17332398,10423.43101,0.0539
93051,15.33030861,4.864386357,3267204.39,4520279.256,60.38905883,83.55014786,27.9628398,28.69493286,0,5.707516034,1.13530975,0.448976725,58311.44972,22886.48569,2.547855119,0.125635393,0.693726167,0.765,1.458726167,Paris,France,2973.1725,3427.744,79943.17218,3,1,0,79943.17218,1,7127148.101,65.29470232,12045.60423,0.006
93053,8.970456135,4.713418241,3953949.14,4713735.714,80.10921747,95.50291773,17.72116625,23.35512553,0,25.37326396,0.575591838,0.220393339,49466.36742,18407.03773,2.687361657,0.110767511,0.716098347,0.3282,1.044298347,Paris,France,1525.9125,1878.3363,40580.02359,3,1,0,40580.02359,0,7127148.101,59.17332398,12369.23579,0.0023
93055,6.327557264,3.430201094,8613968.061,9454648.8,106.6954901,117.108443,4.533762784,23.00663904,0,27.16136142,0.55942089,0.243126201,47250.80617,19566.04664,2.41493885,0.113607668,0.677147701,0.3166,0.993747701,Paris,France,1180.7626,2109.3629,52792.17115,3,1,0,52792.17115,1,7127148.101,40.40109706,8461.539045,0.1066
93057,12.74703786,5.597571302,2964263.572,3041046.057,78.40205563,80.432882,43.8069268,26.31020569,0,12.29476489,1.345691635,0.601404223,56346.92556,21328.52134,2.641858039,0.127819272,0.824482178,0.6973,1.521782178,Paris,France,3593.0899,2541.4978,23929.24487,3,1,0,23929.24487,1,7127148.101,73.45654011,14612.49834,0
93059,11.50922805,4.666731477,3582441.997,3833535.09,136.5994635,146.1737097,21.98530426,21.26875288,0,14.62221151,0.712415499,0.220347658,52823.61662,16479.45162,3.205423205,0.108635422,0.650002258,0.4525,1.102502258,Paris,France,1584.3073,3854.192,49110.56546,3,1,0,49110.56546,0,7127148.101,42.03346462,9111.169098,0.0563
93061,5.233122216,3.988761214,8046131.535,8046131.535,248.0721378,248.0721378,5.369884667,24.80711109,0,35.20951738,0.661166071,0.314442771,48628.5848,21164.94738,2.29760008,0.130047092,0.747284096,0.3758,1.123084096,Paris,France,1588.8235,2102.1813,14899.41459,3,1,0,14899.41459,1,7127148.101,79.98601034,15887.51982,0.0784
93062,13.10025535,7.35340312,2877914.764,2902319.043,67.76988757,68.34456591,36.87695756,32.29574337,0,15.10817519,1.471605966,0.556097747,62461.14921,25932.87371,2.408570292,0.167610337,1.030037126,0.6907,1.720737126,Paris,France,2938.745,3533.0791,14408.52063,3,1,0,14408.52063,1,7127148.101,72.64035633,14120.80597,0
93063,7.229076941,3.705218417,4532839.279,4551586.195,82.97020604,83.31335421,22.08341623,25.29788262,0,18.67961775,0.630273001,0.204626199,51263.75069,20750.64458,2.470465459,0.123317308,0.743714292,0.484,1.227714292,Paris,France,1917.4946,819.7445,29532.40166,3,1,0,29532.40166,1,7127148.101,49.58316457,9926.677484,0.0137
93064,9.936281718,4.589574731,8282676.873,8568165.759,83.28508611,86.15577233,19.46606407,25.355095,0,18.80977129,1.000877991,0.411534138,51950.91794,20801.47152,2.4974636,0.125378226,0.742674097,0.4766,1.219274097,Paris,France,1932.7227,2342.0044,48454.38518,3,1,0,48454.38518,1,7127148.101,58.56118614,14114.48646,0
93066,7.760983242,1.739346003,9688338.804,10927083.15,90.93953507,102.5670015,7.716420907,21.59903529,0,33.86022232,0.60129253,0.238750814,46239.49961,16763.88351,2.758280896,0.102700796,0.61314733,0.3396,0.95274733,Paris,France,1304.3083,2079.6841,110815.2373,3,1,0,110815.2373,0,7127148.101,61.41782937,13044.99392,0.0235
93070,5.9920209,0.256446464,11663115.19,12650226.02,114.2786763,123.9506823,3.6696686,23.20687465,0,41.0518487,0.59557767,0.267246335,46585.10361,19930.09148,2.337425478,0.114700772,0.660660554,0.2503,0.910960554,Paris,France,914.4263,2385.9817,50730.02254,3,1,0,50730.02254,1,7127148.101,56.5207267,11256.61794,0.1493
93071,16.05110501,4.389831754,2528077.89,2777955.821,69.25430772,76.0994778,36.38305995,23.4501773,0,8.567158899,0.99090071,0.288123558,54470.38886,17955.52397,3.033628479,0.119226929,0.647202198,0.3735,1.020702198,Paris,France,1503.8776,2452.5719,49915.33028,3,1,0,49915.33028,0,7127148.101,59.58141587,11933.75155,0.0044
93072,11.32085954,4.996489355,3673486.271,3869932.077,125.3145991,132.0160063,18.32044764,20.78917344,0,14.2241742,0.85261726,0.292938734,50156.59568,15770.17179,3.180472372,0.104578285,0.675568381,0.4418,1.117368381,Paris,France,1801.4052,1655.7564,65617.05246,3,1,0,65617.05246,0,7127148.101,45.29819973,9610.246706,0.0076
93073,20.4189421,6.434114852,4378141.419,6013415.956,21.04956047,28.91175746,53.85835451,27.25294245,0,0.795217094,1.242297822,0.520097885,59871.30837,21624.94136,2.768622923,0.133812316,0.753152755,0.5511,1.304252755,Paris,France,2330.0991,3044.9187,47525.9827,3,1,0,47525.9827,1,7127148.101,6.121378342,1469.089585,0
93074,20.00528903,9.252666638,6497778.593,10854843.52,18.65028694,31.15617796,50.48542252,28.80272016,0,1.982618434,1.30315919,0.469931532,58183.25479,22883.3719,2.542599711,0.136041031,0.790797027,0.9208,1.711597027,Paris,France,4055.9637,1949.1076,6864.997334,3,1,0,6864.997334,1,7127148.101,38.15659167,8008.056319,0
93077,12.1601727,6.65419245,2633848.557,2704941.562,71.94006751,73.88187832,34.47316426,28.11785523,0,12.94825686,1.382250146,0.526415708,57647.85615,23159.13212,2.489206239,0.142491548,0.872984693,0.4891,1.362084693,Paris,France,2137.1335,2664.5982,28796.30923,3,1,0,28796.30923,1,7127148.101,79.7819644,14764.74824,0.0062
93078,17.87732954,4.088185427,12797459.24,13152188.32,35.15245742,36.12683824,44.94473798,24.61473587,0,2.666008496,1.003429636,0.363772111,59318.15895,19119.55555,3.102486289,0.108382039,0.599884188,0.7607,1.360584188,Paris,France,3455.192,5126.2531,36409.84365,3,1,0,36409.84365,0,7127148.101,34.48376466,8082.943017,0.0428
93079,10.96098566,3.449421562,3632032.346,4374863.388,58.29326249,70.2155255,24.40894038,21.46469065,0,10.59018387,0.761756678,0.290160725,51131.54918,16529.84919,3.093285886,0.111102965,0.581945871,0.4142,0.996145871,Paris,France,1745.8646,1920.0464,12218.00539,3,1,0,12218.00539,0,7127148.101,45.50224568,9593.12868,0.0272
94001,15.63410062,5.629133096,1572135.526,1835160.4,47.3735302,55.29932073,47.21636665,28.4755994,0,9.070996965,1.559962256,0.557605558,60650.96758,23612.57145,2.568587996,0.14876939,0.947148757,0.5805,1.527648757,Paris,France,2388.9083,1251.6269,5751.974575,3,1,0,5751.974575,1,7127148.101,41.01323489,8166.807737,0
94002,8.742822306,5.852052799,5831334.611,6630652.64,114.1057421,129.7465487,9.800282779,26.11662505,0,12.07451,0.874980366,0.436915251,52524.98416,23030.95347,2.28062569,0.127446816,0.767188412,0.469,1.236188412,Paris,France,2151.2937,2077.8793,42524.5972,3,1,0,42524.5972,1,7127148.101,54.07217536,9913.287786,0
94003,5.549594286,4.526793489,7279203.883,7443143.889,89.00246429,91.0069506,17.11739255,27.510879,0,24.3462138,0.790295913,0.467331345,56830.26578,25639.98468,2.216470348,0.143943668,0.836916477,0.3093,1.146216477,Paris,France,1509.6827,1452.0268,19905.76573,3,1,0,19905.76573,1,7127148.101,79.98601034,15034.04297,0.0948
94004,16.48407186,5.790408322,972968.9124,1355738.676,17.39465638,24.23778201,32.90291734,29.13351709,0,0.92020746,1.257184754,0.469686607,59896.1614,22393.28426,2.674737689,0.13086937,0.788504242,0.7003,1.488804242,Paris,France,2823.8967,2727.2313,15822.62212,3,1,0,15822.62212,1,7127148.101,35.70804033,7598.667106,0.0311
94011,13.80852645,4.975627767,5193771.723,6228018.418,31.99111187,38.36156932,9.80703184,24.66538149,0,3.478210703,0.890183142,0.28143461,50894.41038,18830.55587,2.702756664,0.120900469,0.698449258,0.5122,1.210649258,Paris,France,1960.2242,2219.1052,17438.93245,3,1,0,17438.93245,0,7127148.101,41.42132678,8538.514766,0
94015,13.202041,4.712917727,3194008.158,3602620.956,52.59308078,59.3213685,29.79164092,31.59554756,0,8.159628644,1.288140117,0.583194731,68417.33262,28902.82082,2.367150703,0.14604241,0.847986395,0.654,1.501986395,Paris,France,2595.3744,3791.0096,17563.85222,3,1,0,17563.85222,2,7127148.101,55.50049697,11630.2028,0.0227
94016,7.365659378,4.414256782,4429678.247,4462736.365,96.24260959,96.96085579,18.97556129,28.55332778,0,16.07488388,0.949077348,0.452131634,61569.40744,25732.45002,2.392675683,0.143318142,0.823955493,0.461,1.284955493,Paris,France,2337.4107,2266.8938,30045.84288,3,1,0,30045.84288,1,7127148.101,69.57966716,13934.76463,0.0718
94017,13.17802701,3.12337392,2483944.279,2615430.356,63.56170723,66.92630746,32.17172412,28.18944399,0,8.079390193,0.957052598,0.379980151,59460.99504,23081.45604,2.576137091,0.143100122,0.89002872,0.4978,1.38782872,Paris,France,1999.1523,2147.2014,70171.32939,3,1,0,70171.32939,1,7127148.101,60.60164559,11944.18401,0.0364
94018,5.523464141,3.861921335,11389875.34,13424846.66,172.3805591,203.1789203,2.692487123,27.61703589,0,39.27466054,0.744362021,0.320988288,64230.73849,28624.91987,2.243874875,0.155431667,0.774186353,0.4366,1.210786353,Paris,France,1922.1609,2329.986,28456.65178,3,1,0,28456.65178,2,7127148.101,54.2762213,11798.93349,0.0449
94019,16.0435965,0.083734601,4973582.298,5766449.352,42.26480206,49.00247465,34.86240463,29.95637641,0,3.356564027,1.377450804,0.480935527,60767.79415,23009.01829,2.641042455,0.164710678,0.937743637,0.7362,1.673943637,Paris,France,3043.82,2057.6447,23182.5458,3,1,0,23182.5458,1,7127148.101,52.64385374,10422.99476,0.0484
94021,10.19358561,1.122456183,6858096.129,6878981.529,42.56428588,42.69390963,18.83167721,26.52770126,0,19.80991004,1.042625513,0.513639138,58412.08605,22512.81737,2.594614663,0.136445582,0.770673358,0.4596,1.230273358,Paris,France,1909.288,1272.5768,19464.52458,3,1,0,19464.52458,1,7127148.101,35.0959025,9515.417986,0.0051
94022,11.50091049,3.811519599,4282096.76,5215723.768,76.8212225,93.57057968,17.01149172,25.42736592,0,21.1483263,0.810632213,0.320831896,53586.67371,21543.36562,2.487386356,0.118683179,0.728510552,0.3973,1.125810552,Paris,France,1727.1936,1837.4944,42139.10684,3,1,0,42139.10684,1,7127148.101,57.94904831,11518.97246,0.0645
94028,11.25286744,7.072632695,5504398.444,5940235.366,76.54376055,82.60447678,9.891900388,26.31490681,0,21.32232497,0.949711998,0.39723765,55177.73798,21690.62562,2.543851843,0.140042323,0.751868087,0.4956,1.247468087,Paris,France,2057.0784,2249.1029,87207.11777,3,1,0,87207.11777,1,7127148.101,67.33516177,13048.13786,0.0189
94033,9.447261213,3.364794493,5047812.674,5173769.691,97.02694006,99.44803306,21.20579836,27.82726653,0,15.00796965,0.653783506,0.304093095,63065.38208,25801.25958,2.444275322,0.143055832,0.874139424,0.4209,1.295039424,Paris,France,1754.2103,3618.9546,53599.99393,3,1,0,53599.99393,1,7127148.101,67.9472996,13002.74968,0.0335
94034,11.11056624,2.710580015,4574526.06,4885559.346,71.95432429,76.84667589,15.09184953,28.4993185,0,18.08593357,1.106302954,0.444527554,59386.90864,24696.02876,2.404714913,0.133680933,0.794047798,0.5392,1.333247798,Paris,France,2506.9215,1200.6216,25256.25853,3,1,0,25256.25853,1,7127148.101,70.59989688,14356.56188,0.0107
94037,4.817176272,4.948390884,7330305.62,7534364.531,142.4994531,146.4663114,11.62752493,26.94419615,0,29.75601726,0.818957432,0.308315807,55418.07729,25575.93914,2.166805176,0.148677742,0.805033573,0.447,1.252033573,Paris,France,1733.9908,1559.1366,15862.84018,3,1,0,15862.84018,1,7127148.101,85.49525085,15672.50029,0.0693
94038,8.96875301,2.691053393,2826325.662,2832988.104,81.85833046,82.0512935,21.18544324,28.45910477,0,19.20948908,1.390133184,0.51922681,61778.63027,24806.50487,2.490420581,0.154762654,0.888534267,0.4436,1.332134267,Paris,France,1829.6631,1576.3304,29305.46015,3,1,0,29305.46015,1,7127148.101,54.68431319,12136.43895,0.0386
94041,5.535630193,5.293618322,9259784.465,10408951.07,98.92190393,111.1984044,5.382522254,24.25846381,0,27.27909704,0.783646872,0.369411259,48914.24914,20903.61133,2.339990366,0.128498692,0.702319827,0.3058,1.008119827,Paris,France,1201.7198,2557.0328,61709.76764,3,1,0,61709.76764,1,7127148.101,46.5224754,9862.629707,0.0857
94042,9.836208039,4.786194148,3449636.123,3962623.312,82.8600643,95.18198752,20.05743803,30.12615423,0,11.95913389,1.002499555,0.411237313,63924.78801,28956.82414,2.207589745,0.172831336,0.916664287,0.5243,1.440964287,Paris,France,2044.7797,2893.0133,19025.0574,3,1,0,19025.0574,2,7127148.101,68.76348338,13429.40057,0.0299
94043,5.200043534,5.80205384,8786925.748,8827129.718,132.7605865,133.3680234,7.913704443,26.94176595,0,36.01457041,0.627999379,0.276049873,51816.63332,23546.53075,2.20060585,0.137942201,0.753222337,0.3744,1.127622337,Paris,France,1544.9728,2953.1537,20816.47113,3,1,0,20816.47113,1,7127148.101,76.92532117,14625.41628,0.0451
94044,15.38993999,7.101492056,1920854.892,2886732.02,41.77208047,62.77663282,25.66463247,26.3886146,0,3.756241155,1.332646168,0.571825962,58438.96806,21596.34836,2.705965244,0.094435146,0.636085579,1.0859,1.721985579,Paris,France,4887.5096,3070.4719,28888.25133,3,1,0,28888.25133,1,7127148.101,46.31842946,9554.06388,0
94046,8.655783548,5.383663819,4688342.822,4940379.901,98.01712079,103.2863491,15.6286154,29.07920131,0,21.03658562,0.782673904,0.339156578,59219.69012,26541.16413,2.231239362,0.159631844,0.897405801,0.3896,1.287005801,Paris,France,1582.384,2610.9366,53219.66739,3,1,0,53219.66739,2,7127148.101,71.41608066,14964.39516,0.0073
94047,22.33005455,10.20455038,1216499.634,2061452.594,19.49845409,33.04163655,75.81043688,35.28866294,0,0.453266353,1.70377737,0.491062695,73304.47886,27227.02189,2.692342892,0.14893881,0.943542319,0.9082,1.851742319,Paris,France,4159.2391,2208.4595,6286.952623,3,1,0,6286.952623,2,7127148.101,26.73001876,5616.669066,0
94048,20.09672966,6.972349439,603087.0166,1006812.302,10.60293475,17.70087044,90.91772953,44.4204494,0,0.088759808,1.907906017,0.710384083,87094.53004,31618.66974,2.754528598,0.159650344,0.965454212,1.3563,2.321754212,Paris,France,5420.5916,2593.2564,4640.148908,3,1,0,4640.148908,2,7127148.101,31.83116738,5463.466677,0.0152
94052,10.04260951,4.135441456,4525248.647,4845195.215,110.8035371,118.6376285,16.55912865,30.97134227,0,9.635778119,1.08599809,0.439339684,69774.63959,31192.61641,2.236896023,0.164425956,0.90761903,0.4105,1.31811903,Paris,France,1705.0018,2686.8317,31773.72575,3,1,0,31773.72575,2,7127148.101,71.82417255,13495.10724,0.0004
94053,17.27218526,2.640240304,418899.4561,1068280.111,10.09850803,25.75328071,65.10039815,36.31885873,0,0.142273769,1.428443411,0.575412929,73721.67637,29457.50275,2.50264515,0.191200092,0.795183659,1.175,1.970183659,Paris,France,5158.1631,2983.6302,4541.637922,3,1,0,4541.637922,2,7127148.101,29.1785701,5058.259589,0
94054,12.99416816,2.428381394,5660812.068,6485635.838,32.74788802,37.51950667,27.94002554,25.20850236,0,13.60286809,0.958104617,0.387435848,56338.54559,20754.05672,2.714579918,0.126734752,0.736420794,0.3691,1.105520794,Paris,France,1374.8715,1857.8976,21651.25616,3,1,0,21651.25616,1,7127148.101,32.44330521,6257.716333,0.0131
94055,15.89422137,1.546584168,1137655.761,1187117.609,33.48985628,34.94589443,65.72007631,33.08099163,0,1.616878602,1.888029087,0.677797928,72945.27307,27033.59901,2.698318971,0.186522362,0.995437689,0.9463,1.941737689,Paris,France,5283.3185,1280.7867,11209.43501,3,1,0,11209.43501,2,7127148.101,47.13461324,10011.21739,0
94056,23.55848146,11.13289579,933591.6029,2250156.976,11.18974261,26.96969136,73.91727366,36.659213,0,0.096585791,1.812160436,0.726658567,77096.54916,28377.09863,2.716858061,0.130523511,0.81920549,1.0212,1.84040549,Paris,France,4642.0745,1359.7221,3218.534747,3,1,0,3218.534747,2,7127148.101,16.73176747,3387.313881,0
94058,11.55379354,5.510662802,2579134.587,2723228.237,84.30164077,89.01148849,32.17349182,31.35557947,0,8.216276255,0.885629827,0.410368848,68837.09151,29688.15355,2.318672038,0.161788618,0.946494258,0.4751,1.421594258,Paris,France,2182.2618,827.5914,32781.95147,3,1,0,32781.95147,2,7127148.101,77.33341306,15117.67529,0
94059,17.329595,2.139303472,1494352.139,2012051.359,45.14776889,60.78863699,35.18100352,32.54640778,0,4.047173574,0.997532791,0.478878695,64114.16141,25967.8799,2.468979434,0.170161574,0.857747109,0.8909,1.748647109,Paris,France,3703.5612,2749.0715,19758.08408,3,1,0,19758.08408,1,7127148.101,34.07567277,7439.007275,0.0094
94060,18.41222006,2.2996305,580677.6382,1737633.977,24.16961369,72.32574358,62.41803994,30.23246344,0,0.589527523,1.451865639,0.501639463,68606.80014,24619.61711,2.786672102,0.122892989,0.728447206,0.6564,1.384847206,Paris,France,2648.2028,2403.0776,22802.39033,3,1,0,22802.39033,1,7127148.101,51.82766997,7781.091526,0.0026
94065,11.76653822,0.899600306,7571874.794,9529063.224,14.72578337,18.53212376,43.19894284,33.40403031,0,13.15413408,1,0.57860398,73438.57802,29771.49093,2.466741695,0.145114064,0.838097574,1.3854,2.223497574,Paris,France,6331.1976,350.4448,5926.273736,3,1,0,5926.273736,2,7127148.101,59.17332398,11055.20419,0.0129
94067,5.435082497,1.577501702,8609475.501,8609475.501,248.62372,248.62372,5.059361138,29.51283774,0,43.37004995,0.591733765,0.262071503,70480.24497,32386.41745,2.176228509,0.174284471,0.945159097,0.3471,1.292259097,Paris,France,1538.6384,1656.4826,22117.70913,3,1,0,22117.70913,2,7127148.101,66.92706988,13288.81046,0.2255
94068,12.33575736,4.184527069,2573518.668,2729594.144,68.95434545,73.13620061,34.4919919,32.84096412,0,6.166611269,1.1343839,0.534659409,70566.64043,30715.02289,2.297463384,0.193039067,1.080278063,0.543,1.623278063,Paris,France,2254.3113,2882.3785,77820.50233,3,1,0,77820.50233,2,7127148.101,83.25074546,15850.27919,0.0314
94069,7.487175337,3.807764344,8600201.42,9192559.98,95.31470213,101.8797204,8.756484769,29.14240364,0,19.03540031,0.98617492,0.558325614,63029.25723,29385.45034,2.144913776,0.149672303,0.849554815,0.7448,1.594354815,Paris,France,3151.9044,2261.3498,11316.89817,3,1,0,11316.89817,2,7127148.101,33.66758088,7864.977466,0.0173
94070,22.35763215,8.997984416,966004.4222,3931580.67,10.316316,41.98679389,79.49453895,39.89250422,0,0.095496917,1.794086873,0.755466773,77981.88877,29329.9957,2.658776004,0.172087144,1.010791019,1.2776,2.288391019,Paris,France,5844.118,1393.1469,10216.09768,3,1,0,10216.09768,2,7127148.101,20.40459447,4252.513577,0.0033
94071,15.64121256,4.137656281,1786358.846,2615148.364,24.42484556,35.75686659,56.00425636,33.82080825,0,0.815118894,1.298849776,0.485138498,72926.16181,27904.61483,2.613408651,0.178823369,1.008923498,0.7395,1.748423498,Paris,France,3059.8701,2308.0728,25030.72309,3,1,0,25030.72309,2,7127148.101,43.46178623,8933.532615,0
94073,11.33093059,1.349094212,6206280.873,6437405.614,46.32408695,48.04921715,20.45246702,28.01366231,0,21.06002687,1.238981031,0.566067439,57728.95537,23495.02352,2.457071614,0.143417248,0.792141479,0.4463,1.238441479,Paris,France,1798.7572,1877.5003,31001.14505,3,1,0,31001.14505,1,7127148.101,38.15659167,8378.324824,0.0103
94074,13.71296195,6.886217659,2179511.387,2721552.531,26.77992736,33.44005429,22.33928557,22.74568771,0,5.582257914,0.950451093,0.319386721,53403.84313,18363.66009,2.908126314,0.089145369,0.604550985,0.5551,1.159650985,Paris,France,2124.2495,1716.3904,14484.72271,3,1,0,14484.72271,0,7127148.101,22.64909987,5900.627564,0.0363
94075,20.4036719,8.819049993,858363.4761,1312766.903,29.73329732,45.47361314,60.23090784,33.55818394,0,0.457661202,1.910660164,0.702704725,69624.16098,25596.92185,2.720020844,0.150673967,0.934246624,1.0598,1.994046624,Paris,France,4921.3978,819.5849,16851.76098,3,1,0,16851.76098,1,7127148.101,38.36063761,8334.454538,0
94076,7.166051925,3.839514212,5349045.741,5408274.322,105.5027121,106.6709159,17.35159248,25.88100611,0,25.03997111,0.766813836,0.334754227,53352.13184,21895.30623,2.436692654,0.133366476,0.785810434,0.391,1.176810434,Paris,France,1661.1794,2861.8928,56352.16177,3,1,0,56352.16177,1,7127148.101,65.29470232,12128.48973,0.0055
94077,14.48948147,4.72373327,1734328.228,1911587.456,24.8417896,27.38077637,41.63852142,25.08615398,0,7.588265457,1.150207286,0.39155734,56476.98924,21345.0369,2.645907314,0.142392645,0.825972628,0.4669,1.292872628,Paris,France,2009.6001,2996.3201,21251.14277,3,1,0,21251.14277,1,7127148.101,59.37736992,12523.95056,0
94078,14.23585848,6.435076305,3540103.216,5035867.619,46.27373776,65.82531733,28.37622871,22.95405073,0,5.136432947,0.6870823,0.327266734,50666.94496,18565.9374,2.729027028,0.111387556,0.741122214,0.5356,1.276722214,Paris,France,2026.3702,3998.6758,37677.76534,3,1,0,37677.76534,0,7127148.101,38.97277545,8222.232533,0.0296
94079,14.45460858,3.427931809,3492601.013,3701888.204,67.52429313,71.57055251,32.61751684,28.08979853,0,9.915350554,1.118419276,0.511618439,59689.01454,23635.14963,2.525434172,0.137869128,0.762111533,0.467,1.229111533,Paris,France,1947.0552,2316.3704,28943.53465,3,1,0,28943.53465,1,7127148.101,52.4398078,11524.22542,0.0222
94080,6.581467911,0.79142346,9239455.849,9421171.176,233.7816289,238.3794868,6.712563994,28.33984772,0,47.42088854,0.556867206,0.290283895,65853.74971,31312.51669,2.103112642,0.157408516,0.907831792,0.3563,1.264131792,Paris,France,1385.2805,3842.7246,41598.35286,3,1,0,41598.35286,2,7127148.101,79.16982656,13221.06803,0.2678
94081,8.201251551,4.325243522,5333180.55,5961280.923,77.48671656,86.61249715,16.93840213,24.93607913,0,16.1734932,0.946209212,0.367999374,52583.83341,20389.89247,2.578916661,0.134383063,0.760876174,0.4766,1.237476174,Paris,France,1845.7849,2190.1736,87781.62229,3,1,0,87781.62229,1,7127148.101,64.88661043,12925.83089,0.0125
95018,12.97542882,4.948544584,3217467.439,3687048.704,82.7865015,94.86898277,30.44749203,23.76626943,0,8.498642343,0.947751927,0.388084357,55501.09482,20222.66973,2.744498899,0.122368187,0.675608298,0.4377,1.113308298,Paris,France,1880.9156,2033.6682,144460.2312,3,1,0,144460.2312,1,7127148.101,67.13111582,13867.47048,0.12
1,0.614368379,1.47408528,10472435.73,13195453.55,112.4572983,141.6981775,3.807902159,41.11856227,0,51.22554643,0.671664335,0.408354388,48221.9634,28105.03512,1.715776664,0.165868924,0.835296636,0.4392,1.274496636,Toulouse,France,1812.8062,1257.256,10375.32724,2,1,0,10375.32724,2,907168.8272,97.86357427,15351.31552,0.506030769
2,0.501317378,1.604360851,14997040.87,15985406.46,106.0000608,112.985893,2.948199767,40.55526202,0,43.0617139,0.604495982,0.383898478,45064.38092,27253.44448,1.653529738,0.162918613,0.763827253,0.3504,1.114227253,Toulouse,France,1303.7967,1316.8473,14098.44276,2,1,0,14098.44276,2,907168.8272,113.3775291,17224.95772,0.565776471
3,1.490222513,1.028551834,6319062.582,8460982.8,70.91847331,94.95711983,7.442503529,37.81067638,0,22.32311994,0.886045608,0.504316505,43433.5311,25387.17015,1.710845708,0.151286559,0.735237081,0.6475,1.382737081,Toulouse,France,2625.6508,1202.6,16889.04253,2,1,0,16889.04253,1,907168.8272,89.91867544,14829.58905,0.37205
4,0.49246337,2.11067461,12622509.35,13460359.33,125.5656721,133.9004011,6.708970991,40.58663707,0,47.97453591,0.591203485,0.381247087,45778.93745,27021.52563,1.694165536,0.176932196,0.900348075,0.3582,1.258548075,Toulouse,France,1270.7786,1748.3827,12652.154,2,1,0,12652.154,2,907168.8272,122.583602,17984.1811,0.418423529
5,1.448987255,0.563821994,6819057.875,7136639.847,97.49031344,102.0307011,11.67111714,37.77448067,0,29.09742419,0.816236467,0.49546581,47155.68352,26037.0432,1.811099792,0.157913718,0.82480177,0.8833,1.70810177,Toulouse,France,3702.6017,1710.6859,16175.73261,2,1,0,16175.73261,1,907168.8272,95.82872048,15633.52509,0.301578571
6,3.090829755,0.856652638,6843979.948,7072433.678,44.28080346,45.75890754,19.71624345,36.07519281,0,14.42825317,1.062973551,0.572175897,45106.063,23858.00251,1.890605174,0.146442765,0.780066022,0.879,1.659066022,Toulouse,France,3925.1976,984.6872,17119.52796,2,1,0,17119.52796,1,907168.8272,67.3070175,12717.88838,0.2161
7,2.618560298,0.797136928,4294802.699,4351515.995,80.47869158,81.54142069,18.67940984,34.88068296,0,25.31539965,0.978524051,0.531900034,43114.30329,22450.25248,1.920437346,0.146111152,0.729890276,0.884,1.613890276,Toulouse,France,4010.4311,1134.2318,15727.14716,2,1,0,15727.14716,1,907168.8272,73.80019644,12738.38869,0.275378947
8,1.612032049,1.954478529,5723327.181,7018843.273,64.66272985,79.29960178,17.51698682,36.2058958,0,16.42677227,0.74742156,0.44237039,42863.59462,23413.89656,1.830690356,0.165564598,0.9848551,0.6535,1.6383551,Toulouse,France,2683.6708,1929.8107,17779.73767,2,1,0,17779.73767,1,907168.8272,108.6544656,16549.50092,0.204422222
9,1.639619776,2.064290164,3706463.054,3729260.769,70.95947588,71.39593345,25.0872319,38.46599836,0,6.899661745,0.921934808,0.486931279,53123.203,26590.07187,1.997858572,0.173347904,1.144765413,0.798,1.942765413,Toulouse,France,3498.1214,971.0254,18138.70002,2,1,0,18138.70002,2,907168.8272,108.5779483,16668.04266,0.114670833
10,2.29748373,1.266845805,3561359.908,3718400.952,66.89996269,69.84997062,20.58151606,38.09904895,0,9.130149692,1.014278729,0.537882913,50144.48428,26017.59886,1.927329441,0.175436377,1.060741364,0.8051,1.865841364,Toulouse,France,3408.0356,849.7851,14774.52806,2,1,0,14774.52806,1,907168.8272,88.50735765,14578.37619,0.126661905
11,2.637554629,0.644994854,4408886.853,4495899.678,73.04529747,74.48690345,18.92070835,36.00236521,0,29.64038003,0.936666273,0.527641886,44482.46034,24157.33352,1.841364665,0.160205442,0.827113699,0.7766,1.603713699,Toulouse,France,3384.9392,1498.7394,16241.7836,2,1,0,16241.7836,1,907168.8272,77.68780865,14416.33956,0.148094737
12,2.305084557,1.20537093,3876578.485,5764351.434,20.86085814,31.01944614,6.994561796,31.05848758,0,24.51617434,0.503299445,0.269662529,36349.46306,18747.78896,1.938866665,0.138215875,0.927847245,0.5266,1.454447245,Toulouse,France,1918.0966,2332.2635,4775.120611,2,1,0,4775.120611,0,907168.8272,64.21070824,11902.54848,0.2137875
13,1.732877803,0.660175796,6041964.397,6102896.931,87.91444132,88.80104861,8.961144476,36.9539847,0,28.17657374,0.822870489,0.502733993,43154.13296,25114.89815,1.718268284,0.159439636,0.693560187,0.4672,1.160760187,Toulouse,France,1804.1117,1500.5061,17211.55126,2,1,0,17211.55126,1,907168.8272,74.42875902,12513.81456,0.324005882
14,3.32380226,2.232375857,3853485.257,3943350.051,59.24634156,60.62798958,21.9648556,37.58538271,0,14.07562869,1.056846638,0.555752637,47142.33464,23306.11739,2.022745095,0.203773724,0.982481668,0.7078,1.690281668,Toulouse,France,3104.2783,784.3743,6335.414499,2,1,0,6335.414499,1,907168.8272,57.16201395,10969.23252,0.099385714
15,3.699017812,2.348032657,3977793.109,4044258.583,75.61384192,76.87728364,17.76460134,30.4515135,0,18.31045869,0.81629362,0.362575653,39346.84243,17228.33706,2.283844476,0.162814802,0.739183136,0.5409,1.280083136,Toulouse,France,2270.6614,1708.0513,18520.30612,2,1,0,18520.30612,0,907168.8272,74.14213448,13749.01969,0.094156
16,2.998583213,1.022405894,4127588.473,4218102.893,51.41891366,52.54648565,14.06686867,35.00151248,0,19.93895557,1.158618599,0.502151093,41303.08927,22533.14222,1.832992881,0.141792267,0.682249211,0.9045,1.586749211,Toulouse,France,4038.1465,1353.8412,18804.52199,2,1,0,18804.52199,1,907168.8272,61.1250678,11275.3872,0.142926087
17,4.119273114,2.318511041,6164165.463,6436545.771,29.94812633,31.27146522,15.72871767,33.78781142,0,11.85171525,1.047179,0.572846393,39938.65049,21438.40713,1.862948597,0.144191729,0.645645398,0.9985,1.644145398,Toulouse,France,4248.296,1491.7709,6439.947823,2,1,0,6439.947823,1,907168.8272,46.76733054,10304.16689,0.07596
18,4.437539533,2.221051063,1607731.994,2613730.801,8.280264004,13.46143583,28.93533244,34.59165214,0,1.6659677,1.256835111,0.611023275,49798.54315,24461.4887,2.035793641,0.143858275,0.621535058,1.1157,1.737235058,Toulouse,France,4783.8857,965.6918,7532.79708,2,1,0,7532.79708,1,907168.8272,35.15284555,7938.805379,0.088713953
19,5.242681084,3.311458135,2146130.264,2314573.104,44.37831364,47.86142432,21.37017653,32.04880664,0,7.795823833,1.096903471,0.518692762,40809.7286,19851.55027,2.055745171,0.080685799,0.291594841,0.9674,1.258994841,Toulouse,France,4158.4037,1224.1866,17728.55912,2,1,0,17728.55912,1,907168.8272,46.2539939,10035.2588,0.102321053
20,3.940760643,2.781611604,2247621.042,2740338.101,42.73873684,52.10780055,19.16194243,33.12349248,0,6.107318347,1.262452539,0.606729589,42822.78432,20762.3379,2.062522272,0.106446168,0.42571018,1.0406,1.46631018,Toulouse,France,4601.3653,1332.3592,27133.18469,2,1,0,27133.18469,1,907168.8272,53.85319922,10457.70355,0.097685366
21,3.672277095,3.729722729,3443985.415,4162464.129,23.83589884,28.80850582,23.65143652,36.33505165,0,6.12844295,1.116241255,0.563625665,45085.67095,22756.90734,1.981186208,0.160721492,0.757163914,0.8682,1.625363914,Toulouse,France,3672.0181,1287.6305,14637.12118,2,1,0,14637.12118,1,907168.8272,57.50547017,10985.7929,0.063802174
22,2.506932183,2.850794972,2956063.362,3069572.727,56.56354951,58.73552344,26.10122675,36.58066045,0,2.434064885,1.107952417,0.559397736,49913.4172,24174.48847,2.064714514,0.16614166,0.908475566,0.9674,1.875875566,Toulouse,France,4182.7124,1291.5944,15231.26169,2,1,0,15231.26169,1,907168.8272,83.83066551,13856.83061,0.087989474
23001,5.77443891,2.230915783,1621811.054,2336265.125,5.590602805,8.053422953,32.24569745,36.14181648,0,0.777754545,1.28406139,0.595323023,48149.86551,22942.99635,2.098673808,0.143011477,0.473269058,1.3064,1.779669058,Toulouse,France,5518.1599,1314.6118,2664.63056,2,1,0,2664.63056,1,907168.8272,28.97452415,7410.246591,0.0798
23012,4.707071596,1.174455385,4392490.511,5353198.58,9.445170343,11.51098046,9.731371511,31.89231484,0,5.752836879,0.702226105,0.526806265,36363.93674,20057.96565,1.812942417,0.107981552,0.530652634,0.5884,1.119052634,Toulouse,France,2307.7485,1271.4407,3644.128174,2,1,0,3644.128174,1,907168.8272,26.32192687,7624.765602,0.0559
23030,4.374484832,0.829214016,3661328.286,3661328.286,57.15513231,57.15513231,19.56674205,36.92651092,0,2.426570286,1.046898554,0.560900312,47821.42318,23753.85395,2.013206921,0.179299752,0.568926233,1.0925,1.661426233,Toulouse,France,5033.4219,697.4161,3191.104013,2,1,0,3191.104013,1,907168.8272,27.95429443,7813.350169,0.0868
23032,4.230726899,0.91929752,2674810.502,2674810.503,71.05989548,71.05989548,15.55045258,38.26555241,0,2.726978787,0.944335785,0.490279421,46767.28585,23924.90554,1.954753208,0.203642777,0.615515433,0.8404,1.455915433,Toulouse,France,3235.1724,1408.9386,2068.126257,2,1,0,2068.126257,1,907168.8272,39.38086734,7971.131145,0.1133
23043,3.499690539,0.812439104,3092036.271,3168090.344,59.01208977,60.46359596,24.0068466,38.84486604,0,2.508483784,1.213178526,0.584772083,53254.48835,26039.60802,2.045134024,0.184878626,1.180252766,0.8097,1.989952766,Toulouse,France,3458.1776,752.3696,2727.695104,2,1,0,2727.695104,1,907168.8272,60.60164559,11046.75709,0.0735
23044,3.414467933,1.241526533,1938257.363,1938257.363,47.41027128,47.41027128,24.94731844,39.68170621,0,1.937975073,1.4003618,0.550495674,52985.46095,26785.12328,1.978167522,0.187019921,0.567081257,1.1826,1.749681257,Toulouse,France,5184.3685,743.5388,2469.508059,2,1,0,2469.508059,2,907168.8272,61.41782937,11007.77697,0.0825
24,4.635911826,0.517740338,1995445.637,2789434.267,14.79903232,20.6875733,25.10940446,36.45151282,0,11.22245192,1.020375204,0.604870854,46149.08136,24066.61997,1.917555578,0.130800723,0.733631399,1.0711,1.804731399,Toulouse,France,4694.3442,1712.7373,13441.37709,2,1,0,13441.37709,1,907168.8272,37.90926325,8319.832698,0.087930303
25,6.033750219,3.363812387,3409600.994,4535523.548,8.646238995,11.50141047,24.30541847,28.94880393,0,2.038303444,1.163141439,0.509904641,42132.92337,17151.8771,2.456461361,0.122778626,0.497386321,0.9864,1.483786321,Toulouse,France,4105.2232,1580.1991,8534.895901,2,1,0,8534.895901,0,907168.8272,28.17164772,6564.244159,0.084617391
26,7.31312813,5.789549564,1850236.152,2048680.598,20.75440182,22.98038566,54.83886298,36.27731957,0,1.201862026,1.54119962,0.628400329,59853.08779,24751.89639,2.418121296,0.112809053,0.559499483,1.1883,1.747799483,Toulouse,France,5348.8684,1027.0016,10374.70077,2,1,0,10374.70077,1,907168.8272,31.78582384,7006.594719,0.040811111
27,5.562331385,4.194301254,5136932.552,5265675.37,75.1478419,77.03121195,14.48067378,27.84914337,0,19.53434355,0.744194782,0.258054048,41289.92186,15313.75315,2.696264034,0.13768896,0.276181908,0.4146,0.690781908,Toulouse,France,1611.24,1712.3381,13722.31014,2,1,0,13722.31014,0,907168.8272,65.83882484,12526.60029,0.119675
28,5.334729462,3.63348702,3775905.394,4030718.691,20.29754824,21.66730851,34.49446758,31.89991643,0,6.182707639,1.113896139,0.539859644,45333.6525,20052.99726,2.2606921,0.13019488,0.475819957,0.9754,1.451219957,Toulouse,France,4405.5957,680.1326,11941.23817,2,1,0,11941.23817,1,907168.8272,59.50721734,11240.82978,0.093433333
29001,5.251984685,3.252517278,1182996.256,1597981.596,11.91868643,16.09966343,42.5650487,39.6888966,0,3.388487004,1.375913299,0.616619487,54277.072,25456.56141,2.132144681,0.148493609,0.674468068,1.144,1.818468068,Toulouse,France,5126.0936,583.6641,4000.041606,2,1,0,4000.041606,1,907168.8272,28.77047821,7027.070344,0.1215
29010,5.546920447,3.604028903,1437025.02,1480719.163,27.19766582,28.0246373,39.71917595,39.97646671,0,4.403946202,1.52611987,0.690128534,54094.57631,26248.94604,2.060828508,0.151217079,0.629605022,1.1174,1.747005022,Toulouse,France,4734.8094,936.3447,3603.639874,2,1,0,3603.639874,2,907168.8272,45.09415379,9890.607467,0.1499
29015,6.152183599,2.413068073,1276711.141,1842368.761,15.95369326,23.02211137,35.07175559,36.24625795,0,1.522456917,1.529309911,0.626383555,51625.13372,23980.81504,2.152768103,0.098129189,0.439582111,1.4555,1.895082111,Toulouse,France,6526.1402,803.4328,3307.201274,2,1,0,3307.201274,1,907168.8272,31.42307549,6856.120039,0.0219
29026,7.186453882,1.065382233,10007315.39,10650157.51,3.336039654,3.550337568,23.62197656,29.91212306,0,0.655772904,1.582323581,0.781643558,44681.20807,20379.05032,2.192506882,0.028266015,0.273513291,1.5041,1.777613291,Toulouse,France,7302.8123,0,1511.418126,2,1,0,1511.418126,1,907168.8272,43.25774029,9495.929966,0
30001,6.362395278,2.593688206,1721291.016,1761038.001,31.16885746,31.88858941,49.69617727,40.53227703,0,9.047356155,1.249531893,0.670970502,56466.89041,25999.57437,2.171839031,0.26105617,0.865669566,1.3709,2.236569566,Toulouse,France,5872.2051,42.214,1817.727782,2,1,0,1817.727782,1,907168.8272,78.14959684,13730.77928,0.0507
30002,6.7981619,2.674912813,3625774.787,3625774.787,81.92919309,81.92919309,20.68329744,33.79840773,0,7.951579148,1.105106136,0.505050722,44142.402,20782.37281,2.124030899,0.135490085,0.48071801,0.6162,1.09691801,Toulouse,France,2558.702,1175.6449,1779.115462,2,1,0,1779.115462,1,907168.8272,75.49699956,13111.41659,0.0506
30003,7.012420369,2.969110603,1791361.739,2048601.618,21.83127331,24.96624821,41.28519306,37.95979005,0,5.226984691,1.780938663,0.76683988,57363.85778,26153.61678,2.19334321,0.156165205,0.851294815,1.1424,1.993694815,Toulouse,France,5176.2275,1059.2359,2462.343876,2,1,0,2462.343876,1,907168.8272,72.0282185,12730.07757,0.0601
30005,5.471406128,3.315210107,2384102.106,2634761.316,38.71944214,42.79031845,23.66035851,39.33162312,0,9.541967617,1.278573198,0.578703334,50232.28216,25878.40578,1.941088744,0.181195785,0.718759457,0.7809,1.499659457,Toulouse,France,3351.9725,493.6016,2829.494241,2,1,0,2829.494241,1,907168.8272,66.31493204,11373.76949,0.0696
30006,5.890665172,2.808829205,2997325.327,2997325.327,86.40335561,86.40335561,26.7417439,39.58905525,0,13.24864994,0.990022515,0.476605725,50944.89804,25907.08578,1.966446495,0.194005986,0.849881628,0.6274,1.477281628,Toulouse,France,3345.7907,224.7798,1484.80088,2,1,0,1484.80088,1,907168.8272,77.74150495,13806.27343,0.0519
30010,7.61059252,2.289387483,3202882.502,3279795.087,45.83415095,46.93479172,26.57547479,32.87030813,0,6.681294773,1.260072598,0.582930694,48744.83359,22339.74596,2.181977973,0.092488676,0.30156104,0.9983,1.29986104,Toulouse,France,4568.0669,683.1294,3256.490088,2,1,0,3256.490088,1,907168.8272,71.21203472,12483.56334,0.0419
30014,6.090860448,3.615312331,902612.0247,1241165.679,19.48692774,26.79612639,60.55711187,40.43749178,0,3.716522106,1.585109116,0.61969587,67263.43805,29554.91976,2.275879569,0.198507108,1.059735508,0.642,1.701735508,Toulouse,France,2434.575,1115.7902,1757.03239,2,1,0,1757.03239,2,907168.8272,51.21553213,8766.355732,0.0994
30016,5.032166025,3.078963517,1357498.825,1497466.077,35.86954333,39.5679343,42.38107456,39.27482491,0,10.39849961,1.093538856,0.833333333,58736.46653,28095.11353,2.090629264,0.190925942,1.228211673,1.2237,2.451911673,Toulouse,France,4936.0483,2198.6814,2205.520977,2,1,0,2205.520977,2,907168.8272,52.64385374,10183.04305,0.0529
30018,5.39800109,2.551225836,3167162.275,3195372.293,27.75309935,28.00029711,50.53472679,40.21510476,0,11.36691116,2.13605409,0.796086444,58295.32158,27619.65963,2.110645908,0.235842435,1.084285217,1.2916,2.375885217,Toulouse,France,5644.1583,1465.9762,2241.728903,2,1,0,2241.728903,2,907168.8272,67.53920771,12089.48859,0.041
30023,9.027562883,0.873386539,10254028.92,18537230.67,6.098259839,11.02443247,32.60431552,32.31100134,0,2.100717512,1,0.333333333,53348.53046,23840.05778,2.237768505,0.057403958,0.420309671,0.8649,1.285209671,Toulouse,France,1712.391,7906.5887,3801.619016,2,1,0,3801.619016,1,907168.8272,52.23576186,10070.39337,0.0135
31,6.224682812,5.393381509,1524492.137,1747810.541,17.87482613,20.49325723,79.07266702,43.78257079,0,0.116505222,1.58347387,0.68184159,62458.70037,27245.34197,2.292454264,0.283207268,1.064769748,1.2608,2.325569748,Toulouse,France,5409.8855,1278.5267,12252.44606,2,1,0,12252.44606,2,907168.8272,62.49927288,10744.92226,0.015345
32001,3.901482391,4.05686278,1942845.84,1942845.84,47.034592,47.034592,43.48040953,39.78330165,0,0.033780807,1.617842803,0.583779716,55356.86594,26053.85996,2.124708816,0.20599026,0.843694688,0.7012,1.544894688,Toulouse,France,3003.7734,1083.5921,2276.135435,2,1,0,2276.135435,1,907168.8272,69.37562121,13007.92571,0.082
32003,4.463526514,4.898641377,1216577.679,1337698.984,21.37231598,23.50012325,57.78060869,43.10455815,0,0.091164647,1.418027028,0.600579059,68806.46317,29021.06487,2.370914488,0.202372579,0.874399813,0.7377,1.612099813,Toulouse,France,2885.3718,1956.2253,2984.91629,2,1,0,2984.91629,2,907168.8272,45.09415379,7576.511593,0.037
32005,5.376316416,4.912114936,832948.856,965928.5573,17.35803644,20.12923479,88.12424384,49.77434168,0,0.00138078,2.078811833,0.70303502,87898.22219,33128.15262,2.653278715,0.22273265,0.818129702,1.2528,2.070929702,Toulouse,France,5722.0394,467.716,2402.382099,2,1,0,2402.382099,3,907168.8272,52.4398078,9351.964533,0.0396
32006,4.689232448,3.78234746,691613.6153,952250.4451,15.74846249,21.68332156,62.19649487,41.98546534,0,0.122594499,1.580581226,0.762198684,67675.84193,28521.77191,2.372778316,0.218387967,0.786766495,1.2207,2.007466495,Toulouse,France,5023.1809,1601.984,3177.573795,2,1,0,3177.573795,2,907168.8272,55.90858886,10725.22272,0.0989
32008,3.785948511,3.486199491,2222831.109,2222836.1,44.69599596,44.69609633,35.25503897,40.56436024,0,0.131021838,1.007728592,0.671108587,50044.86768,26850.75093,1.863816316,0.246914448,0.751193216,1.1621,1.913293216,Toulouse,France,4506.5259,2449.9917,2052.341154,2,1,0,2052.341154,2,907168.8272,65.09065637,12933.5828,0.1084
32010,4.201799477,4.654847943,1493819.75,4102216.748,3.07402016,8.441645643,25.13825381,34.65036808,0,1.848658601,1.577594025,0.482855463,54820.51149,24114.33811,2.273357504,0.078060229,0.485069805,1.1067,1.591769805,Toulouse,France,828.5792,5901.01,1800.714567,2,1,0,1800.714567,1,907168.8272,38.56468356,7515.029081,0.0564
32016,4.96689353,3.232208178,539818.2157,1514499.453,7.524718089,21.11114648,43.8161319,40.15902895,0,0.944621592,1.129021959,0.43443226,57775.03214,24878.66955,2.322271776,0.195328919,0.887709703,0.9701,1.857809703,Toulouse,France,3781.7468,1825.0625,1571.521578,2,1,0,1571.521578,1,907168.8272,31.83116738,7304.432241,0.0474
33001,8.816239345,5.366851801,1304366.498,1304366.498,26.71542364,26.71542364,63.03243417,40.40210132,0,0.009848148,1.357640459,0.658568331,59897.33871,25945.5552,2.30857803,0.219940833,0.740872998,0.5499,1.290772998,Toulouse,France,2140.4619,2170.2293,2843.172439,2,1,0,2843.172439,1,907168.8272,48.76698079,8522.791189,0.0098
33003,10.17574945,6.662997113,758564.0106,2012244.315,10.71472134,28.4229634,42.02810142,37.66440236,0,4.12E-07,1.443911257,0.546940511,53399.85667,24815.47438,2.151877327,0.154306325,0.592454497,1.2016,1.794054497,Toulouse,France,4613.4277,1687.0648,3239.195913,2,1,0,3239.195913,1,907168.8272,29.38261604,5388.104348,0.0045
33006,8.231564007,4.681743429,992273.2536,1397605.087,17.40916061,24.52059586,77.02269308,43.44318448,0,0.019418059,1.776645139,0.777394822,64451.90875,28115.09669,2.292430628,0.264969375,1.081870104,1.4425,2.524370104,Toulouse,France,6827.5855,609.4808,3060.135953,2,1,0,3060.135953,2,907168.8272,53.05194563,8736.817429,0.0096
33007,7.471144367,3.971269631,925096.9918,925136.4028,21.52662819,21.52754527,81.27179908,43.22196983,0,0.126846717,1.657771586,0.729051938,66827.82267,28452.74653,2.348730117,0.282065769,0.797294436,1.3846,2.181894436,Toulouse,France,6156.6107,323.815,1672.325953,2,1,0,1672.325953,2,907168.8272,53.05194563,8767.954636,0.0576
33010,7.094572103,3.844511109,222521.9702,1261803.666,3.399737488,19.27810195,79.1753806,40.99112536,0,0.094616571,1.404660512,0.644309715,64978.09109,25941.44891,2.504798067,0.198956447,0.863667912,1.5665,2.430167912,Toulouse,France,7334.2545,769.5793,1928.024754,2,1,0,1928.024754,1,907168.8272,41.01323489,6328.715752,0.0593
34,6.831207115,2.287742011,1337713.189,1711811.512,20.27452404,25.94439821,33.4189623,39.16153095,0,4.191661584,1.372633038,0.651011746,53288.91319,25217.9762,2.113132028,0.192732582,1.008220172,1.2199,2.228120172,Toulouse,France,5364.6668,1306.9216,13135.1242,2,1,0,13135.1242,1,907168.8272,42.82049898,8522.286044,0.063678571
35001,10.72655946,7.26151347,1641285.865,1641285.865,38.24105129,38.24105129,50.45465051,36.74586737,0,0.85191312,1.253485729,0.709817802,49548.53906,22858.41131,2.167628292,0.204336983,0.954845994,1.5357,2.490545994,Toulouse,France,7080.7154,135.0315,2850.508946,2,1,0,2850.508946,1,907168.8272,53.66408347,9487.897901,0.0106
35002,10.7543484,6.559167607,949985.1715,978451.2142,25.27169967,26.02895916,69.77191483,38.82012452,0,0.445529722,1.649832166,0.785880021,61685.19116,25507.84184,2.418283426,0.184434248,0.612659901,1.1134,1.726059901,Toulouse,France,4599.0061,812.5232,2956.569126,2,1,0,2956.569126,1,907168.8272,38.36063761,7530.492499,0.0133
35003,9.559448376,6.869531396,711506.9638,1411839.73,6.384409874,12.66855277,70.62357788,38.82132788,0,0.25749418,1.619281558,0.605246699,67125.39718,26569.83654,2.526375993,0.111518682,0.692284363,1.4334,2.125684363,Toulouse,France,6537.1593,579.1236,5111.884506,2,1,0,5111.884506,2,907168.8272,18.16008908,3673.04207,0
35004,10.80724916,7.741312628,1497281.63,1982948.573,17.18859847,22.76399183,57.78673003,37.80699787,0,0.245347045,1.378909765,0.493418778,53178.96985,23782.03048,2.236098801,0.202723722,0.693562717,1.0389,1.732462717,Toulouse,France,4755.5247,1257.1966,3619.940536,2,1,0,3619.940536,1,907168.8272,44.07392407,7972.242787,0.0068
35013,11.55420688,7.318405776,1209769.554,1511757.892,29.84573257,37.29596402,46.66114703,36.78217648,0,0.739144922,1.4528271,0.604524047,50283.06227,22163.93586,2.268688313,0.194715448,0.833035245,1.5652,2.398235245,Toulouse,France,7354.6525,78.2345,2913.197695,2,1,0,2913.197695,1,907168.8272,73.66058605,12042.2693,0.034
36001,9.95250476,2.892217183,948155.1321,1283305.703,19.32550463,26.15661664,68.50173451,40.00683901,0,3.818325249,1.895215208,0.758424745,68051.53774,28362.6892,2.399333055,0.195623646,0.686111398,1.3313,2.017411398,Toulouse,France,5738.1041,816.5987,3193.525648,2,1,0,3193.525648,2,907168.8272,50.39934835,9533.596847,0.0077
36002,10.98459122,2.397213383,792932.2379,1333164.86,16.26871275,27.35274859,71.91172245,37.9563581,0,2.481835743,1.71096301,0.725260934,74625.08203,28131.4255,2.652730202,0.107554809,0.523259287,1.7345,2.257759287,Toulouse,France,7646.3709,912.8509,4954.058432,2,1,0,4954.058432,2,907168.8272,57.13286453,10502.71163,0.0096
36009,9.425222703,2.193650787,1034337.793,1039046.7,24.10993938,24.21970183,68.04967836,40.61836916,0,2.386034153,1.500146369,0.573735425,70288.91785,28895.06225,2.432558104,0.173517357,0.708035193,1.1587,1.866735193,Toulouse,France,5393.9475,1360.9073,4022.330832,2,1,0,4022.330832,2,907168.8272,70.19180499,12764.16304,0.043
36011,8.351879068,3.100124532,1423373.147,1434411.259,33.24974496,33.50759332,54.56662436,38.30848514,0,4.264324162,1.395757396,0.458372211,62128.15026,26581.25339,2.337291976,0.159917776,0.572571892,0.8266,1.399171892,Toulouse,France,3374.588,646.061,2470.199246,2,1,0,2470.199246,2,907168.8272,66.92706988,11853.01873,0.0308
36012,8.343708735,3.45674989,1696128.324,1772366.324,27.42982608,28.66274876,58.11897237,40.7975486,0,4.07579464,1.335786465,0.708037181,62155.95919,27686.14007,2.245020759,0.212465831,0.96444181,1.1028,2.06724181,Toulouse,France,5081.1543,262.6189,2407.255975,2,1,0,2407.255975,2,907168.8272,62.43805909,11423.81706,0.0321
36014,8.915250394,3.796718938,848805.82,1210645.167,17.13697947,24.44234109,58.11778971,40.29874437,0,1.222812002,1.786557773,0.746911557,66550.43767,28519.67037,2.333492527,0.168068714,0.462437254,1.4269,1.889337254,Toulouse,France,6261.4399,1159.698,2881.416393,2,1,0,2881.416393,2,907168.8272,36.932316,7558.877738,0.0433
36018,11.18839618,0.915696359,1695916.832,2512061.06,14.25147093,21.10985899,76.74315839,36.48470643,0,0.129747152,2.017219011,0.637053798,75888.87617,27228.09103,2.787153756,0.091879571,0.478374172,1.439,1.917374172,Toulouse,France,6055.4222,1714.0841,3067.772298,2,1,0,3067.772298,2,907168.8272,34.27971872,7033.122755,0.0173
36025,6.871936932,3.912323599,837387.9438,1199573.283,18.09444084,25.92061179,48.29476702,40.95245285,0,3.498826556,1.248840733,0.616406288,57400.94228,27793.50767,2.065264412,0.166553225,0.612917727,1.0144,1.627317727,Toulouse,France,4538.4856,0,2296.539778,2,1,0,2296.539778,2,907168.8272,35.70804033,7426.071374,0.0394
36026,9.584468176,4.256607867,1679048.786,1984931.984,7.483902704,8.84729376,76.06038999,43.68724924,0,0.114723117,1.777003269,0.84594131,78432.70524,29990.70887,2.615233457,0.135027516,0.70153134,1.4413,2.14283134,Toulouse,France,6292.9885,912.4288,3829.175178,2,1,0,3829.175178,2,907168.8272,21.4248242,5507.67772,0.0353
37001,8.544735646,2.517741736,2073966.745,2274475.14,21.12988678,23.17269662,56.35544048,38.08007304,0,1.01469799,1.632547465,0.689328893,62466.20565,26009.99138,2.401623466,0.146113574,0.655672529,1.4508,2.106472529,Toulouse,France,6516.2922,992.6578,7783.164162,2,1,0,7783.164162,1,907168.8272,74.06867794,12908.6292,0.0391
37002,9.623083104,1.51334123,1516934.557,1605712.133,31.2197956,33.04691317,55.60790951,38.20617138,0,0.860171035,1.189986431,0.516851812,57100.88271,24201.07472,2.359435826,0.185613287,0.77832107,1.0688,1.84712107,Toulouse,France,4870.7358,1165.3276,3162.462558,2,1,0,3162.462558,1,907168.8272,102.2270183,15847.99939,0.0461
37006,11.41532451,0.372375587,5109173.824,5633375.92,3.077072033,3.392780142,73.57953325,37.06135632,0,0.093274823,1.359590916,0.465918891,71355.56073,26659.53713,2.676549123,0.119566578,0.689572204,0.7861,1.475672204,Toulouse,France,3163.1391,1154.5528,957.1389142,2,1,0,957.1389142,2,907168.8272,57.74500236,10293.0483,0.0118
37014,11.64810984,1.580063322,1276839.445,1794072.155,13.71284832,19.26776262,57.43049574,35.7854763,0,0.36375709,1.707838179,0.605004034,66579.57226,26949.3765,2.470542213,0.075460228,0.558687722,1.4312,1.989887722,Toulouse,France,6238.2346,917.5576,3218.222212,2,1,0,3218.222212,2,907168.8272,38.56468356,7255.326136,0.0273
38001,9.19528418,1.975092703,1670215.9,1670215.9,43.62652206,43.62652206,22.38776272,36.66513947,0,0.979171788,0.791270991,0.463336264,43883.37928,21599.10951,2.03172169,0.19958569,0.841633946,0.8732,1.714833946,Toulouse,France,4458.7766,875.7094,1867.774436,2,1,0,1867.774436,1,907168.8272,106.1038913,15660.52728,0.0554
38002,9.981480544,2.437935087,664750.3673,1305737.174,15.84803855,31.12953987,56.83504613,36.50900766,0,0.37736924,1.428943539,0.650067881,58703.82971,24893.87661,2.358163441,0.121758996,0.73530117,0.912,1.64730117,Toulouse,France,4077.0298,0,6114.608042,2,1,0,6114.608042,1,907168.8272,76.72127523,11793.34794,0.0864
38004,8.163134359,0.548997195,23498162.45,24593846.32,1.202734065,1.258815741,24.94667129,36.42307049,0,0.144434222,1.807894912,0.5,44850.83081,22106.39831,2.02886197,0.128492873,0.817570844,0.378,1.195570844,Toulouse,France,2035.8599,0,329.8611442,2,1,0,329.8611442,1,907168.8272,41.21728084,6088.050498,0.016
38006,8.391663841,1.559847958,3148129.071,3165544.439,27.32697762,27.47814975,22.50116293,37.12162256,0,1.044203963,1.197831658,0.56195287,43365.46082,20899.63473,2.074938695,0.200090712,1.387243751,1.3832,2.770443751,Toulouse,France,5858.6922,2523.8222,2315.075246,2,1,0,2315.075246,1,907168.8272,67.33516177,10550.30657,0.0186
38009,9.435006093,1.97510825,5039063.023,5106508.832,70.44623164,71.38912581,18.17014713,36.40212253,0,1.183286591,0.967614877,0.551521924,41854.4394,20753.25926,2.016764638,0.2033466,0.968083957,1.5178,2.485883957,Toulouse,France,6742.5346,0,2909.600932,2,1,0,2909.600932,1,907168.8272,112.6333615,17281.08588,0.057
38010,9.958615401,1.725374147,1904773.79,2234998.451,46.3910467,54.43371704,37.94779421,35.47231469,0,0.870982697,1.573667736,0.568410838,46922.01809,20772.80362,2.258819702,0.168414465,1.069113891,0.7946,1.863713891,Toulouse,France,3622.2692,6.8615,4019.515142,2,1,0,4019.515142,1,907168.8272,101.4108345,16312.55916,0.0744
38011,10.89843699,1.262008439,2814213.412,3351351.008,18.82969604,22.4236444,58.6934709,35.6884278,0,0.722243918,1.423201998,0.791013208,59223.54417,24559.15192,2.411465362,0.116636616,0.540657512,1.5296,2.070257512,Toulouse,France,6942.2857,0,2489.986655,2,1,0,2489.986655,1,907168.8272,76.51722928,12515.98849,0.0802
38013,8.451480526,1.970083979,2839428.759,2839428.759,49.79572464,49.79572464,33.33713437,36.96481435,0,1.083791892,1.083775104,0.430792969,47987.58551,21773.69842,2.203924413,0.185088443,1.172655906,1.1221,2.294755906,Toulouse,France,5125.8028,68.6932,2140.178509,2,1,0,2140.178509,1,907168.8272,77.74150495,12680.35709,0.023
39001,9.85180526,0.61080098,5205201.173,14400212.08,3.597615814,9.952820067,76.28003185,39.08346083,0,0.06654402,2.144451853,0.810620124,67984.2864,27163.15961,2.502812168,0.13011334,0.758137605,1.8809,2.639037605,Toulouse,France,8442.4842,305.054,6746.384031,2,1,0,6746.384031,2,907168.8272,8.569929679,2210.740481,0
39009,14.91810137,5.354410332,241304.7055,1017139.652,4.396451852,18.53177913,63.87394953,37.26742843,0,0.000795161,1.500624391,0.634085126,59611.09194,25411.96653,2.345788228,0.111236316,0.470102956,1.7291,2.199202956,Toulouse,France,7479.7104,1586.1249,5217.395718,2,1,0,5217.395718,1,907168.8272,7.957791845,2144.968108,0
40001,11.15813567,1.507787337,1555958.795,4448850.142,5.162763232,14.76154768,77.43316521,39.17062867,0,0.287221645,1.442170255,0.575878236,66096.14737,26032.21738,2.539013347,0.161062835,0.621009994,1.7268,2.347809994,Toulouse,France,7478.0814,1244.0749,7206.1054,2,1,0,7206.1054,1,907168.8272,15.71153775,4438.456157,0.0196
40004,11.79676551,3.154158854,343983.2301,783014.0075,5.205802104,11.85004271,53.96023693,41.95879292,0,0.271110799,1.564883734,0.647657688,66829.49931,29938.18428,2.232249581,0.116872091,0.499608418,1.4503,1.949908418,Toulouse,France,6321.176,700.7012,3206.613034,2,1,0,3206.613034,2,907168.8272,18.97627286,3720.638439,0.0071
40006,9.542406773,1.440848194,1388583.674,2290704.937,11.69681075,19.29587869,57.78672062,38.18579352,0,3.253082789,2,0.759144921,57421.44554,25224.51037,2.276414674,0.179899576,0.923917465,1.4757,2.399617465,Toulouse,France,7066.832,1333.0879,4060.874457,2,1,0,4060.874457,1,907168.8272,21.01673231,5339.226978,0.0163
40019,8.559175568,2.265333937,743679.9791,1054474.036,19.63947274,27.8470776,59.9207663,36.74515809,0,1.03388399,1.978143056,0.858608048,64496.16381,25991.9887,2.481386267,0.13453199,0.772363713,1.7011,2.473463713,Toulouse,France,7973.7181,285.4374,2309.273907,2,1,0,2309.273907,1,907168.8272,48.15484296,8909.619247,0.0071
41001,10.32090849,5.03309843,1365223.827,3366619.814,5.494264253,13.54876653,65.00306586,37.55391325,0,0.017317812,1.534870097,0.660500439,52643.45234,22799.74235,2.30894944,0.163725264,0.688157015,1.4829,2.171057015,Toulouse,France,6679.6878,444.5858,5328.504011,2,1,0,5328.504011,1,907168.8272,38.56468356,7670.550859,0
41003,11.36221206,6.138195806,1838515.96,2250795.074,10.21307355,12.50331035,79.4131942,38.13653371,0,0.005210076,1.466431152,0.603355699,54616.09408,22898.30102,2.385159232,0.174904317,0.538654349,1.4954,2.034054349,Toulouse,France,6451.709,1281.1021,2706.146327,2,1,0,2706.146327,1,907168.8272,32.8513971,6860.853089,0
41004,9.505206652,6.050987034,865475.7908,989666.3168,19.14354996,21.89053326,67.10043567,38.15127943,0,0.147398541,1.365919815,0.57778361,53736.89626,23365.14019,2.299874763,0.17567478,0.556986327,1.4742,2.031186327,Toulouse,France,6452.3839,1009.9522,3401.597103,2,1,0,3401.597103,1,907168.8272,41.82941867,8437.397961,0
41006,7.953136581,5.453170779,1702223.948,1906985.252,20.65608828,23.14081867,44.01729047,35.04621747,0,0.220773518,1.263834455,0.574510773,46676.61408,21726.58521,2.148364026,0.13432122,0.476673658,0.8126,1.289273658,Toulouse,France,3531.3664,577.2492,6106.767985,2,1,0,6106.767985,1,907168.8272,39.78895923,8004.068037,0
41024,7.722156764,5.737442281,1134162.553,1303136.749,28.08267304,32.26659457,55.7931137,37.05528866,0,0.301449931,1.777419746,0.748436657,52408.85377,23344.01721,2.245065761,0.154684426,0.536050906,1.2289,1.764950906,Toulouse,France,5344.1302,874.0103,2899.935507,2,1,0,2899.935507,1,907168.8272,50.39934835,9028.322975,0
42001,13.67674552,8.148177747,876713.1175,1690929.34,9.268366254,17.87603279,79.25142192,39.75119598,0,1.23E-07,1.899223997,0.70216268,64115.401,25620.53936,2.502500049,0.152764998,0.525250373,1.8759,2.401150373,Toulouse,France,8014.5514,1678.2626,8397.655123,2,1,0,8397.655123,1,907168.8272,23.46528365,6474.192757,0.0147
42002,13.61787193,7.032511999,1270498.825,2393741.801,8.963084696,16.88731235,79.96146857,37.93562559,0,0.000144892,1.93032344,0.787911478,61244.23076,23864.90423,2.566288562,0.122560306,0.610606541,1.735,2.345606541,Toulouse,France,7323.6666,932.3415,3845.098918,2,1,0,3845.098918,1,907168.8272,27.75024849,7430.480603,0.0128
42017,12.59466354,5.230353986,293354.5018,775720.9434,7.120616359,18.82913405,63.05270954,38.51452572,0,0.00802665,1.528760906,0.733278456,57976.30285,24786.0441,2.339070431,0.132092937,0.570321517,1.6552,2.225521517,Toulouse,France,7734.3076,538.4156,3303.190093,2,1,0,3303.190093,1,907168.8272,29.79070793,5407.791517,0.0218
43001,9.942576326,8.086432504,1078115.772,1372432.152,27.02684725,34.40494528,60.25697809,35.64210967,0,0.067234044,1.685999577,0.716982702,51371.52741,22848.37562,2.248366723,0.152424644,0.485482458,1.7,2.185482458,Toulouse,France,6726.3006,1660.5202,3740.805758,2,1,0,3740.805758,1,907168.8272,51.01148619,9031.555267,0.0026
43003,10.68511152,7.935235772,388219.2834,1240611.54,6.803376553,21.74118552,70.4106621,38.3843708,0,0.018044114,1.369298305,0.557633211,57272.3678,24458.04823,2.341657325,0.174553249,0.515502571,0.907,1.422502571,Toulouse,France,3709.2788,1051.6193,3925.359721,2,1,0,3925.359721,1,907168.8272,35.0959025,6243.44536,0
43005,8.196723648,6.527406682,431163.1592,1042887.136,9.597591981,23.21442591,65.45497417,37.66924275,0,0.037810712,1.806711108,0.846265275,52641.71729,23370.08642,2.252525572,0.167821689,0.542036705,1.4296,1.971636705,Toulouse,France,6223.3657,1554.4725,3064.542402,2,1,0,3064.542402,1,907168.8272,26.11788093,5211.836606,0
43007,8.604432107,6.66739518,995625.726,1438527.181,22.29261799,32.20942979,68.11843923,37.94134188,0,0.239069223,1.64612258,0.691770419,55464.60849,23947.0494,2.316135385,0.179346804,0.561045202,1.365,1.926045202,Toulouse,France,6280.2619,614.64,2966.27333,2,1,0,2966.27333,1,907168.8272,51.01148619,8848.291198,0
43008,9.578461893,7.342111603,1049576.756,1139251.303,27.9003161,30.28408479,66.20350648,39.56048025,0,0.148288555,1.61837495,0.655249351,54669.85307,24385.10899,2.241935974,0.211365999,0.813694659,1.4526,2.266294659,Toulouse,France,5948.1893,1303.248,2892.669205,2,1,0,2892.669205,1,907168.8272,62.0299672,10308.64598,0.0086
43016,6.525377191,4.798211363,855951.2355,1430917.814,14.30970972,23.92194519,54.06128149,34.63305631,0,0.126931837,2.022125166,0.875774162,53918.29333,22701.94169,2.375052057,0.096786598,0.358833459,1.934,2.292833459,Toulouse,France,8698.3105,582.552,5548.284684,2,1,0,5548.284684,1,907168.8272,34.07567277,6329.599271,0
44,7.787614874,7.299485103,1110459.4,1433399.611,17.2009476,22.20327155,68.39584714,41.55701951,0,0.052147584,1.457786992,0.617657818,58507.20329,26282.856,2.226059576,0.224502451,0.893461594,1.2761,2.169561594,Toulouse,France,5786.2137,629.443,10416.02629,2,1,0,10416.02629,2,907168.8272,51.32540302,9547.388281,0.004207692
45001,12.30408632,10.01640422,140347.2912,674063.4559,2.531319212,12.15748278,88.20636672,45.11075112,0,6.57E-05,1.953136419,0.713693541,76226.2359,28544.34363,2.67044977,0.156679742,0.910462858,1.9233,2.833762858,Toulouse,France,8195.5614,1994.1141,3174.542198,2,1,0,3174.542198,2,907168.8272,11.22252696,2645.619114,0
45002,8.725164661,6.660214488,244871.3908,1192253.261,2.031615752,9.891725196,87.79204536,43.39689685,0,0.004062794,1.872907513,0.754829461,72171.36802,27976.02007,2.57975823,0.162478961,0.857992685,2.7521,3.610092685,Toulouse,France,11427.5396,1940.0272,1968.04317,2,1,0,1968.04317,2,907168.8272,15.5074918,3076.880013,0
45003,10.16418283,8.653138612,144911.1771,706888.6073,2.726659168,13.30086706,92.46667322,47.24727177,0,5.39E-08,2.076645944,0.678658882,89497.97692,31741.81026,2.819561209,0.157126809,0.884526721,2.2662,3.150726721,Toulouse,France,9184.7811,3236.4901,1995.634859,2,1,0,1995.634859,2,907168.8272,9.590159403,3077.379517,0
45011,6.478842342,3.817982348,685020.9884,1651350.752,7.319779933,17.64547993,69.37319155,43.55910849,0,0.304667828,1.490808927,0.787656198,63483.62973,28124.57398,2.257229915,0.236640579,0.890256087,1.5196,2.409856087,Toulouse,France,6645.8381,415.0259,5461.494408,2,1,0,5461.494408,2,907168.8272,4.489010784,1713.644771,0
45017,7.143549929,6.645638016,136927.8601,653735.5113,1.506909811,7.194448635,90.64526177,54.09160408,0,0.024158727,1.768484169,0.921206888,88142.06795,32295.13389,2.729267766,0.187761276,1.019969419,1.2436,2.263569419,Toulouse,France,5298.7061,842.678,1000.084023,2,1,0,1000.084023,2,907168.8272,14.07917019,3021.294021,0.0557
46001,8.22303661,4.617578543,1920837.6,3299304.155,4.612966666,7.923408043,62.56119162,40.77037322,0,0.030485821,1.458243119,0.563357995,57973.75318,25906.10841,2.237841063,0.164526946,0.667212769,1.1665,1.833712769,Toulouse,France,4951.4437,1292.052,3571.552328,2,1,0,3571.552328,1,907168.8272,36.932316,6821.159623,0
46010,11.89082383,8.288068233,745627.818,1765959.142,8.042411392,19.04780049,75.51167347,42.32331124,0,0.000780566,1.637720985,0.600447429,70768.86201,28441.76504,2.488202188,0.153796735,0.772445925,2.1937,2.966145925,Toulouse,France,9425.4817,1846.9867,4557.543052,2,1,0,4557.543052,2,907168.8272,34.48376466,6706.297468,0
46029,11.61804085,8.187119329,167451.14,750611.0316,4.249129305,19.04700876,89.80187512,44.38354384,0,7.61E-11,1.640430584,0.611187406,76733.15772,29262.08522,2.622272375,0.159490041,0.719079717,1.8305,2.549579717,Toulouse,France,8091.5063,716.7047,1971.238808,2,1,0,1971.238808,2,907168.8272,18.97627286,3944.062831,0
46033,13.02496458,9.406967199,591066.7487,1164653.55,11.55881043,22.7757857,75.70005553,41.17094902,0,1.10E-05,1.814493842,0.609851982,64164.77638,26673.50632,2.405562119,0.198138069,0.720578402,1.9608,2.681378402,Toulouse,France,8611.2791,948.0281,3260.06906,2,1,0,3260.06906,2,907168.8272,36.52422411,7411.58248,0
47001,10.47321087,5.885740575,3150924.772,3150924.772,47.15873325,47.15873325,28.88643881,41.02211525,0,4.763918531,1.203037467,0.513366427,47162.83109,24225.78949,1.946802646,0.247980728,0.714099192,1.1391,1.853199192,Toulouse,France,4839.9365,901.9543,2035.251775,2,1,0,2035.251775,1,907168.8272,61.41782937,10782.01156,0.0427
47002,10.39744343,5.709414873,566532.4186,1030299.9,10.63823792,19.3467754,57.42234171,45.52128715,0,1.487092211,1.843288254,0.849180229,64867.04762,29006.64527,2.236282308,0.211813655,0.72673132,1.8477,2.57443132,Toulouse,France,7593.4409,1900.2123,3730.668777,2,1,0,3730.668777,2,907168.8272,48.35888891,9165.489189,0.0221
47004,10.00019397,5.580772207,1253781.654,1355086.997,34.49270778,37.27971267,52.53122489,38.89951372,0,4.009777999,1.593817275,0.646068227,56900.27163,25299.40817,2.249075206,0.190358669,0.588036459,1.3612,1.949236459,Toulouse,France,6305.902,1352.9775,3909.207158,2,1,0,3909.207158,1,907168.8272,64.88661043,10672.24851,0.0405
47005,10.84511636,6.438114054,1013268.156,1288920.939,23.49218732,29.8830788,38.88019242,37.74562016,0,2.672461244,1.731132784,0.558999691,54327.19665,24892.14867,2.182503301,0.145276627,0.633723679,1.7436,2.377323679,Toulouse,France,7185.9373,1276.0718,4488.85016,2,1,0,4488.85016,1,907168.8272,62.23401315,10254.07288,0.0251
47009,8.685855211,4.12207512,731327.4843,1913602.06,5.187992512,13.57497615,53.32574708,43.05181998,0,1.686622687,2.000131311,0.858512915,63336.78019,27870.24374,2.272559249,0.170781335,0.736071441,1.1826,1.918671441,Toulouse,France,4416.1813,2169.7681,3483.953925,2,1,0,3483.953925,2,907168.8272,32.64735116,6716.183698,0.0609
48001,10.57811903,5.615501596,274538.9883,540647.7076,2.76657606,5.448198865,95.19862136,62.43047091,0,6.87E-08,1.543053254,0.836167457,97023.81752,37065.95221,2.617599488,0.305324038,0.892468804,1.6524,2.544868804,Toulouse,France,7976.5151,0,958.7468944,2,1,0,958.7468944,3,907168.8272,12.03871074,3466.320471,0
48003,11.62676315,6.97581789,202075.5552,625230.8446,3.440048626,10.64366497,83.31685824,48.5124405,0,3.15E-07,1.873273175,0.672853297,74464.77426,30096.96756,2.474162027,0.218314618,0.627402079,1.7126,2.340002079,Toulouse,France,8315.4181,486.466,2099.567268,2,1,0,2099.567268,2,907168.8272,5.917332398,2428.037374,0
48007,8.554844396,3.754313334,217783.2301,399117.0756,2.325131891,4.261117077,95.28064474,65.00911926,0,0.006166594,2,0.820862719,97951.24615,36797.77225,2.661879787,0.267488185,0.926589347,2.3832,3.309789347,Toulouse,France,10854.3789,1030.4439,1287.406182,2,1,0,1287.406182,3,907168.8272,13.26298641,3979.502959,0
48010,8.770365359,3.77234409,166410.6088,550400.5,2.736431555,9.050704805,96.74001104,55.42299809,0,0.002166385,1.853611118,0.698837111,97909.85919,35835.00272,2.732240875,0.191306891,0.691508611,1.9749,2.666408611,Toulouse,France,7790.8474,1642.6671,865.3747719,2,1,0,865.3747719,3,907168.8272,15.91558369,3606.414131,0
48011,10.85304534,5.889783763,103728.0806,544593.2992,0.966358707,5.073577699,98.28801925,55.57227691,0,0.006832691,1.954533394,0.834003604,101407.5468,36222.31944,2.799587337,0.208027042,0.678597187,1.7089,2.387497187,Toulouse,France,7911.7423,333.9774,270.9510786,2,1,0,270.9510786,3,907168.8272,9.386113458,2188.970207,0
48012,12.86891627,7.904780806,75999.94888,522951.0403,1.523401841,10.4824357,96.18233635,48.46765566,0,0.000128747,2.342195591,0.68135347,87296.32894,30973.15336,2.818451448,0.189785896,0.622936397,2.0574,2.680336397,Toulouse,France,8483.1666,2902.8031,784.6284131,2,1,0,784.6284131,2,907168.8272,4.897102674,1851.715724,0
48014,13.41530642,8.434968508,107822.4679,558539.8565,1.525335647,7.901514131,97.31643573,49.14190712,0,2.31E-13,1.694266689,0.732765102,89304.95426,31891.24296,2.800297071,0.154848144,0.635509799,3.0272,3.662709799,Toulouse,France,14901.8822,0,1035.013819,2,1,0,1035.013819,2,907168.8272,8.365883735,2943.944896,0
48017,13.60732347,8.132361721,106910.3237,533977.6823,1.636963468,8.176029486,94.81015274,51.94171543,0,8.35E-17,1.745050639,0.512762755,100080.8919,34906.53574,2.867110408,0.161606825,0.633221247,3.3206,3.953821247,Toulouse,France,15790.9904,540.067,937.0343463,2,1,0,937.0343463,3,907168.8272,7.141608066,2882.592974,0
48018,15.90857536,8.422220755,59489.39632,518953.5757,1.314239303,11.46471855,95.67451332,46.084512,0,1.20E-33,2.5,1.25,73817.43161,28814.52701,2.56181306,0.187470487,0.6689942,4.1941,4.8630942,Toulouse,France,17816.881,0,1337.530014,2,1,0,1337.530014,2,907168.8272,4.489010784,1937.440323,0
49001,8.836222923,5.54121347,2883454.026,4048647.359,1.908092847,2.679146258,82.51417337,36.2214793,0,0.126806649,1.737845429,0.701963827,55712.7345,21860.45487,2.548562454,0.189465507,0.867823457,2.0192,2.887023457,Toulouse,France,8063.9576,1657.0204,1223.409591,2,1,0,1223.409591,1,907168.8272,28.36238632,7110.959345,0.0186
49005,9.176734981,5.287197128,1565054.435,1565173.429,27.13253897,27.1346019,70.80916794,39.28927266,0,0.024710572,1.681952825,0.648641381,57974.00941,24857.59305,2.332245495,0.219604471,1.007480417,0.8949,1.902380417,Toulouse,France,3778.616,664.649,2237.445494,2,1,0,2237.445494,1,907168.8272,43.25774029,7963.36434,0.0401
49007,10.28672792,6.58655413,1353529.189,1381992.791,19.22277903,19.62701821,76.32221333,41.16347631,0,0.039310523,1.440640564,0.645331721,59543.98215,24997.41319,2.382005758,0.231764709,0.939456872,1.5956,2.535056872,Toulouse,France,6760.2808,839.1165,1826.620228,2,1,0,1826.620228,1,907168.8272,29.1785701,6323.185495,0.0322
49008,11.89076714,5.918484141,1756727.976,3647082.863,4.86599835,10.10213274,79.3757104,38.72804645,0,0.017955893,1.544822771,0.676463521,62143.6024,24840.19598,2.501735592,0.185452039,0.683721282,1.6891,2.372821282,Toulouse,France,7657.7849,740.3376,4564.79244,2,1,0,4564.79244,1,907168.8272,30.19879982,6848.563606,0
49016,8.776123573,4.860350687,245083.8327,1077591.552,3.671921618,16.14480919,83.56416791,39.4225859,0,0.011947044,1.653772585,0.522335347,62926.85173,24860.52048,2.53119607,0.179963436,0.907479846,1.0876,1.995079846,Toulouse,France,5030.7725,391.9659,2206.617041,2,1,0,2206.617041,1,907168.8272,48.76698079,8528.809116,0.0112
49028,7.555994332,4.172979588,1576968.992,1676538.463,24.23246435,25.76249676,84.40595457,32.58522145,0,0.044352661,1.114706941,0.481831149,48728.30197,19424.96852,2.508539559,0.177378045,0.623461727,1.0041,1.627561727,Toulouse,France,4060.1876,1086.6776,2133.298649,2,1,0,2133.298649,0,907168.8272,38.56468356,7720.777789,0
50001,16.14815241,4.833289619,395233.4004,1273856.15,4.917892725,15.85060343,78.32490811,40.38486911,0,0.025506412,1.565854895,0.78249432,57583.60557,23827.0052,2.416737021,0.181920933,0.873913622,1.8206,2.694513622,Toulouse,France,8600.8753,133.1444,3113.787339,2,1,0,3113.787339,1,907168.8272,32.23925927,6112.168321,0.0192
50002,17.92579119,6.03086209,113089.8712,550809.0324,2.398288946,11.68096841,92.26031083,40.13953105,0,7.43E-07,2.283983592,0.889413076,68258.46948,24604.22767,2.774257757,0.164116016,0.598604325,2.243,2.841604325,Toulouse,France,9703.5488,381.438,2464.14196,2,1,0,2464.14196,1,907168.8272,3.87687295,1208.095845,0
50006,16.30889562,3.03795128,417794.8442,1293987.105,3.839445759,11.89146628,72.19696227,37.97731571,0,0.015579084,1.714349586,0.717307331,56656.06642,23529.14343,2.407910284,0.152830361,0.579487606,1.6721,2.251587606,Toulouse,France,6843.7534,2532.426,3342.843581,2,1,0,3342.843581,1,907168.8272,28.36238632,5089.747756,0
50012,14.06918959,6.290203419,318341.9711,800268.1076,7.710021148,19.38193702,72.71406681,37.72418754,0,0.197284483,1.844917813,0.900049154,65537.95669,25660.18089,2.554072279,0.129180884,0.540113059,2.7329,3.273013059,Toulouse,France,12288.241,0,4572.944591,2,1,0,4572.944591,1,907168.8272,24.28146742,4830.990564,0
50014,13.52670266,5.679830147,856562.0739,938268.5989,23.45887317,25.69658958,71.6276431,37.09360236,0,0.630279781,2.026458337,0.632008217,59730.09865,24485.28315,2.439428545,0.173076347,0.653573177,1.37,2.023573177,Toulouse,France,6278.8564,525.6742,4661.669333,2,1,0,4661.669333,1,907168.8272,41.62537273,7762.546198,0
50017,12.37684639,6.979068087,747943.2805,962692.6994,21.24173707,27.34066303,76.10989798,38.5448909,0,0.523711783,1.896554148,0.978636298,58884.3065,24993.8185,2.355954793,0.230861624,0.778211329,1.9002,2.678411329,Toulouse,France,8534.3156,0,3456.79557,2,1,0,3456.79557,1,907168.8272,43.05369434,7311.53202,0.0134
50021,12.16495549,6.632590789,1507314.366,1550679.854,41.09308513,42.27533464,61.75672125,36.58986968,0,0.193959382,1.726544224,0.709064771,53976.13056,23407.05539,2.305976966,0.18939851,0.569064207,1.7306,2.299664207,Toulouse,France,7601.7962,0,2637.177831,2,1,0,2637.177831,1,907168.8272,65.49874826,12017.70666,0.0125
50028,11.43416144,6.725277344,950002.4558,1366834.679,14.02314006,20.17606799,71.25638368,35.61314325,0,0.036716184,1.653698092,0.555800254,59812.2723,23681.74225,2.525670268,0.144135115,0.532365734,1.4978,2.030165734,Toulouse,France,6945.2813,1193.5911,4019.413904,2,1,0,4019.413904,1,907168.8272,53.86812941,10119.97327,0.0149
51001,14.66984801,5.120633511,258175.6035,641418.7716,8.987454122,22.32868522,92.05864039,39.24956391,0,0.297073492,1.729213294,0.512675202,76979.59879,27526.29625,2.796583968,0.131285286,0.679786595,1.6317,2.311486595,Toulouse,France,7179.0722,1961.0034,6925.715434,2,1,0,6925.715434,2,907168.8272,17.3439053,4598.390429,0
51004,13.6828249,5.4795051,203526.9774,809159.4251,4.502280611,17.89965555,77.38031787,38.16222386,0,0.181810082,1.687609395,0.631458798,67652.64222,26148.78094,2.587219739,0.128974026,0.552182933,2.0782,2.630382933,Toulouse,France,8941.496,819.9995,4956.599833,2,1,0,4956.599833,1,907168.8272,23.87337554,5189.142004,0
51008,14.15167611,3.858669203,562066.0791,935576.1033,13.028997,21.68716223,74.43533379,37.74230111,0,0.137811176,1.678340155,0.601236258,64888.31637,25942.62121,2.501224369,0.144345607,0.623733483,1.7325,2.356233483,Toulouse,France,7597.2901,875.9799,4244.609386,2,1,0,4244.609386,1,907168.8272,33.87162683,7118.791649,0.0162
51010,12.28706005,1.561870206,2586047.658,5097172.15,7.768596983,15.31212159,68.24173147,39.06214636,0,0.70935234,1.602489567,0.804100875,62636.82686,25732.03723,2.434196185,0.149139745,0.588105224,1.4638,2.051905224,Toulouse,France,6300.1552,2461.3875,3445.147439,2,1,0,3445.147439,1,907168.8272,45.50224568,9311.161466,0.0816
51012,12.43432704,3.773600211,1250012.896,1515243.5,25.43751834,30.83490933,65.38412423,39.14747738,0,4.462859983,1.034303204,0.477099905,57685.28551,25253.01616,2.2842929,0.188560841,0.765067185,1.2457,2.010767185,Toulouse,France,5635.6486,693.7618,3234.113513,2,1,0,3234.113513,1,907168.8272,55.90858886,10206.52568,0.0773
51014,11.87585291,4.271334487,554745.4928,818809.4389,15.88300232,23.4434572,75.26874131,36.86207475,0,0.955175662,1.59301793,0.683701683,62862.36292,25372.16929,2.47761089,0.129762632,0.537702967,1.6987,2.236402967,Toulouse,France,7302.5186,1914.5908,3576.21236,2,1,0,3576.21236,1,907168.8272,51.01148619,9338.304677,0.119
51017,16.01002051,5.398179187,594643.1322,890381.8561,18.30282815,27.4055231,77.37894364,35.28320992,0,0.001472443,1.949548531,0.685021321,70471.51729,25762.65211,2.735413923,0.09136437,0.532191877,2.1471,2.679291877,Toulouse,France,10254.1316,431.7311,4609.856146,2,1,0,4609.856146,1,907168.8272,25.70978904,5552.450094,0
52001,17.69728699,6.652573028,176944.9043,792689.0362,4.400685783,19.71447206,67.66157097,38.99636324,0,4.76E-17,2.111340411,0.61109092,64262.03792,26220.94325,2.450790473,0.108311092,0.481233423,1.8037,2.284933423,Toulouse,France,7659.2055,1582.55,5042.378461,2,1,0,5042.378461,2,907168.8272,32.64735116,6499.046369,0
52003,16.96158382,6.06832972,298436.2423,738279.7337,7.12628332,17.62919447,81.14980392,41.00862152,0,4.31E-16,2.133961754,0.664792624,78794.34656,29192.93918,2.69908919,0.13317261,0.591548463,1.8994,2.490948463,Toulouse,France,8308.9184,1394.3262,3189.106543,2,1,0,3189.106543,2,907168.8272,21.83291609,4842.043732,0
52005,14.7590897,4.113518586,107282.2858,684022.5309,1.725073366,10.99891787,76.50435605,40.58650362,0,0.000895524,1.568569839,0.622665269,77765.81968,28838.12786,2.696632044,0.105222775,0.670586026,1.6906,2.361186026,Toulouse,France,7822.6623,716.0927,3847.784666,2,1,0,3847.784666,2,907168.8272,1.836413503,752.0472415,0
52008,14.09707572,3.413095781,842087.6568,920821.8634,19.12350826,20.91153382,83.32341866,42.56003765,0,0.000313166,1.541963115,0.681787463,76070.19836,29803.6749,2.552376464,0.207191068,0.762653413,1.5001,2.262753413,Toulouse,France,6683.46,579.1665,4017.623221,2,1,0,4017.623221,2,907168.8272,39.17682139,7713.387245,0.0055
52009,13.04608385,2.49104809,593827.5135,1419813.669,8.347284224,19.95796417,78.69296255,41.36418166,0,0.056958878,2,0.840536677,73355.24423,29134.53636,2.517810592,0.160751098,1.102117988,2.0698,3.171917988,Toulouse,France,9536.652,0,1348.543373,2,1,0,1348.543373,2,907168.8272,32.03521333,5935.426172,0.0072
52011,14.61179153,3.577845879,732506.7183,2177158.219,3.261632266,9.694231216,48.84928123,36.78647556,0,8.94E-06,2.504716488,1,60650.00203,26553.35973,2.284080156,0.082306531,0.564376004,1.7198,2.284176004,Toulouse,France,8607.9078,0,1332.684519,2,1,0,1332.684519,2,907168.8272,9.182067514,2869.207356,0
52013,17.22371854,6.209733456,198535.178,833579.8987,4.604421598,19.33235877,83.1859288,40.62633528,0,7.47E-07,1.24135672,0.566513772,70458.43502,27574.9039,2.555165206,0.133556452,0.704797531,1.4092,2.113997531,Toulouse,France,6600.3741,0,4172.810705,2,1,0,4172.810705,2,907168.8272,34.48376466,6783.914505,0
53001,14.24885054,5.111145036,591683.7688,1147644.829,9.561296137,18.54533223,85.56251649,39.83694524,0,5.03E-10,2.4275867,0.980328176,60203.52163,24749.67438,2.432497523,0.186912289,0.615017048,2.7251,3.340117048,Toulouse,France,12006.3271,1701.1959,4268.637853,2,1,0,4268.637853,1,907168.8272,27.13811065,5713.101179,0
53003,13.32754942,4.635263566,544644.8222,934331.3493,12.70203617,21.79018345,79.1723986,40.1615611,0,0.000424765,1.824960105,0.671247836,60052.32079,25277.42793,2.375729087,0.212039231,0.771014355,1.5041,2.275114355,Toulouse,France,7031.0301,1170.1067,4277.658525,2,1,0,4277.658525,1,907168.8272,25.30169715,4869.414047,0
53005,12.20441096,6.263823125,328195.9342,864424.5433,5.606859029,14.76772273,77.33272479,41.32327444,0,0.001354349,1.579354272,0.680736253,57642.04594,25075.44367,2.298744808,0.22121988,0.859832213,1.55,2.409832213,Toulouse,France,6391.4414,1223.7912,2906.686931,2,1,0,2906.686931,1,907168.8272,34.68781061,7047.504117,0
53011,15.71956892,4.007842925,270352.8745,813268.7467,5.754297751,17.3099344,91.24020247,38.96964525,0,4.24E-15,2.299175635,0.571319948,70405.18991,25794.08985,2.729508594,0.144359298,0.619631516,1.512,2.131631516,Toulouse,France,6308.8653,2651.3125,1035.944226,2,1,0,1035.944226,1,907168.8272,19.5884107,4546.462981,0
53013,15.57315943,2.420207502,192489.9327,698437.6345,3.900553687,14.15291414,85.75548711,41.30434678,0,0.000271004,1.898406554,0.693509829,73181.29053,26940.62155,2.716392063,0.141877159,0.683430094,1.4115,2.094930094,Toulouse,France,6770.8319,382.2039,2356.42123,2,1,0,2356.42123,2,907168.8272,9.998251293,3108.515704,0
53022,16.49835344,5.676412564,437983.3455,1201890.631,6.196482095,17.004057,79.54067662,38.70381214,0,2.48E-20,1.865202186,0.875429802,59538.55549,23899.55555,2.491199277,0.153217625,0.588712722,2.4614,3.050112722,Toulouse,France,11875.8699,0,6412.855948,2,1,0,6412.855948,1,907168.8272,7.549699956,2584.155171,0
54001,21.06007603,3.378662644,142895.0555,774263.0359,2.843798528,15.40884724,78.47225377,38.95542515,0,5.70E-05,2.058265835,0.670598479,59117.90562,23693.53075,2.495107472,0.158910305,0.647770164,2.5568,3.204570164,Toulouse,France,12227.1522,702.8437,5586.803487,2,1,0,5586.803487,1,907168.8272,15.71153775,3973.20855,0.0352
54003,18.33987073,0.942275329,1941686.049,2190207.194,23.02376938,25.97063792,41.56196103,34.96760098,0,0.037024472,1.284840778,0.505961042,42903.85652,19553.86658,2.194136712,0.171833278,0.580994158,1.1058,1.686794158,Toulouse,France,4422.8066,2546.1618,1784.161182,2,1,0,1784.161182,1,907168.8272,45.09415379,9195.952228,0.0119
54005,17.37021207,1.624048748,517449.4447,2336547.609,4.157748539,18.77435082,70.07108178,38.46228018,0,0.004551737,1.419725752,0.514158013,55180.23891,22618.93044,2.439560043,0.165939062,0.613398976,1.0174,1.630798976,Toulouse,France,4478.3238,697.2692,4358.435377,2,1,0,4358.435377,1,907168.8272,50.19530241,10322.6668,0.0106
54007,17.4459512,0.403720745,3025211.611,3343557.992,34.3771243,37.99466731,32.91542827,35.22936815,0,0.050506735,0.821917294,0.329680968,40342.94228,19404.27972,2.079074455,0.186940823,0.681782948,0.6541,1.335882948,Toulouse,France,3300.1561,339.4397,2255.889548,2,1,0,2255.889548,0,907168.8272,44.48201595,8068.992804,0.0136
54008,17.67538633,0.179631135,2823703.464,2823703.464,61.45634388,61.45634388,20.19647712,33.60925244,0,0.087620952,0.899859231,0.642821229,36982.59439,17488.26767,2.114708849,0.178445118,0.622112892,0.7063,1.328412892,Toulouse,France,2337.8823,2585.8188,2358.103497,2,1,0,2358.103497,0,907168.8272,56.31668075,9869.667456,0.0111
54009,18.40600257,0.616048734,2534322.176,2864836.262,41.26445942,46.64597139,34.09730289,36.00436569,0,0.033505313,0.861957403,0.518325152,41842.84816,19977.61686,2.094486468,0.188877065,0.57001057,1.4519,2.02191057,Toulouse,France,6319.6322,522.0134,2427.103066,2,1,0,2427.103066,1,907168.8272,63.66233476,11486.08413,0.0095
54010,19.92191383,2.122618888,461249.1684,1204130.82,9.856647002,25.73162892,61.11204602,38.79645657,0,0.000198094,1.271932269,0.608818174,53129.33123,23381.01567,2.272327771,0.177939048,0.540555524,1.2036,1.744155524,Toulouse,France,4584.0198,6121.8863,3302.360381,2,1,0,3302.360381,1,907168.8272,45.70629162,8477.577261,0.0502
54022,18.17355585,1.313289363,285642.5926,758273.501,5.628739599,14.94218367,68.05440787,42.57844206,0,0.000966696,1.424478848,0.927713936,58591.78997,25826.12812,2.268702056,0.220126924,0.624827815,0.8477,1.472527815,Toulouse,France,3601.2212,0,3831.203639,2,1,0,3831.203639,1,907168.8272,17.95604314,4120.590936,0
54024,20.59390688,3.060545845,160274.1447,735420.8179,3.854121383,17.68470582,84.0717946,41.37407552,0,3.27E-05,1.526890173,0.644478566,65063.78432,25619.70572,2.539599207,0.178675278,0.734135016,2.2358,2.969935016,Toulouse,France,11049.9223,266.4371,4758.66647,2,1,0,4758.66647,1,907168.8272,3.87687295,1473.029508,0
55001,11.85732797,10.16722287,388202.5088,993506.3732,6.14443077,15.72512024,84.08269769,40.2292396,0,0.000218388,1.534552589,0.544267259,70298.52559,26240.84991,2.678972893,0.123257483,0.58559566,1.2453,1.83089566,Toulouse,France,4748.4312,1348.7896,4617.934588,2,1,0,4617.934588,2,907168.8272,29.99475388,6431.90648,0
55002,13.09455494,11.63932642,260425.3219,808961.6909,5.791904236,17.99144803,93.79963194,40.48039982,0,1.15E-11,2.159045181,0.729668797,72379.02734,26874.83928,2.693189216,0.152542497,0.683612172,2.0283,2.711912172,Toulouse,France,8017.2703,2727.4623,3730.603509,2,1,0,3730.603509,2,907168.8272,13.26298641,3324.321837,0
55003,10.73607005,9.305411873,299246.4967,883113.9674,6.225565913,18.37242632,92.00599013,40.15043336,0,0.000505462,1.73401477,0.615393887,74574.30247,27003.3943,2.761664021,0.120550623,0.621009908,1.5551,2.176109908,Toulouse,France,6094.3294,1676.0629,2297.629694,2,1,0,2297.629694,2,907168.8272,17.13985936,3781.745506,0
55011,11.53150559,10.5596016,213537.1233,622208.8235,3.250457395,9.47124903,94.53407412,45.68954393,0,0.000476469,1.427654195,0.647049487,81452.43783,29334.51611,2.776675692,0.166447639,0.806901009,3.2564,4.063301009,Toulouse,France,13731.7994,2933.0426,3098.670423,2,1,0,3098.670423,2,907168.8272,3.672827005,1491.152053,0.0178
55014,9.617426035,8.369130861,363668.33,819589.2318,6.474966479,14.59245242,81.25420894,44.00796539,0,0.000915368,1.93693118,0.575229288,68635.85112,28192.76185,2.434520303,0.210326377,0.922538264,1.4201,2.342638264,Toulouse,France,5977.1947,1740.8756,2473.994111,2,1,0,2473.994111,2,907168.8272,16.32367558,3916.581107,0.0068
55017,13.02409912,9.231931255,654198.3075,1120681.047,10.38596694,17.79178603,83.51764721,39.5067031,0,4.79E-07,1.874907468,0.784370535,62082.06053,25182.77057,2.465259346,0.167804915,0.716302071,1.3957,2.112002071,Toulouse,France,5886.7916,486.8925,4260.483948,2,1,0,4260.483948,1,907168.8272,24.07742148,5730.841546,0
56001,9.088303674,8.630884784,820497.479,1580372.476,4.87181576,9.383677257,83.18908048,48.80571988,0,0.059919697,2.483658382,0.800963844,79030.71236,30754.15004,2.569757651,0.194531708,0.808880444,2.2631,3.071980444,Toulouse,France,9570.2068,610.1995,2322.439994,2,1,0,2322.439994,2,907168.8272,9.794205348,2315.429518,0
56002,11.03942051,10.55538055,166175.6293,750703.7285,3.211445284,14.50780695,90.42041114,42.99858206,0,0.009779694,1.515336787,0.70471958,73515.59624,27635.97724,2.660141004,0.163832806,0.760930273,1.6338,2.394730273,Toulouse,France,6602.6369,1624.7844,5413.806074,2,1,0,5413.806074,2,907168.8272,23.2612377,4990.542862,0
56003,10.22069191,10.23593369,152081.969,646142.998,2.238338022,9.509913959,97.71790682,46.9492493,0,0.02869289,1.915506972,0.704897239,77513.13944,28652.77554,2.705257622,0.202405831,0.957090272,1.6932,2.650290272,Toulouse,France,5978.2527,2840.3392,1315.59058,2,1,0,1315.59058,2,907168.8272,12.24275668,3060.516956,0
56004,8.028663119,8.296328116,772465.1696,1403331.599,8.28974088,15.05990922,73.50176263,41.72145522,0,0.202543334,1.617923539,0.603122235,68285.07041,27779.06336,2.458148769,0.169091187,0.776540459,1.5327,2.309240459,Toulouse,France,6387.7063,1780.7453,4400.93918,2,1,0,4400.93918,2,907168.8272,22.44505392,5152.308242,0
